1413393891455760384,-0.12253,0.77761,0.31574,0.27484,0.63828,-0.17765,0.69678,
1413393891555760384,-0.16870,0.86320,0.30244,0.26784,0.61539,-0.16133,0.72355,
1413393891655760640,-0.30885,0.93736,0.28731,0.23478,0.62303,-0.13189,0.73438,
1413393891755760384,-0.46957,1.01312,0.27632,0.20434,0.63217,-0.10770,0.73960,
1413393891855760640,-0.75190,1.01787,0.27646,0.13439,0.65369,-0.04926,0.74310,
1413393891955760384,-0.95415,1.12224,0.27607,0.12894,0.67923,-0.04808,0.72091,
1413393892055760384,-1.18367,1.21569,0.27988,0.12053,0.71504,-0.04685,0.68702,
1413393892155760640,-1.40944,1.32549,0.28929,0.11971,0.73756,-0.04899,0.66278,
1413393892255760384,-1.65709,1.40955,0.29983,0.11412,0.74908,-0.04137,0.65126,
1413393892355760640,-2.04289,1.14424,0.31079,0.04087,0.76266,0.04571,0.64389,
1413393892455760384,-2.31349,1.20007,0.30305,0.03946,0.76563,0.05117,0.64003,
1413393892555760384,-2.56308,1.32923,0.28686,0.05412,0.76620,0.03223,0.63951,
1413393892655760640,-2.83418,1.31991,0.26402,0.04262,0.77606,0.04756,0.62742,
1413393892755760384,-3.10629,1.34947,0.23516,0.04060,0.79162,0.05343,0.60732,
1413393892855760640,-3.35795,1.37680,0.21019,0.03684,0.80770,0.06475,0.58487,
1413393892955760384,-3.58986,1.48367,0.18792,0.04244,0.82019,0.05713,0.56765,
1413393893055760384,-3.78707,1.61403,0.18400,0.05051,0.82628,0.04959,0.55879,
1413393893155760640,-3.93529,1.73705,0.19097,0.05218,0.82515,0.04732,0.56051,
1413393893255760384,-4.03613,1.86836,0.20952,0.05445,0.81848,0.04796,0.56994,
1413393893355760640,-4.23537,2.00593,0.24810,0.05844,0.81349,0.03221,0.57774,
1413393893455760384,-4.35776,2.10791,0.27138,0.04687,0.80987,0.02743,0.58409,
1413393893555760384,-4.47200,2.21995,0.29507,0.03805,0.80824,0.02332,0.58716,
1413393893655760640,-4.57430,2.33015,0.32011,0.02971,0.80721,0.01971,0.58919,
1413393893755760384,-4.52011,2.47547,0.50700,0.04945,0.81986,0.01081,0.57032,
1413393893855760640,-4.72682,2.63652,0.45021,0.04044,0.79893,0.00560,0.60004,
1413393893955760384,-4.74684,2.70250,0.51110,0.03765,0.78907,0.01437,0.61298,
1413393894055760384,-4.72885,2.82147,0.56584,0.04152,0.78169,0.01690,0.62206,
1413393894155760640,-4.85788,2.91283,0.61598,0.04153,0.77705,0.01632,0.62786,
1413393894255760384,-5.00155,3.01375,0.64476,0.03769,0.77360,0.01508,0.63237,
1413393894355760640,-4.96073,3.10806,0.71534,0.03717,0.77640,0.01479,0.62897,
1413393894455760384,-5.07706,3.23159,0.70256,0.03795,0.77152,0.01640,0.63486,
1413393894555760384,-5.32596,3.32860,0.72244,0.04495,0.76841,0.01794,0.63813,
1413393894655760640,-5.36771,3.35619,0.71641,0.04302,0.76562,0.02523,0.64135,
1413393894755760384,-5.47887,3.40695,0.71041,0.04387,0.76307,0.02873,0.64419,
1413393894855760640,-5.72275,3.06913,0.61667,-0.00451,0.75268,0.05900,0.65572,
1413393894955760384,-5.83054,3.17328,0.66780,0.00669,0.75251,0.05681,0.65609,
1413393895055760384,-5.79748,3.01371,0.52247,-0.03871,0.73338,0.08855,0.67292,
1413393895155760640,-5.89327,3.03533,0.52465,-0.03858,0.73560,0.09370,0.66979,
1413393895255760384,-5.90843,3.05617,0.47464,-0.04511,0.73618,0.10005,0.66782,
1413393895355760640,-6.10079,3.14466,0.50684,-0.02658,0.73791,0.08793,0.66861,
1413393895455760384,-6.35230,3.23152,0.54374,-0.00391,0.73763,0.07192,0.67136,
1413393895555760384,-6.51023,3.36244,0.60826,0.02006,0.74145,0.05340,0.66858,
1413393895655760640,-6.69263,3.34136,0.58464,0.02355,0.74025,0.04289,0.67055,
1413393895755760384,-6.80377,3.52922,0.58468,0.04219,0.73668,0.02553,0.67444,
1413393895855760640,-6.94771,3.58390,0.54055,0.05076,0.73036,0.00659,0.68114,
1413393895955760384,-7.18697,3.65097,0.55198,0.06851,0.72867,-0.01919,0.68115,
1413393896055760384,-7.31640,3.84522,0.58041,0.10003,0.72828,-0.05244,0.67590,
1413393896155760640,-7.61598,3.92726,0.63842,0.13309,0.72174,-0.09122,0.67309,
1413393896255760384,-7.92707,3.96103,0.64304,0.16006,0.70694,-0.12783,0.67696,
1413393896355760640,-8.11452,4.16777,0.66388,0.18604,0.69303,-0.15731,0.67849,
1413393896455760384,-8.47794,4.23592,0.69284,0.20275,0.67345,-0.20350,0.68114,
1413393896555760384,-8.84487,4.30053,0.71313,0.20660,0.66205,-0.25139,0.67514,
1413393896655760640,-9.21589,4.40992,0.75235,0.21331,0.65427,-0.29717,0.66191,
1413393896755760384,-9.60196,4.54083,0.79449,0.21865,0.64298,-0.34342,0.64872,
1413393896855760640,-10.06307,4.60358,0.80230,0.22063,0.62816,-0.39128,0.63532,
1413393896955760384,-10.52544,4.58408,0.80975,0.21685,0.62472,-0.43070,0.61417,
1413393897055760384,-11.04360,4.48277,0.79496,0.22117,0.64094,-0.45343,0.57851,
1413393897155760640,-11.56542,4.49487,0.80618,0.25083,0.66135,-0.45169,0.54376,
1413393897255760384,-12.10573,4.59579,0.80588,0.30276,0.66052,-0.44473,0.52370,
1413393897355760640,-12.67688,4.59505,0.80688,0.34643,0.65209,-0.42315,0.52508,
1413393897455760384,-13.26155,4.16247,0.75782,0.33551,0.64642,-0.40616,0.55191,
1413393897555760384,-13.86768,4.49359,0.78298,0.34877,0.62515,-0.42134,0.55679,
1413393897655760640,-14.44372,4.44086,0.77440,0.33585,0.62352,-0.42219,0.56584,
1413393897755760384,-15.12131,4.43519,0.74315,0.33094,0.62463,-0.42258,0.56722,
1413393897855760640,-15.73518,4.31164,0.74817,0.32924,0.62717,-0.42025,0.56713,
1413393897955760384,-16.44050,4.49206,0.77283,0.34562,0.62408,-0.42473,0.55738,
1413393898055760384,-17.08118,4.38430,0.76784,0.36015,0.61945,-0.42936,0.54974,
1413393898155760640,-17.77068,4.37811,0.77301,0.38556,0.59684,-0.43726,0.55130,
1413393898255760384,-18.50673,4.62072,0.80224,0.41511,0.55357,-0.45300,0.56217,
1413393898355760640,-19.26034,4.59162,0.78593,0.42167,0.51489,-0.45887,0.58867,
1413393898455760384,-19.99622,4.46552,0.78324,0.41655,0.47789,-0.45941,0.62214,
1413393898555760384,-20.77631,4.49113,0.77910,0.39531,0.46095,-0.47504,0.63686,
1413393898655760640,-21.59707,4.33120,0.71649,0.34850,0.48847,-0.50332,0.62178,
1413393898755760384,-22.39681,3.71278,0.62415,0.28582,0.53814,-0.52428,0.59485,
1413393898855760640,-23.32720,4.00077,0.57792,0.26027,0.56856,-0.56208,0.54136,
1413393898955760384,-24.30376,4.02780,0.51259,0.23773,0.59572,-0.58153,0.50042,
1413393899055760384,-25.32002,4.83240,0.50885,-0.26307,-0.59528,0.60683,-0.45628,
1413393899155760640,-26.39434,4.70404,0.47873,0.30248,0.60347,-0.57669,0.46017,
1413393899255760384,-27.47768,4.69234,0.45718,0.36712,0.56819,-0.53849,0.50242,
1413393899355760640,-28.55612,4.69883,0.42582,0.42098,0.51230,-0.50077,0.55638,
1413393899455760384,-29.67950,4.71823,0.40105,0.44849,0.46728,-0.47037,0.59939,
1413393899555760384,-30.88239,4.73729,0.35103,0.45536,0.42668,-0.44750,0.64057,
1413393899655760640,-32.08873,4.62423,0.25399,0.43884,0.40861,-0.44553,0.66480,
1413393899755760384,-33.28889,4.91770,0.22966,0.40077,0.43306,-0.46913,0.65709,
1413393899855760640,-34.56253,5.07045,0.15035,0.34340,0.47713,-0.50700,0.63038,
1413393899955760384,-35.81520,5.45054,0.09664,0.28281,0.52736,-0.55098,0.58167,
1413393900055760384,-37.19937,5.70918,0.00444,-0.23990,-0.56193,0.58270,-0.53586,
1413393900155760640,-38.52047,6.72147,0.00001,-0.24331,-0.57516,0.60472,-0.49428,
1413393900255760384,-40.01995,6.56004,-0.20735,-0.25371,-0.58972,0.60827,-0.46676,
1413393900355760640,-41.54422,6.59177,-0.25533,0.28839,0.61312,-0.57937,0.45304,
1413393900455760384,-42.97385,6.69821,-0.50965,0.34612,0.58415,-0.57352,0.45830,
1413393900555760384,-44.40981,6.69467,-0.75913,-0.40000,-0.54460,0.55874,-0.48086,
1413393900655760640,-45.93995,6.80875,-0.91796,-0.44654,-0.50316,0.52474,-0.52161,
1413393900755760384,-47.40789,7.13257,-1.01832,0.47453,0.46671,-0.49393,0.55950,
1413393900855760640,-48.92968,7.60311,-1.12566,0.47557,0.44493,-0.48549,0.58325,
1413393900955760384,-50.58973,7.84427,-1.29970,0.44464,0.45088,-0.50270,0.58846,
1413393901055760384,-52.23642,8.09813,-1.47756,0.39911,0.47189,-0.53321,0.57769,
1413393901155760640,-53.79799,8.65012,-1.60491,-0.36682,-0.50903,0.56233,-0.53862,
1413393901255760384,-55.39852,9.77845,-1.65122,-0.35775,-0.54338,0.58035,-0.48984,
1413393901355760640,-56.70767,11.65065,-1.59071,-0.36632,-0.55647,0.59641,-0.44770,
1413393901455760384,-59.01644,9.60031,-1.98604,0.32801,0.59513,-0.57755,0.45240,
1413393901555760384,-60.67566,10.49566,-2.13372,-0.33960,-0.59176,0.59192,-0.42910,
1413393901655760640,-62.33192,11.35911,-2.40115,-0.37007,-0.56950,0.60588,-0.41429,
1413393901755760384,-64.11484,11.76993,-2.56741,-0.40967,-0.55370,0.58472,-0.42859,
1413393901855760640,-65.91911,12.12230,-2.67018,-0.43438,-0.53490,0.56194,-0.45762,
1413393901955760384,-67.75129,12.50633,-2.79736,-0.43595,-0.52305,0.55852,-0.47373,
1413393902055760384,-69.73785,12.66831,-2.98850,-0.43023,-0.52027,0.55916,-0.48120,
1413393902155760640,-71.51700,13.21125,-3.10647,-0.43285,-0.51824,0.56116,-0.47872,
1413393902255760384,-73.40593,13.43400,-3.25770,-0.43288,-0.51891,0.56095,-0.47820,
1413393902355760640,-75.31909,13.75807,-3.41093,-0.43395,-0.51917,0.56059,-0.47737,
1413393902455760384,-77.30943,13.92993,-3.60381,-0.43675,-0.51711,0.55720,-0.48102,
1413393902555760384,-79.11685,14.89417,-3.67700,-0.44599,-0.51134,0.55675,-0.47922,
1413393902655760640,-81.06882,15.12139,-3.84679,-0.44326,-0.51260,0.55714,-0.47994,
1413393902755760384,-83.03014,15.30368,-4.00533,-0.43903,-0.51433,0.55865,-0.48024,
1413393902855760640,-84.85255,16.85223,-4.04303,-0.43421,-0.50316,0.57404,-0.47830,
1413393902955760384,-86.76898,17.70037,-4.13012,-0.40971,-0.49923,0.59167,-0.48253,
1413393903055760384,-88.92734,17.51950,-4.33190,-0.38298,-0.50069,0.59996,-0.49263,
1413393903155760640,-91.04451,17.71803,-4.47659,-0.38574,-0.49897,0.59630,-0.49665,
1413393903255760384,-92.86776,19.65190,-4.48592,-0.41575,-0.48476,0.59512,-0.48784,
1413393903355760640,-95.24064,18.96117,-4.72285,-0.41796,-0.48724,0.58820,-0.49186,
1413393903455760384,-97.30326,19.85826,-4.85626,-0.43358,-0.46634,0.60269,-0.48094,
1413393903555760384,-99.09024,21.84215,-4.89962,-0.45444,-0.42891,0.62671,-0.46556,
1413393903655760640,-101.33182,22.40007,-5.08556,-0.46358,-0.39632,0.63795,-0.47015,
1413393903755760384,-103.73771,22.10821,-5.37185,-0.46315,-0.37129,0.65012,-0.47432,
1413393903855760640,-105.65876,23.99417,-5.41552,-0.46986,-0.34378,0.66635,-0.46585,
1413393903955760384,-107.81582,25.18081,-5.54707,-0.46463,-0.32630,0.67856,-0.46605,
1413393904055760384,-110.55657,24.47804,-5.94424,-0.45009,-0.32318,0.68707,-0.47001,
1413393904155760640,-113.07661,24.31613,-6.29005,-0.44923,-0.32547,0.69239,-0.46136,
1413393904255760384,-115.26803,26.16648,-6.39068,-0.46084,-0.32917,0.69327,-0.44570,
1413393904355760640,-117.91493,26.31887,-6.70698,-0.46168,-0.33587,0.69116,-0.44311,
1413393904455760384,-120.81400,25.49631,-7.20137,-0.45573,-0.33446,0.69688,-0.44136,
1413393904555760384,-123.17024,26.38716,-7.40354,-0.46632,-0.32670,0.70312,-0.42595,
1413393904655760640,-125.98052,26.23343,-7.82846,-0.46769,-0.33177,0.71972,-0.39140,
1413393904755760384,-128.68383,25.67311,-8.34747,-0.46099,-0.32738,0.74800,-0.34757,
1413393904855760640,-131.35240,26.10790,-8.68126,-0.46108,-0.31955,0.76511,-0.31607,
1413393904955760384,-133.83983,28.18436,-8.69778,-0.48232,-0.30889,0.76178,-0.30273,
1413393905055760384,-136.49580,29.42982,-8.86664,0.50865,0.28375,-0.75662,0.29713,
1413393905155760640,-139.17709,30.45460,-9.10100,0.52645,0.25498,-0.75826,0.28789,
1413393905255760384,-141.98354,30.87848,-9.49873,0.53235,0.22213,-0.76728,0.28025,
1413393905355760640,-141.55030,24.80186,-10.72910,0.54177,0.15115,-0.79911,0.21231,
1413393905455760384,-143.04828,26.57326,-11.05472,0.55913,0.12458,-0.79505,0.19937,
1413393905555760384,-146.29518,25.67935,-11.52512,0.54310,0.09914,-0.81095,0.19386,
1413393905655760640,-150.83946,22.47576,-12.16826,0.50193,0.07551,-0.83998,0.19181,
1413393905755760384,-151.23856,20.34175,-12.80157,0.51646,0.02333,-0.84128,0.15802,
1413393905855760640,-156.20987,22.58847,-13.09418,-0.49478,-0.00455,0.85041,-0.17883,
1413393905955760384,-158.29374,20.12657,-13.71650,-0.47467,0.03428,0.86647,-0.15081,
1413393906055760384,-162.81744,24.15427,-13.87160,-0.46338,0.02273,0.86973,-0.16832,
1413393906155760640,-166.19056,25.80676,-14.17034,-0.47209,0.01033,0.86902,-0.14777,
1413393906255760384,-168.76736,22.36189,-15.13384,-0.48213,0.03795,0.87228,-0.07237,
1413393906355760640,-172.14458,25.86624,-15.19982,0.51030,-0.01780,-0.85629,0.07773,
1413393906455760384,-174.36584,24.94677,-15.83889,0.52285,-0.03169,-0.85023,0.05220,
1413393906555760384,-177.53094,24.40851,-16.42731,0.52011,-0.05531,-0.85172,0.03174,
1413393906655760640,-181.41729,25.81179,-16.95289,0.52102,-0.07108,-0.84929,0.04680,
1413393906755760384,-184.48065,25.52826,-17.61542,0.52118,-0.09980,-0.84576,0.05560,
1413393906855760640,-186.65062,24.90106,-18.21296,0.53376,-0.11397,-0.83566,0.06150,
1413393907055760384,-194.50876,31.15721,-18.67805,0.54087,-0.09973,-0.83111,0.08231,
1413393907155760640,-196.86714,27.99323,-19.86386,0.53975,-0.09636,-0.83536,0.03953,
1413393907255760384,-195.60519,28.22649,-19.93929,0.56824,-0.05945,-0.82014,0.03085,
1413393907355760640,-195.86840,31.04548,-19.77950,0.58565,-0.01498,-0.81013,0.02180,
1413393907455760384,-205.62899,34.42540,-20.31230,0.52861,-0.03181,-0.84803,0.02015,
1413393907555760384,-206.33549,28.97224,-22.11305,0.54260,-0.06580,-0.83741,0.00080,
1413393907655760640,-207.87302,23.53695,-23.22360,0.53892,-0.10141,-0.83613,-0.01305,
1413393907755760384,-213.07155,26.36001,-23.49852,0.51685,-0.12601,-0.84663,-0.01454,
1413393907855760640,-217.46738,25.33900,-24.18932,0.50153,-0.15846,-0.84933,-0.04459,
1413393908055760384,-225.53926,33.95436,-24.90230,0.52760,-0.10182,-0.84302,0.02446,
1413393908155760640,-229.37502,30.69535,-26.35156,0.51325,-0.12389,-0.84907,-0.01751,
1413393908255760384,-226.61854,26.32255,-26.82581,0.54644,-0.10821,-0.83016,-0.02304,
1413393908455760384,-238.35403,37.30995,-26.84500,0.53532,-0.08102,-0.84009,0.03353,
1413393908555760384,-243.56429,33.90283,-28.71344,0.51611,-0.10595,-0.84994,-0.00145,
1413393908655760640,-238.48641,24.48248,-29.76286,0.54973,-0.12053,-0.82617,-0.02664,
1413393908755760384,-241.23180,28.27286,-29.84455,0.55562,-0.11956,-0.82198,0.03659,
1413393908855760640,-250.89525,37.09576,-30.25190,0.53476,-0.14777,-0.82994,0.05835,
1413393908955760384,-254.60921,37.88284,-31.10762,0.54345,-0.13494,-0.82777,0.03526,
1413393909055760384,-252.52769,34.34536,-31.85577,0.58248,-0.07957,-0.80846,0.02799,
1413393909155760640,-256.82656,37.79928,-31.87637,0.55932,-0.07706,-0.82524,0.01436,
1413393909255760384,-260.53115,40.27506,-32.25713,0.55301,-0.07447,-0.82976,0.01114,
1413393909355760640,-265.46213,41.83379,-32.91959,0.53805,-0.09395,-0.83753,-0.01494,
1413393909555760384,-275.47143,47.19450,-34.20175,0.51671,-0.10166,-0.85004,-0.01046,
1413393909655760640,-279.67796,45.25546,-35.83460,0.50945,-0.10893,-0.85317,-0.02621,
1413393909755760384,-282.73401,45.35629,-36.72177,-0.49964,0.10307,0.85981,0.02137,
1413393909855760640,-285.01225,43.27863,-37.67686,0.50109,-0.09376,-0.86005,-0.02073,
1413393909955760384,-287.68201,45.42685,-37.74393,-0.48434,0.10032,0.86884,0.02147,
1413393910055760384,-281.16178,37.39907,-37.90666,0.52198,-0.07590,-0.84931,-0.02126,
1413393910155760640,-291.42975,41.36712,-39.20901,-0.48389,0.08857,0.87056,0.01192,
1413393910255760384,-294.48921,41.70337,-39.92730,-0.47995,0.09543,0.87195,0.01584,
1413393910355760640,-304.83775,44.47921,-41.38983,-0.42426,0.13062,0.89554,0.03089,
1413393910455760384,-309.52413,40.86294,-42.63275,-0.40167,0.18127,0.89557,0.06124,
1413393910555760384,-314.55906,45.81480,-43.24823,-0.39746,0.17043,0.90138,0.02207,
1413393910655760640,-320.01238,43.84390,-44.24412,-0.38926,0.18734,0.90086,0.04284,
1413393910755760384,-324.62930,45.93295,-45.08641,-0.40818,0.18046,0.89440,0.02941,
1413393910855760640,-329.07913,47.16072,-46.03502,-0.42755,0.16796,0.88791,0.02457,
1413393910955760384,-333.49736,48.27517,-46.94033,-0.45059,0.15238,0.87931,0.02378,
1413393911055760384,-337.93290,48.53549,-47.94293,-0.47517,0.13825,0.86856,0.02645,
1413393911155760640,-342.64099,50.17524,-48.83639,-0.48698,0.12565,0.86417,0.01630,
1413393911255760384,-346.73528,53.65854,-49.63171,0.50378,-0.10722,-0.85715,0.00210,
1413393911355760640,-351.71530,53.38481,-50.69277,0.51100,-0.10483,-0.85311,-0.00967,
1413393911455760384,-355.83086,55.95079,-51.52424,0.53646,-0.09314,-0.83873,-0.00838,
1413393911555760384,-360.63347,58.65794,-52.28959,0.54067,-0.09024,-0.83631,-0.01060,
1413393911655760640,-365.07299,60.21912,-53.22843,0.55432,-0.08758,-0.82755,-0.01491,
1413393911755760384,-370.25278,61.57843,-54.15761,0.54287,-0.09412,-0.83422,-0.02261,
1413393911855760640,-375.59553,62.40099,-55.20973,0.51665,-0.10271,-0.84946,-0.03057,
1413393911955760384,-380.67447,63.94846,-56.16231,-0.48853,0.12243,0.86382,0.01314,
1413393912055760384,-385.26878,65.81191,-57.05342,-0.45756,0.13800,0.87836,-0.00942,
1413393912155760640,-390.08724,67.38244,-57.90517,-0.43124,0.15006,0.88949,-0.01800,
1413393912255760384,-395.49140,67.29131,-59.00967,-0.41090,0.17004,0.89568,-0.00131,
1413393912355760640,-400.12429,70.52251,-59.77711,-0.41573,0.15302,0.89625,-0.02230,
1413393912455760384,-405.09543,72.05556,-60.71478,-0.43681,0.15499,0.88598,-0.01450,
1413393912555760384,-409.24317,75.03424,-61.17063,-0.46982,0.14034,0.87125,-0.02225,
1413393912655760640,-414.02289,76.64570,-61.99508,-0.48829,0.13938,0.86139,-0.01265,
1413393912755760384,-420.36028,76.25152,-63.47183,-0.49383,0.15101,0.85612,0.01961,
1413393912855760640,-423.65203,82.00625,-63.63356,0.51788,-0.12353,-0.84647,0.00596,
1413393912955760384,-428.21961,83.31698,-64.45400,0.52248,-0.13024,-0.84257,-0.01110,
1413393913055760384,-432.35905,86.17021,-64.94736,0.52323,-0.14926,-0.83890,-0.01365,
1413393913155760640,-436.11828,88.96401,-65.38357,0.53236,-0.17535,-0.82798,-0.01716,
1413393913255760384,-439.97734,91.38159,-65.85850,0.54042,-0.20640,-0.81528,-0.02583,
1413393913355760640,-443.76119,94.12073,-66.36267,0.53817,-0.23660,-0.80817,-0.03544,
1413393913455760384,-449.36047,95.50994,-67.65489,0.53265,-0.27423,-0.79885,-0.05410,
1413393913555760384,-454.83638,97.53639,-68.81022,0.52628,-0.31093,-0.78691,-0.08438,
1413393913655760640,-458.69029,100.79540,-69.30620,0.53444,-0.33160,-0.76979,-0.10881,
1413393913755760384,-460.50765,104.75982,-68.69153,0.53496,-0.35256,-0.75534,-0.13779,
1413393913855760640,-462.34098,107.51861,-68.69247,0.55901,-0.35773,-0.73489,-0.13956,
1413393913955760384,-467.02852,109.14490,-69.19945,0.52718,-0.40218,-0.72199,-0.19763,
1413393914055760384,-475.80236,109.93406,-71.94499,0.50302,-0.43024,-0.70294,-0.26027,
1413393914155760640,-476.45937,115.44451,-70.97289,0.50586,-0.41978,-0.70765,-0.25909,
1413393914255760384,-474.58689,117.80226,-70.37535,0.54723,-0.37107,-0.72332,-0.19916,
1413393914355760640,-474.18006,123.79750,-68.85470,0.50871,-0.39881,-0.73292,-0.21210,
1413393914455760384,-471.72090,125.19826,-66.02849,0.50699,-0.41564,-0.71937,-0.22959,
1413393914555760384,-471.15240,127.75911,-63.92556,0.50218,-0.43629,-0.70994,-0.23119,
1413393914655760640,-470.82174,132.07338,-64.28325,0.51880,-0.43407,-0.70452,-0.21466,
1413393914755760384,-465.97976,134.58148,-58.93593,0.51376,-0.46054,-0.68948,-0.22041,
1413393914855760640,-472.73271,131.68557,-59.46449,-0.45429,0.54294,0.64574,0.28610,
1413393914955760384,-471.03903,138.36928,-57.62064,-0.48169,0.50249,0.67509,0.24441,
1413393915055760384,-489.78375,136.39856,-65.85774,-0.31662,0.64613,0.56254,0.40721,
1413393915155760640,-500.13023,143.06989,-69.89451,-0.26864,0.66647,0.54402,0.43324,
1413393915255760384,-507.65129,147.54992,-72.17659,-0.24990,0.67071,0.54365,0.43834,
1413393915355760640,-501.63589,152.90923,-68.68842,-0.32189,0.62536,0.60336,0.37585,
1413393915455760384,-494.72147,154.97177,-68.04527,-0.44921,0.51230,0.67252,0.28892,
1413393915555760384,-489.48204,158.56960,-65.16287,-0.46369,0.48468,0.68188,0.29173,
1413393915655760640,-497.69368,160.73276,-66.93687,-0.45233,0.49634,0.67663,0.30204,
1413393915755760384,-489.72306,163.06481,-59.74686,-0.45706,0.48855,0.67619,0.30851,
1413393915855760640,-492.12583,163.14384,-58.10044,-0.44148,0.49404,0.67333,0.32811,
1413393915955760384,-494.38398,167.50098,-58.47454,-0.44897,0.48315,0.68085,0.31850,
1413393916055760384,-500.99996,163.46750,-59.09677,-0.40643,0.50597,0.66070,0.37721,
1413393916155760640,-516.27583,165.12793,-64.69476,-0.36194,0.52564,0.64333,0.42288,
1413393916255760384,-528.42285,170.13323,-69.01489,-0.33401,0.54563,0.62563,0.44644,
1413393916355760640,-536.13088,175.30370,-71.32829,-0.32284,0.56792,0.60859,0.45040,
1413393916455760384,-542.01990,179.74008,-72.74441,-0.31242,0.58955,0.59279,0.45103,
1413393916555760384,-547.86555,182.97548,-74.07982,-0.29532,0.61293,0.56919,0.46166,
1413393916655760640,-553.34382,186.31758,-75.23750,-0.27045,0.63798,0.54534,0.47164,
1413393916755760384,-558.49092,189.56925,-76.28389,-0.24395,0.66432,0.51734,0.48117,
1413393916855760640,-563.65525,192.78236,-77.30353,-0.22206,0.68351,0.48374,0.49951,
1413393916955760384,-568.50550,196.22705,-78.23052,-0.20889,0.70088,0.44670,0.51535,
1413393917055760384,-573.66769,199.46649,-79.22706,-0.20242,0.71770,0.39841,0.53405,
1413393917155760640,-578.86732,202.50053,-80.28290,-0.19151,0.73149,0.35264,0.55127,
1413393917255760384,-583.99450,205.80364,-81.29810,-0.17602,0.74506,0.31114,0.56311,
1413393917355760640,-589.07535,209.01845,-82.31595,-0.15203,0.76156,0.27457,0.56703,
1413393917455760384,-594.18621,212.33322,-83.34708,-0.12830,0.77617,0.23466,0.57100,
1413393917555760384,-599.22430,215.61120,-84.36419,-0.10147,0.78856,0.19240,0.57521,
1413393917655760640,-604.24894,218.89178,-85.39098,-0.06556,0.79722,0.15276,0.58035,
1413393917755760384,-609.26079,222.17460,-86.42568,-0.02688,0.79710,0.11404,0.59237,
1413393917855760640,-614.26259,225.46043,-87.46207,0.00640,0.78762,0.07343,0.61174,
1413393917955760384,-619.25850,228.74862,-88.49817,0.02915,0.78119,0.02711,0.62303,
1413393918055760384,-624.25104,232.03682,-89.53231,0.04789,0.77593,-0.01980,0.62869,
1413393918155760640,-629.24324,235.32216,-90.56514,0.06646,0.77155,-0.06492,0.62935,
1413393918255760384,-634.23526,238.60193,-91.59712,0.08361,0.76750,-0.10949,0.62608,
1413393918355760640,-639.22807,241.87269,-92.62731,0.10200,0.76048,-0.15258,0.62289,
1413393918455760384,-644.22389,245.13261,-93.65609,0.12405,0.75174,-0.19396,0.61796,
1413393918555760384,-649.22412,248.37976,-94.68312,0.14630,0.74012,-0.23739,0.61193,
1413393918655760640,-654.23135,251.61300,-95.70826,0.17492,0.72048,-0.27964,0.61002,
1413393918755760384,-659.24863,254.83302,-96.73442,0.19952,0.69451,-0.32658,0.60926,
1413393918855760640,-664.28101,258.04027,-97.76285,0.22092,0.65985,-0.37807,0.61062,
1413393918955760384,-669.33473,261.23627,-98.79314,0.25824,0.61881,-0.42234,0.60993,
1413393919055760384,-674.41444,264.42577,-99.82652,0.30203,0.57965,-0.46198,0.59947,
1413393919155760640,-679.52135,267.61344,-100.86392,0.33996,0.54202,-0.50101,0.58278,
1413393919255760384,-684.65683,270.80439,-101.90477,0.37301,0.49973,-0.53644,0.56866,
1413393919355760640,-689.82183,274.00297,-102.95212,-0.40372,-0.45215,0.56514,-0.55963,
1413393919455760384,-695.01518,277.21371,-104.01466,-0.41983,-0.40966,0.59222,-0.55245,
1413393919555760384,-700.24034,280.43684,-105.09264,-0.42444,-0.38066,0.62011,-0.53890,
1413393919655760640,-705.49941,283.67534,-106.18620,-0.43126,-0.35875,0.64225,-0.52233,
1413393919755760384,-710.79346,286.92778,-107.29126,-0.45026,-0.34630,0.64974,-0.50516,
1413393919855760640,-715.45039,290.36128,-108.39195,-0.48537,-0.34198,0.64734,-0.47793,
1413393919955760384,-718.56905,295.84600,-109.31340,0.51480,0.34505,-0.64308,0.44984,
1413393920055760384,-724.01922,298.55983,-110.33816,0.51621,0.35613,-0.64680,0.43399,
1413393920155760640,-727.35777,303.50720,-111.31070,0.51954,0.36360,-0.64764,0.42241,
1413393920255760384,-733.54160,306.03685,-112.43298,0.51348,0.36694,-0.65289,0.41885,
1413393920355760640,-736.74617,311.03181,-113.34809,0.51202,0.38186,-0.64452,0.42025,
1413393920455760384,-742.43908,313.70842,-114.47681,-0.49890,-0.38620,0.65950,-0.40867,
1413393920555760384,-746.64459,317.98452,-115.47531,-0.48861,-0.40035,0.66201,-0.40339,
1413393920655760640,-752.22277,321.21890,-116.57647,-0.48178,-0.40580,0.66645,-0.39881,
1413393920755760384,-756.30559,325.43982,-117.55759,-0.48176,-0.41684,0.65951,-0.39898,
1413393920855760640,-760.82193,329.19762,-118.41704,-0.48025,-0.42505,0.65444,-0.40049,
1413393920955760384,-766.70258,332.28009,-119.60371,-0.47418,-0.42628,0.66511,-0.38867,
1413393921055760384,-772.20357,335.80630,-120.78873,-0.46029,-0.43833,0.67306,-0.37815,
1413393921155760640,-777.31491,339.49778,-121.96955,-0.45041,-0.44492,0.68186,-0.36640,
1413393921255760384,-781.33406,344.14400,-122.82738,-0.44755,-0.45805,0.67609,-0.36441,
1413393921355760640,-787.38747,346.62053,-123.93225,-0.44165,-0.45680,0.68191,-0.36232,
1413393921455760384,-793.68129,349.31133,-125.13671,-0.44224,-0.45255,0.67891,-0.37243,
1413393921555760384,-800.02296,351.85534,-126.40093,-0.45292,-0.44241,0.67070,-0.38639,
1413393921655760640,-805.90891,355.11799,-127.58733,-0.46271,-0.43590,0.66170,-0.39755,
1413393921755760384,-812.22906,357.56207,-128.81387,-0.46556,-0.43184,0.65931,-0.40259,
1413393921855760640,-817.86757,360.78464,-129.95657,-0.47234,-0.42737,0.65535,-0.40591,
1413393921955760384,-824.00704,363.61571,-131.17355,-0.48361,-0.41903,0.64766,-0.41360,
1413393922055760384,-829.73913,366.79902,-132.33336,-0.48602,-0.41626,0.64707,-0.41450,
1413393922155760640,-836.18947,369.37297,-133.59633,-0.47473,-0.42290,0.65477,-0.40874,
1413393922255760384,-842.32121,372.30411,-134.86466,-0.45295,-0.43527,0.67152,-0.39298,
1413393922355760640,-848.32563,375.35556,-136.08155,-0.43038,-0.44542,0.68726,-0.37952,
1413393922455760384,-854.75363,377.75509,-137.28528,-0.41131,-0.44838,0.69879,-0.37612,
1413393922555760384,-860.57157,381.14988,-138.51482,-0.40731,-0.43382,0.70260,-0.39019,
1413393922655760640,-867.16291,383.49841,-139.69644,-0.40582,-0.41805,0.69991,-0.41313,
1413393922755760384,-872.75237,387.14528,-140.92603,-0.41233,-0.40626,0.69819,-0.42127,
1413393922855760640,-879.22209,389.56586,-142.11283,-0.41177,-0.41053,0.69820,-0.41765,
1413393922955760384,-885.24847,392.85915,-143.33735,-0.41298,-0.42394,0.69787,-0.40336,
1413393923055760384,-891.53143,395.80903,-144.52328,-0.41732,-0.44089,0.69593,-0.38357,
1413393923155760640,-897.83241,398.65836,-145.74538,-0.42050,-0.44797,0.69675,-0.37019,
1413393923255760384,-903.98916,401.99077,-146.93362,-0.42435,-0.44906,0.69482,-0.36811,
1413393923355760640,-910.51656,404.38329,-148.12400,-0.42167,-0.43593,0.69628,-0.38385,
1413393923455760384,-916.69547,407.55220,-149.30358,-0.41162,-0.42150,0.69296,-0.41558,
1413393923555760384,-923.05098,410.47603,-150.49006,-0.40483,-0.41972,0.67766,-0.44803,
1413393923655760640,-929.43962,413.39943,-151.68048,-0.40026,-0.43957,0.65222,-0.47030,
1413393923755760384,-935.86036,416.32343,-152.87470,-0.39895,-0.47850,0.61934,-0.47781,
1413393923855760640,-942.30809,419.24630,-154.07533,-0.38938,-0.51935,0.58678,-0.48410,
1413393923955760384,-948.77914,422.16751,-155.27832,-0.37560,-0.55427,0.55442,-0.49430,
1413393924055760384,-955.46072,424.75331,-156.42214,0.35600,0.58550,-0.52463,0.50519,
1413393924155760640,-961.99115,427.62528,-157.62345,0.34959,0.61587,-0.49129,0.50708,
1413393924255760384,-968.53305,430.48983,-158.82319,0.36034,0.64357,-0.44828,0.50500,
1413393924355760640,-975.07946,433.35016,-160.02219,0.37368,0.66578,-0.40809,0.50057,
1413393924455760384,-983.01254,433.13074,-161.17564,0.38424,0.67889,-0.38478,0.49336,
1413393924555760384,-989.70820,435.64504,-162.36112,0.39826,0.68753,-0.35991,0.48903,
1413393924655760640,-996.39220,438.16753,-163.53830,0.41534,0.68596,-0.33842,0.49237,
1413393924755760384,-1003.06000,440.70501,-164.70121,0.43221,0.67821,-0.32210,0.49948,
1413393924855760640,-1009.71072,443.26270,-165.84600,0.43257,0.67077,-0.32592,0.50668,
1413393924955760384,-1016.34573,445.83988,-166.97125,0.39962,0.66532,-0.35561,0.52076,
1413393925055760384,-1022.97383,448.43327,-168.07767,0.35791,0.66120,-0.38315,0.53656,
1413393925155760640,-1029.60314,451.03039,-169.17177,0.31733,0.66095,-0.39981,0.55009,
1413393925255760384,-1036.23913,453.62230,-170.26285,0.27054,0.66712,-0.40802,0.56150,
1413393925355760640,-1042.88824,456.20142,-171.35350,0.23921,0.67705,-0.40120,0.56870,
1413393925455760384,-1049.55426,458.76313,-172.44337,0.23440,0.68425,-0.38359,0.57422,
1413393925555760384,-1056.23562,461.30900,-173.53530,0.23656,0.68726,-0.36723,0.58040,
1413393925655760640,-1062.92913,463.83972,-174.63661,0.23506,0.68812,-0.35744,0.58607,
1413393925755760384,-1069.63110,466.35553,-175.76268,0.23749,0.68958,-0.34919,0.58834,
1413393925855760640,-1076.34091,468.85831,-176.91959,0.24112,0.68768,-0.34291,0.59276,
1413393925955760384,-1083.06020,471.35021,-178.10045,0.24755,0.68110,-0.33624,0.60147,
1413393926055760384,-1089.79047,473.83394,-179.29801,0.25365,0.66813,-0.33073,0.61635,
1413393926155760640,-1096.53730,476.31455,-180.50015,0.25520,0.65569,-0.32815,0.63029,
1413393926255760384,-1103.30437,478.79384,-181.70275,0.25228,0.65197,-0.33062,0.63402,
1413393926355760640,-1110.09243,481.27190,-182.90438,0.24638,0.65666,-0.33643,0.62842,
1413393926455760384,-1116.90024,483.74740,-184.10331,0.24315,0.66388,-0.33560,0.62250,
1413393926555760384,-1123.72551,486.21933,-185.30641,0.24464,0.66383,-0.32497,0.62760,
1413393926655760640,-1130.56429,488.68580,-186.52521,0.24586,0.66518,-0.30861,0.63392,
1413393926755760384,-1137.41895,491.15060,-187.74635,0.24219,0.67245,-0.29014,0.63638,
1413393926855760640,-1144.29154,493.61734,-188.95649,0.23165,0.68329,-0.27206,0.63673,
1413393926955760384,-1151.18153,496.08629,-190.15322,0.21521,0.69966,-0.25577,0.63147,
1413393927055760384,-1158.08721,498.55553,-191.33700,0.19606,0.71772,-0.24538,0.62147,
1413393927155760640,-1165.00323,501.01940,-192.51033,0.17437,0.72838,-0.24149,0.61704,
1413393927255760384,-1171.92764,503.47383,-193.68215,0.15399,0.73471,-0.24172,0.61487,
1413393927355760640,-1178.85857,505.91599,-194.85434,0.14377,0.74707,-0.23653,0.60438,
1413393927455760384,-1185.79349,508.34392,-196.02334,0.15458,0.75611,-0.21634,0.59800,
1413393927555760384,-1192.72877,510.76175,-197.18818,0.17705,0.75815,-0.18909,0.59842,
1413393927655760640,-1199.66150,513.17696,-198.35057,0.19691,0.75842,-0.15855,0.60073,
1413393927755760384,-1206.59083,515.59635,-199.50948,0.21540,0.75299,-0.12615,0.60885,
1413393927855760640,-1213.51728,518.02642,-200.66420,0.23010,0.74474,-0.10143,0.61817,
1413393927955760384,-1220.44203,520.47241,-201.81676,0.23204,0.73920,-0.09082,0.62570,
1413393928055760384,-1227.36667,522.93438,-202.97372,0.23442,0.73555,-0.08523,0.62988,
1413393928155760640,-1234.29227,525.41251,-204.13880,0.23676,0.73223,-0.08246,0.63323,
1413393928255760384,-1241.21864,527.90699,-205.31200,0.23299,0.73331,-0.08641,0.63286,
1413393928355760640,-1248.14590,530.41626,-206.49383,0.20602,0.73542,-0.10480,0.63697,
1413393928455760384,-1255.07627,532.93545,-207.68381,0.17770,0.73102,-0.12350,0.64713,
1413393928555760384,-1262.01275,535.45784,-208.88329,0.15911,0.72309,-0.13649,0.65818,
1413393928655760640,-1268.95852,537.98024,-210.08667,0.15207,0.71015,-0.14201,0.67261,
1413393928755760384,-1275.91865,540.50270,-211.28988,0.15455,0.70613,-0.14408,0.67582,
1413393928855760640,-1282.89470,543.02604,-212.49111,0.16971,0.70656,-0.14090,0.67239,
1413393928955760384,-1289.88547,545.55126,-213.69063,0.19118,0.70643,-0.13863,0.66723,
1413393929055760384,-1296.89024,548.08114,-214.88901,0.21041,0.70608,-0.14745,0.65988,
1413393929155760640,-1303.90740,550.61809,-216.08461,0.22816,0.70304,-0.16385,0.65332,
1413393929255760384,-1310.93596,553.16183,-217.27866,0.24187,0.70123,-0.18951,0.64332,
1413393929355760640,-1317.97485,555.71175,-218.47141,0.24822,0.69792,-0.22465,0.63310,
1413393929455760384,-1325.02275,558.26472,-219.66167,0.25437,0.69042,-0.26285,0.62411,
1413393929555760384,-1332.08128,560.81787,-220.84998,0.26652,0.68225,-0.29966,0.61132,
1413393929655760640,-1339.15061,563.36942,-222.03637,0.28330,0.67146,-0.33412,0.59771,
1413393929755760384,-1346.23041,565.91769,-223.22141,0.29901,0.65750,-0.36738,0.58593,
1413393929855760640,-1353.32186,568.46128,-224.40673,0.30418,0.63893,-0.40498,0.57899,
1413393929955760384,-1360.42800,570.99840,-225.59207,0.30068,0.61526,-0.44392,0.57791,
1413393930055760384,-1367.55322,573.52600,-226.78131,0.29999,0.59314,-0.47788,0.57431,
1413393930155760640,-1374.70022,576.04218,-227.97999,0.30365,0.57544,-0.50305,0.56887,
1413393930255760384,-1381.87036,578.54638,-229.18991,0.31099,0.56494,-0.51692,0.56296,
1413393930355760640,-1389.06484,581.03912,-230.41215,0.32905,0.56567,-0.51821,0.55064,
1413393930455760384,-1396.28112,583.52196,-231.64761,0.34980,0.57355,-0.51205,0.53524,
1413393930555760384,-1403.51368,585.99482,-232.90419,0.36090,0.57810,-0.50726,0.52748,
1413393930655760640,-1410.76045,588.45807,-234.18435,0.35861,0.57357,-0.50664,0.53453,
1413393930755760384,-1418.02385,590.91258,-235.48262,0.35407,0.56648,-0.50537,0.54620,
1413393930855760640,-1425.30773,593.35962,-236.78341,0.35123,0.56263,-0.50216,0.55491,
1413393930955760384,-1432.61615,595.80250,-238.07581,0.35026,0.56631,-0.49874,0.55486,
1413393931055760384,-1439.94950,598.24169,-239.35376,0.34790,0.57068,-0.49705,0.55339,
1413393931155760640,-1447.30695,600.67717,-240.61671,0.34340,0.57406,-0.49669,0.55303,
1413393931255760384,-1454.68693,603.10708,-241.86994,0.33680,0.57831,-0.49826,0.55124,
1413393931355760640,-1462.08691,605.52856,-243.12818,0.32845,0.58001,-0.50142,0.55161,
1413393931455760384,-1469.50619,607.93917,-244.39845,0.31787,0.57966,-0.50533,0.55462,
1413393931555760384,-1476.94732,610.34019,-245.67956,0.31035,0.57854,-0.50755,0.55800,
1413393931655760640,-1484.41082,612.73072,-246.97429,0.30655,0.57901,-0.50776,0.55942,
1413393931755760384,-1485.08764,626.43506,-248.50002,0.34020,0.56496,-0.52200,0.54092,
1413393931855760640,-1491.83312,630.06819,-249.83441,0.34115,0.56680,-0.52009,0.54024,
1413393931955760384,-1493.65106,640.09807,-250.49348,0.36014,0.56257,-0.51665,0.53561,
1413393932055760384,-1497.17875,645.96534,-251.19576,0.37576,0.55709,-0.52635,0.52096,
1413393932155760640,-1502.22361,650.26384,-252.08083,0.38543,0.56027,-0.52833,0.50834,
1413393932255760384,-1510.24203,652.08721,-253.08612,0.38728,0.57351,-0.51577,0.50505,
1413393932355760640,-1517.36563,655.09676,-254.46499,0.39486,0.58021,-0.51225,0.49501,
1413393932455760384,-1524.17410,658.71380,-255.72827,0.39885,0.58481,-0.50903,0.48969,
1413393932555760384,-1531.06426,662.07134,-256.98227,0.40292,0.58601,-0.50837,0.48560,
1413393932655760640,-1537.67373,665.55856,-258.25441,0.40972,0.58143,-0.50884,0.48492,
1413393932755760384,-1544.77142,668.75228,-259.43593,0.41072,0.57901,-0.50548,0.49045,
1413393932855760640,-1550.06106,673.51323,-260.74144,0.42280,0.57128,-0.51342,0.48091,
1413393932955760384,-1557.84146,675.95143,-261.74530,0.42291,0.57157,-0.50199,0.49240,
1413393933055760384,-1564.77256,679.35640,-263.02624,0.43323,0.56218,-0.49191,0.50428,
1413393933155760640,-1571.64524,683.05312,-264.22161,0.43829,0.55421,-0.48190,0.51819,
1413393933355760640,-1586.00885,689.47099,-266.54222,0.41299,0.54301,-0.48562,0.54658,
1413393933455760384,-1592.78391,693.09539,-267.70630,0.39133,0.53881,-0.49841,0.55510,
1413393933555760384,-1599.57959,696.72385,-268.87232,0.36554,0.54027,-0.51416,0.55689,
1413393933655760640,-1606.39892,700.35022,-270.04498,0.35237,0.54404,-0.52411,0.55242,
1413393933755760384,-1613.24266,703.97215,-271.22366,0.36101,0.55395,-0.52210,0.53872,
1413393933855760640,-1620.09968,707.37511,-272.62354,0.37643,0.56322,-0.51971,0.52056,
1413393933955760384,-1625.23833,712.94594,-273.88414,0.39633,0.56030,-0.52436,0.50401,
1413393934055760384,-1631.50846,717.13126,-274.80252,0.41713,0.55547,-0.50823,0.50907,
1413393934155760640,-1637.94343,721.16282,-275.84726,0.43090,0.55181,-0.49652,0.51313,
1413393934255760384,-1646.63133,722.30074,-276.96797,0.41752,0.56245,-0.48137,0.52688,
1413393934355760640,-1653.97153,725.74102,-278.35521,0.40395,0.56452,-0.48913,0.52811,
1413393934455760384,-1660.93773,729.28582,-279.54513,0.38534,0.56697,-0.49969,0.52950,
1413393934555760384,-1667.91807,732.82739,-280.74920,0.37008,0.56753,-0.50817,0.53171,
1413393934655760640,-1675.23675,736.37188,-281.98607,0.35508,0.56760,-0.50959,0.54043,
1413393934755760384,-1682.02491,740.29489,-283.30490,0.34296,0.56203,-0.51939,0.54474,
1413393934855760640,-1689.21554,743.79204,-284.48116,0.31568,0.56727,-0.51892,0.55612,
1413393934955760384,-1695.89231,747.69622,-285.83054,0.30316,0.58233,-0.51938,0.54702,
1413393935055760384,-1701.94058,752.82392,-287.00241,0.31453,0.61625,-0.48955,0.53071,
1413393935155760640,-1706.15090,759.40069,-288.33520,0.33979,0.63548,-0.48304,0.49737,
1413393935255760384,-1710.63618,765.03651,-289.42763,0.34318,0.65749,-0.46459,0.48383,
1413393935355760640,-1719.04383,767.08972,-290.27303,0.31420,0.69068,-0.40947,0.50654,
1413393935455760384,-1725.67984,771.04783,-291.42960,0.30275,0.71027,-0.37079,0.51612,
1413393935555760384,-1732.31045,774.99864,-292.57029,0.29391,0.72765,-0.32929,0.52508,
1413393935655760640,-1738.93317,778.94348,-293.70138,0.29126,0.74427,-0.29006,0.52640,
1413393935755760384,-1745.54507,782.88427,-294.82955,0.29771,0.75673,-0.25384,0.52373,
1413393935855760640,-1752.14109,786.82660,-295.95609,0.30871,0.76512,-0.21703,0.52172,
1413393935955760384,-1758.71721,790.77669,-297.08284,0.29612,0.77030,-0.19421,0.53031,
1413393936055760384,-1765.27381,794.73706,-298.20923,0.25644,0.77335,-0.18338,0.55004,
1413393936155760640,-1771.81532,798.70428,-299.33381,0.21084,0.77584,-0.16821,0.57037,
1413393936255760384,-1778.34561,802.67291,-300.45662,0.16257,0.78080,-0.14874,0.58464,
1413393936355760640,-1784.86674,806.63857,-301.57802,0.11967,0.78826,-0.12180,0.59117,
1413393936455760384,-1791.38087,810.59897,-302.69857,0.08719,0.79501,-0.08698,0.59396,
1413393936555760384,-1797.88685,814.55388,-303.81536,0.07021,0.79521,-0.04111,0.60085,
1413393936655760640,-1804.38529,818.50638,-304.93017,0.05572,0.78782,0.00303,0.61338,
1413393936755760384,-1810.87805,822.46028,-306.04374,0.04053,0.77838,0.04068,0.62516,
1413393936855760640,-1817.36775,826.41852,-307.15690,0.02528,0.77209,0.07509,0.63055,
1413393936955760384,-1823.85573,830.38357,-308.26793,0.01075,0.76615,0.11095,0.63292,
1413393937055760384,-1830.34415,834.35876,-309.37619,-0.00234,0.75885,0.15033,0.63368,
1413393937155760640,-1836.83455,838.34648,-310.48249,-0.01978,0.75275,0.18698,0.63088,
1413393937255760384,-1843.32787,842.34838,-311.58639,-0.03990,0.74668,0.22010,0.62645,
1413393937355760640,-1849.82267,846.36686,-312.68778,-0.05990,0.74288,0.24796,0.61892,
1413393937455760384,-1856.31882,850.39795,-313.78925,-0.07345,0.74371,0.26799,0.60801,
1413393937555760384,-1862.81168,854.44113,-314.90545,-0.08319,0.75696,0.27781,0.58559,
1413393937655760640,-1869.29582,858.49743,-316.04337,-0.09347,0.76927,0.27971,0.56679,
1413393937755760384,-1875.76869,862.56752,-317.19557,-0.09810,0.78150,0.27932,0.54919,
1413393937855760640,-1882.22654,866.65514,-318.34841,-0.09960,0.79225,0.27765,0.53416,
1413393937955760384,-1888.66610,870.76226,-319.49537,-0.09614,0.78995,0.28025,0.53684,
1413393938055760384,-1895.08896,874.88907,-320.64068,-0.08658,0.78098,0.28662,0.54811,
1413393938155760640,-1901.49918,879.03798,-321.78445,-0.07189,0.76450,0.30107,0.56545,
1413393938255760384,-1907.90280,883.21224,-322.92745,-0.06072,0.74443,0.32148,0.58205,
1413393938355760640,-1914.30592,887.41383,-324.07179,-0.07061,0.73376,0.33350,0.58769,
1413393938455760384,-1920.71029,891.64194,-325.21728,-0.10361,0.73352,0.33624,0.58152,
1413393938555760384,-1924.98467,902.02939,-326.15085,-0.11397,0.74087,0.32894,0.57439,
1413393938655760640,-1931.15076,906.98765,-327.28274,-0.14175,0.74124,0.34117,0.56042,
1413393938755760384,-1939.75109,908.84735,-328.74931,-0.17599,0.73775,0.36084,0.54273,
1413393938855760640,-1947.25147,911.38212,-330.20522,-0.20036,0.72399,0.38133,0.53878,
1413393938955760384,-1953.69647,915.37551,-331.45411,-0.21275,0.71208,0.40307,0.53405,
1413393939055760384,-1959.51763,921.21174,-332.57009,-0.21761,0.70431,0.42122,0.52836,
1413393939155760640,-1966.16793,925.66861,-333.74835,-0.24037,0.68067,0.43341,0.53951,
1413393939255760384,-1972.26662,931.41851,-334.92066,-0.24378,0.67755,0.44874,0.52927,
1413393939355760640,-1979.56070,934.24861,-336.24650,-0.23777,0.69217,0.46952,0.49388,
1413393939455760384,-1985.80718,938.60275,-337.51372,-0.22003,0.72455,0.48253,0.44019,
1413393939555760384,-1992.51246,942.10817,-338.67301,-0.20873,0.75478,0.48518,0.38902,
1413393939655760640,-1999.09167,946.24119,-339.85516,-0.19701,0.77721,0.48191,0.35341,
1413393939755760384,-2005.67746,950.43160,-341.08343,-0.18252,0.78022,0.48689,0.34768,
1413393939855760640,-2011.45842,956.19823,-342.35011,-0.18918,0.76007,0.48564,0.38815,
1413393939955760384,-2017.35133,962.16703,-343.56546,-0.22546,0.72002,0.46628,0.46187,
1413393940055760384,-2023.66750,967.30198,-344.82944,-0.26975,0.67599,0.44020,0.52583,
1413393940155760640,-2030.11955,971.89035,-346.12273,-0.30833,0.64381,0.41531,0.56388,
1413393940255760384,-2036.61753,976.35702,-347.41707,-0.32893,0.62825,0.40150,0.57957,
1413393940355760640,-2043.03503,980.82156,-348.67338,-0.31415,0.64806,0.41208,0.55814,
1413393940455760384,-2049.27233,985.45068,-349.84929,-0.27432,0.68850,0.43498,0.51138,
1413393940555760384,-2055.32259,990.27358,-350.98802,-0.23209,0.73764,0.45199,0.44466,
1413393940655760640,-2061.29966,995.26537,-352.16426,-0.20895,0.77376,0.45210,0.39145,
1413393940755760384,-2067.16472,1000.50075,-353.30614,-0.20578,0.79701,0.43941,0.35964,
1413393940855760640,-2073.81449,1004.55423,-354.69281,-0.21723,0.79370,0.42963,0.37185,
1413393940955760384,-2080.07569,1009.41682,-356.00163,-0.22679,0.76413,0.43083,0.42316,
1413393941055760384,-2086.33518,1014.22377,-357.27146,-0.25001,0.72200,0.42507,0.48532,
1413393941155760640,-2092.73790,1018.70085,-358.58172,-0.27730,0.67908,0.41776,0.53612,
1413393941255760384,-2099.53020,1022.38695,-359.94795,-0.29483,0.65291,0.41484,0.56097,
1413393941355760640,-2105.43435,1027.67157,-361.11962,-0.28092,0.66616,0.42597,0.54393,
1413393941455760384,-2111.72795,1032.22494,-362.39010,-0.25654,0.69594,0.44453,0.50224,
1413393941555760384,-2117.74054,1037.24483,-363.61548,-0.22469,0.72799,0.46301,0.45294,
1413393941655760640,-2124.20794,1041.61747,-364.85618,-0.20124,0.74921,0.47546,0.41488,
1413393941755760384,-2131.23127,1045.20581,-366.19080,-0.18581,0.76088,0.48035,0.39473,
1413393941855760640,-2137.11321,1050.62514,-367.49867,-0.17467,0.76515,0.47978,0.39224,
1413393941955760384,-2142.78381,1056.60011,-368.73068,-0.18712,0.75082,0.46921,0.42555,
1413393942055760384,-2148.87965,1061.75827,-370.09326,-0.21664,0.71946,0.45385,0.47903,
1413393942155760640,-2155.26524,1066.36710,-371.48785,-0.24640,0.68232,0.43661,0.53207,
1413393942255760384,-2161.01223,1072.16254,-372.73454,-0.25905,0.65647,0.42369,0.56783,
1413393942355760640,-2166.70490,1076.99082,-373.81750,-0.26462,0.64571,0.42066,0.57972,
1413393942455760384,-2173.36824,1081.36245,-375.32854,-0.25546,0.65418,0.42542,0.57079,
1413393942555760384,-2179.63570,1086.42632,-376.62745,-0.23292,0.67893,0.43790,0.54134,
1413393942655760640,-2185.08866,1092.90436,-377.78136,-0.20063,0.71430,0.45205,0.49515,
1413393942755760384,-2190.50583,1099.19150,-379.05713,-0.17354,0.74131,0.46369,0.45314,
1413393942855760640,-2196.19551,1104.82278,-380.28859,-0.15608,0.75640,0.47186,0.42526,
1413393942955760384,-2202.75461,1109.31059,-381.60591,-0.14986,0.76325,0.47542,0.41106,
1413393943055760384,-2209.20124,1113.99422,-383.03266,-0.16207,0.75297,0.47339,0.42740,
1413393943155760640,-2215.19295,1119.42666,-384.37879,-0.19145,0.72384,0.46342,0.47397,
1413393943255760384,-2221.30015,1124.27349,-385.69450,-0.22457,0.68730,0.45148,0.52283,
1413393943355760640,-2227.27818,1129.34889,-386.96317,-0.25179,0.65913,0.43675,0.55803,
1413393943455760384,-2233.29216,1134.81011,-388.36485,-0.26626,0.64364,0.42728,0.57643,
1413393943555760384,-2239.02979,1140.84172,-389.66833,-0.25040,0.65828,0.43439,0.56149,
1413393943655760640,-2244.79707,1146.70344,-390.98740,-0.22032,0.68861,0.44886,0.52516,
1413393943755760384,-2250.59551,1152.44028,-392.34170,-0.18885,0.72151,0.46110,0.48077,
1413393943855760640,-2256.51456,1158.19835,-393.67689,-0.16322,0.74583,0.46605,0.44709,
1413393943955760384,-2263.02127,1163.23614,-395.15472,-0.14838,0.75756,0.45987,0.43887,
1413393944055760384,-2269.16443,1168.83240,-396.58491,-0.15346,0.75514,0.43974,0.46134,
1413393944155760640,-2275.22767,1174.59600,-397.99263,-0.17479,0.74757,0.40648,0.49534,
1413393944255760384,-2281.11104,1180.56228,-399.39182,-0.19790,0.73383,0.37011,0.53418,
1413393944355760640,-2287.20363,1186.20428,-400.83123,-0.21092,0.71654,0.33805,0.57254,
1413393944455760384,-2293.22424,1191.88118,-402.18384,-0.20897,0.70717,0.31706,0.59642,
1413393944555760384,-2299.26466,1197.51193,-403.56679,-0.18266,0.71508,0.31584,0.59628,
1413393944655760640,-2305.20600,1203.32834,-404.94195,-0.14452,0.74098,0.32391,0.57022,
1413393944755760384,-2310.94779,1209.41405,-406.31905,-0.11190,0.77154,0.33079,0.53178,
1413393944855760640,-2317.00294,1215.11787,-407.72600,-0.09132,0.79433,0.33323,0.49966,
1413393944955760384,-2323.21209,1220.59818,-409.12244,-0.08182,0.80768,0.33122,0.48089,
1413393945055760384,-2329.16971,1226.39011,-410.50257,-0.08218,0.80324,0.32375,0.49319,
1413393945155760640,-2335.12574,1232.19117,-411.88304,-0.09266,0.77613,0.30965,0.54144,
1413393945255760384,-2341.03452,1238.04633,-413.27764,-0.10320,0.74043,0.28885,0.59806,
1413393945355760640,-2346.93950,1243.91333,-414.68812,-0.10471,0.71583,0.26589,0.63713,
1413393945455760384,-2352.84675,1249.78723,-416.11473,-0.09447,0.71530,0.24359,0.64814,
1413393945555760384,-2358.75764,1255.66695,-417.55501,-0.07843,0.73859,0.22049,0.63223,
1413393945655760640,-2364.67402,1261.55075,-418.99645,-0.05318,0.76459,0.20193,0.60975,
1413393945755760384,-2370.58799,1267.44393,-420.43612,-0.02415,0.79004,0.18408,0.58427,
1413393945855760640,-2376.49163,1273.35123,-421.87501,0.00361,0.81346,0.16402,0.55801,
1413393945955760384,-2382.37726,1279.27624,-423.30897,0.02400,0.82080,0.14309,0.55248,
1413393946055760384,-2388.24271,1285.21943,-424.73442,0.03640,0.80193,0.12309,0.58346,
1413393946155760640,-2394.09600,1291.17701,-426.15745,0.04565,0.77111,0.10257,0.62672,
1413393946255760384,-2399.94729,1297.14615,-427.58180,0.05601,0.74310,0.07951,0.66207,
1413393946355760640,-2405.80366,1303.12434,-429.01175,0.06694,0.73842,0.05053,0.66911,
1413393946455760384,-2411.66702,1309.11028,-430.44589,0.07386,0.75359,0.01313,0.65305,
1413393946555760384,-2418.10438,1314.35361,-431.75629,0.08625,0.77425,-0.02312,0.62655,
1413393946655760640,-2424.03046,1320.26130,-433.17370,0.11120,0.79667,-0.05767,0.59129,
1413393946755760384,-2430.00570,1326.04560,-434.53876,0.14343,0.81145,-0.08922,0.55948,
1413393946855760640,-2435.90937,1331.94033,-435.93665,0.17307,0.80821,-0.11968,0.55002,
1413393946955760384,-2441.79428,1337.83731,-437.32561,0.19978,0.78294,-0.14280,0.57158,
1413393947055760384,-2447.66733,1343.73702,-438.71309,0.22519,0.74017,-0.16008,0.61303,
1413393947155760640,-2453.53869,1349.63968,-440.11431,0.24760,0.70471,-0.18020,0.64001,
1413393947255760384,-2459.41613,1355.54847,-441.53236,0.26555,0.68756,-0.20755,0.64317,
1413393947355760640,-2465.30242,1361.46465,-442.96247,0.28126,0.67607,-0.23840,0.63795,
1413393947455760384,-2471.19763,1367.38695,-444.40374,0.28331,0.66790,-0.27892,0.62917,
1413393947555760384,-2477.44237,1372.57419,-445.85589,0.27123,0.66385,-0.32460,0.61674,
1413393947655760640,-2482.85502,1378.89119,-447.27486,0.26389,0.65652,-0.37283,0.60028,
1413393947755760384,-2489.21175,1383.89718,-448.71622,0.26640,0.66150,-0.41039,0.56836,
1413393947855760640,-2495.18879,1389.67298,-450.14669,0.29555,0.66414,-0.43279,0.53317,
1413393947955760384,-2508.63918,1385.78872,-451.04649,0.29991,0.67695,-0.42120,0.52382,
1413393948055760384,-2516.16093,1388.74316,-452.04901,0.33872,0.66799,-0.40582,0.52380,
1413393948155760640,-2524.12464,1390.71327,-453.12249,0.36310,0.65648,-0.39582,0.52965,
1413393948255760384,-2533.98660,1388.56785,-454.21774,0.35435,0.65099,-0.37610,0.55605,
1413393948355760640,-2541.32395,1392.05217,-455.47642,0.36093,0.62346,-0.38679,0.57569,
1413393948455760384,-2546.63850,1398.53474,-456.68701,0.37542,0.59584,-0.40115,0.58576,
1413393948555760384,-2553.77440,1402.36792,-457.93932,0.37439,0.58644,-0.41824,0.58394,
1413393948655760640,-2560.92628,1406.20578,-459.19575,0.36460,0.59963,-0.44515,0.55620,
1413393948755760384,-2568.09397,1410.04492,-460.45225,0.35359,0.61632,-0.47394,0.52010,
1413393948855760640,-2573.32894,1417.96768,-462.20472,0.35275,0.61644,-0.50771,0.48764,
1413393948955760384,-2580.30305,1422.24426,-463.50657,0.35002,0.60912,-0.53194,0.47276,
1413393949055760384,-2587.29142,1426.50711,-464.80328,0.36978,0.58584,-0.54305,0.47450,
1413393949155760640,-2594.29567,1430.75663,-466.09372,0.40011,0.55662,-0.54685,0.48067,
1413393949255760384,-2601.31601,1435.00315,-467.38399,-0.42872,-0.52631,0.54926,-0.48734,
1413393949355760640,-2608.35275,1439.25054,-468.67343,-0.45547,-0.49669,0.55031,-0.49295,
1413393949455760384,-2615.40576,1443.50617,-469.96445,-0.47496,-0.46697,0.55373,-0.49973,
1413393949555760384,-2622.47557,1447.77342,-471.26269,-0.46576,-0.44961,0.57369,-0.50181,
1413393949655760640,-2629.56626,1452.05231,-472.56827,-0.43838,-0.44633,0.60160,-0.49668,
1413393949755760384,-2636.68464,1456.33870,-473.87747,-0.40831,-0.44000,0.62774,-0.49561,
1413393949855760640,-2643.83786,1460.62928,-475.18855,-0.38200,-0.42438,0.65146,-0.49958,
1413393949955760384,-2651.03204,1464.92079,-476.50353,-0.36065,-0.40958,0.67040,-0.50273,
1413393950055760384,-2658.27484,1469.20804,-477.81893,-0.35964,-0.41212,0.67863,-0.49018,
1413393950155760640,-2667.87295,1470.76830,-479.05826,-0.37313,-0.45052,0.66729,-0.46101,
1413393950255760384,-2675.77536,1474.75898,-479.93409,-0.39324,-0.47468,0.66906,-0.41519,
1413393950355760640,-2682.64353,1480.01309,-480.44682,-0.40594,-0.47289,0.68415,-0.37885,
1413393950455760384,-2689.90902,1483.99487,-480.93464,-0.40649,-0.46563,0.69501,-0.36732,
1413393950555760384,-2696.76478,1487.94290,-481.51052,-0.41450,-0.45100,0.69872,-0.36956,
1413393950655760640,-2703.47396,1492.04362,-482.41628,-0.43209,-0.43749,0.69093,-0.38016,
1413393950755760384,-2710.15421,1496.86411,-483.94665,-0.45028,-0.42983,0.67805,-0.39082,
1413393950855760640,-2717.09504,1501.16451,-485.62476,-0.46427,-0.42473,0.67264,-0.38939,
1413393950955760384,-2724.06081,1505.38416,-487.07373,-0.47595,-0.42896,0.66805,-0.37838,
1413393951055760384,-2731.08342,1510.49744,-488.54207,-0.48206,-0.44106,0.66011,-0.37059,
1413393951155760640,-2738.41367,1515.09316,-489.99229,-0.47867,-0.43951,0.66194,-0.37355,
1413393951255760384,-2746.36595,1518.28134,-491.09122,-0.47450,-0.43220,0.66780,-0.37695,
1413393951355760640,-2753.53592,1522.71695,-492.34292,-0.47235,-0.42738,0.67137,-0.37880,
1413393951455760384,-2760.74171,1527.88238,-493.74637,-0.46703,-0.42970,0.67339,-0.37920,
1413393951555760384,-2768.53847,1531.85751,-495.04167,-0.46123,-0.43232,0.68021,-0.37106,
1413393951655760640,-2775.87799,1536.03873,-496.33345,-0.46296,-0.42996,0.68533,-0.36212,
1413393951755760384,-2783.20697,1540.50429,-497.69924,-0.47006,-0.42947,0.68107,-0.36159,
1413393951855760640,-2790.73906,1545.17238,-499.15427,-0.47452,-0.42629,0.67589,-0.36916,
1413393951955760384,-2798.63614,1549.36461,-500.52861,-0.47633,-0.42101,0.67634,-0.37207,
1413393952055760384,-2806.84168,1553.27651,-501.80801,-0.47720,-0.41705,0.67716,-0.37390,
1413393952155760640,-2814.82770,1557.21934,-503.07724,-0.47898,-0.41072,0.68035,-0.37285,
1413393952255760384,-2822.47565,1561.73523,-504.56069,-0.47835,-0.40632,0.68039,-0.37836,
1413393952355760640,-2830.56011,1565.68823,-505.84259,-0.47588,-0.40473,0.68082,-0.38238,
1413393952455760384,-2838.29772,1570.25470,-507.27742,-0.47553,-0.41210,0.67375,-0.38744,
1413393952555760384,-2846.17456,1574.28279,-508.61628,-0.47289,-0.42417,0.66661,-0.38998,
1413393952655760640,-2854.00332,1578.51712,-509.94094,-0.46890,-0.44026,0.65470,-0.39708,
1413393952755760384,-2861.84868,1582.75480,-511.26863,-0.46223,-0.45594,0.64280,-0.40654,
1413393952855760640,-2869.71357,1586.99214,-512.59926,-0.45445,-0.46846,0.63319,-0.41604,
1413393952955760384,-2877.60020,1591.22660,-513.93135,-0.44177,-0.47202,0.62984,-0.43051,
1413393953055760384,-2885.51057,1595.45626,-515.26412,-0.42904,-0.47237,0.62968,-0.44305,
1413393953155760640,-2893.44780,1599.67828,-516.60465,-0.42012,-0.47191,0.63017,-0.45131,
1413393953255760384,-2901.41215,1603.89012,-517.96548,-0.41435,-0.47063,0.63052,-0.45745,
1413393953355760640,-2909.40549,1608.09404,-519.33576,-0.40793,-0.46566,0.63230,-0.46577,
1413393953455760384,-2917.42859,1612.30030,-520.69874,-0.40957,-0.45960,0.63071,-0.47247,
1413393953555760384,-2925.48494,1616.50860,-522.04898,-0.42427,-0.45915,0.62324,-0.46984,
1413393953655760640,-2933.56929,1620.72051,-523.39431,-0.44554,-0.46472,0.61300,-0.45801,
1413393953755760384,-2941.67039,1624.94535,-524.74118,-0.46208,-0.46649,0.60483,-0.45060,
1413393953855760640,-2949.78840,1629.17368,-526.09874,-0.46877,-0.46838,0.59925,-0.44918,
1413393953955760384,-2957.96867,1633.13882,-527.27173,-0.46615,-0.47339,0.59733,-0.44922,
1413393954055760384,-2965.77529,1637.64510,-528.62892,-0.45306,-0.48929,0.59813,-0.44449,
1413393954155760640,-2973.65876,1641.98527,-529.96614,-0.43306,-0.50806,0.60143,-0.43888,
1413393954255760384,-2981.76942,1646.03837,-531.28257,-0.40870,-0.53026,0.60247,-0.43454,
1413393954355760640,-2990.01350,1650.09460,-532.59697,-0.38714,-0.55202,0.59603,-0.43606,
1413393954455760384,-2998.17882,1654.28170,-533.93304,-0.37150,-0.57265,0.58280,-0.44091,
1413393954555760384,-3006.35950,1658.45470,-535.26799,0.35901,0.59313,-0.56452,0.44792,
1413393954655760640,-3014.55491,1662.61204,-536.60219,0.34834,0.61027,-0.54593,0.45628,
1413393954755760384,-3022.76422,1666.75078,-537.93719,0.33979,0.62411,-0.53148,0.46104,
1413393954855760640,-3030.98656,1670.87241,-539.27385,0.33351,0.63364,-0.52145,0.46408,
1413393954955760384,-3039.22046,1674.97596,-540.61089,0.33243,0.63872,-0.51315,0.46712,
1413393955055760384,-3047.46418,1679.06233,-541.94516,0.34148,0.63443,-0.50037,0.48012,
1413393955155760640,-3055.71666,1683.13547,-543.28108,0.35001,0.63082,-0.48533,0.49397,
1413393955255760384,-3063.97801,1687.19923,-544.61907,0.34619,0.62744,-0.47572,0.51006,
1413393955355760640,-3072.25037,1691.25598,-545.95796,0.33645,0.62775,-0.46689,0.52416,
1413393955455760384,-3080.53465,1695.30706,-547.29608,0.32984,0.63396,-0.44920,0.53621,
1413393955555760384,-3088.83100,1699.35393,-548.63236,0.32612,0.63992,-0.41888,0.55559,
1413393955655760640,-3097.13946,1703.39957,-549.97645,0.32728,0.64973,-0.37819,0.57246,
1413393955755760384,-3105.45885,1707.44538,-551.33148,0.33569,0.66817,-0.33848,0.57122,
1413393955855760640,-3113.78603,1711.49574,-552.69693,0.34330,0.68813,-0.30797,0.56016,
1413393955955760384,-3122.11435,1715.55355,-554.06762,0.32391,0.70488,-0.30228,0.55394,
1413393956055760384,-3130.44120,1719.61720,-555.43406,0.28914,0.71327,-0.30871,0.55887,
1413393956155760640,-3138.76847,1723.68081,-556.79459,0.26014,0.71712,-0.30902,0.56796,
1413393956255760384,-3147.09811,1727.74076,-558.14990,0.24192,0.71933,-0.29579,0.58013,
1413393956355760640,-3155.43175,1731.79601,-559.50025,0.23299,0.71788,-0.26960,0.59806,
1413393956455760384,-3163.77138,1735.84911,-560.84834,0.22339,0.71749,-0.23877,0.61505,
1413393956555760384,-3172.11678,1739.90183,-562.19858,0.20592,0.72531,-0.20877,0.62285,
1413393956655760640,-3180.46705,1743.95427,-563.55067,0.18251,0.73977,-0.17963,0.62222,
1413393956755760384,-3188.82082,1748.00576,-564.90529,0.15748,0.75798,-0.15156,0.61457,
1413393956855760640,-3197.17628,1752.05622,-566.25868,0.13095,0.77136,-0.12434,0.61025,
1413393956955760384,-3205.53076,1756.10367,-567.61092,0.10242,0.77897,-0.09877,0.61071,
1413393957055760384,-3213.88350,1760.14701,-568.96287,0.07912,0.78490,-0.07063,0.61048,
1413393957155760640,-3222.23203,1764.18656,-570.31434,0.06289,0.79012,-0.03488,0.60872,
1413393957255760384,-3230.57362,1768.22450,-571.66482,0.04404,0.79303,0.00362,0.60758,
1413393957355760640,-3238.90933,1772.26258,-573.01451,0.02236,0.79448,0.04260,0.60537,
1413393957455760384,-3247.23775,1776.30193,-574.36447,0.00119,0.79206,0.07936,0.60526,
1413393957555760384,-3255.55826,1780.34418,-575.72022,-0.01891,0.78671,0.11296,0.60660,
1413393957655760640,-3263.87289,1784.39039,-577.08635,-0.04150,0.77770,0.14554,0.61015,
1413393957755760384,-3272.18208,1788.44154,-578.46317,-0.06408,0.76383,0.17929,0.61670,
1413393957855760640,-3280.48807,1792.49816,-579.84973,-0.07624,0.75269,0.21807,0.61651,
1413393957955760384,-3288.79515,1796.56287,-581.23833,-0.07816,0.74567,0.25767,0.60948,
1413393958055760384,-3297.10437,1800.64079,-582.61970,-0.07633,0.74527,0.28915,0.59593,
1413393958155760640,-3305.41741,1804.73415,-583.98538,-0.08212,0.74721,0.30565,0.58439,
1413393958255760384,-3313.72424,1808.85825,-585.33500,-0.09380,0.74849,0.31109,0.57809,
1413393958355760640,-3322.02894,1813.00058,-586.67517,-0.11309,0.75406,0.30498,0.57060,
1413393958455760384,-3330.32693,1817.15960,-588.01859,-0.12480,0.76096,0.29886,0.56218,
1413393958555760384,-3338.61451,1821.33223,-589.37371,-0.12675,0.77025,0.29616,0.55040,
1413393958655760640,-3346.89191,1825.51556,-590.74312,-0.12325,0.77936,0.29545,0.53863,
1413393958755760384,-3355.15518,1829.71412,-592.12453,-0.12049,0.78213,0.29406,0.53599,
1413393958855760640,-3363.40389,1833.92874,-593.51469,-0.12106,0.77437,0.29098,0.54865,
1413393958955760384,-3371.64026,1838.15732,-594.91734,-0.12205,0.76642,0.28731,0.56138,
1413393959055760384,-3379.86716,1842.39801,-596.33151,-0.13147,0.76160,0.27777,0.57056,
1413393959155760640,-3388.08666,1846.64848,-597.74983,-0.14655,0.75705,0.26487,0.57899,
1413393959255760384,-3396.29886,1850.90679,-599.16509,-0.14625,0.75003,0.26243,0.58924,
1413393959355760640,-3404.50588,1855.17074,-600.57891,-0.13543,0.75177,0.26607,0.58797,
1413393959455760384,-3412.70840,1859.44140,-601.98874,-0.12633,0.75531,0.26942,0.58392,
1413393959555760384,-3420.90650,1863.72199,-603.39346,-0.12168,0.75313,0.27109,0.58694,
1413393959655760640,-3429.10176,1868.01341,-604.78974,-0.12606,0.73422,0.26932,0.61033,
1413393959755760384,-3437.29915,1872.31190,-606.18283,-0.13181,0.71818,0.26603,0.62934,
1413393959855760640,-3445.50085,1876.61543,-607.57839,-0.12682,0.72746,0.26734,0.61907,
1413393959955760384,-3453.70539,1880.92566,-608.97164,-0.11604,0.74570,0.27113,0.59746,
1413393960055760384,-3461.90840,1885.24660,-610.36076,-0.10803,0.76094,0.27348,0.57837,
1413393960155760640,-3470.10545,1889.58143,-611.74660,-0.10135,0.77270,0.27573,0.56270,
1413393960255760384,-3478.29254,1893.93163,-613.13297,-0.09443,0.78644,0.27751,0.54367,
1413393960355760640,-3486.46609,1898.30010,-614.51863,-0.09189,0.79227,0.27848,0.53509,
1413393960455760384,-3494.62449,1902.68935,-615.90150,-0.09930,0.78126,0.28190,0.54799,
1413393960555760384,-3502.77053,1907.09603,-617.29446,-0.11148,0.76798,0.29262,0.55871,
1413393960655760640,-3510.90751,1911.51658,-618.70981,-0.12770,0.75620,0.31167,0.56100,
1413393960755760384,-3519.03691,1915.94936,-620.14931,-0.14446,0.74700,0.33622,0.55504,
1413393960855760640,-3527.15931,1920.39517,-621.60506,-0.15827,0.74354,0.36138,0.53990,
1413393960955760384,-3535.27606,1924.85372,-623.06242,-0.16726,0.74850,0.37995,0.51711,
1413393961055760384,-3543.38223,1929.33369,-624.51022,-0.17556,0.75113,0.39020,0.50272,
1413393961155760640,-3551.47731,1933.83474,-625.94620,-0.18296,0.74111,0.39559,0.51068,
1413393961255760384,-3559.56408,1938.35558,-627.36672,-0.20570,0.72240,0.38667,0.53509,
1413393961355760640,-3567.64576,1942.89101,-628.77342,-0.24254,0.69597,0.36547,0.56854,
1413393961455760384,-3575.82376,1947.24675,-630.16730,-0.26047,0.67488,0.35470,0.59235,
1413393961555760384,-3583.91185,1951.76724,-631.55160,-0.24239,0.68040,0.36576,0.58697,
1413393961655760640,-3592.03472,1956.22857,-632.92819,-0.21504,0.69829,0.38132,0.56634,
1413393961755760384,-3600.13221,1960.75149,-634.28221,-0.20118,0.70496,0.38886,0.55798,
1413393961855760640,-3608.31169,1965.13389,-635.62360,-0.19460,0.71132,0.39183,0.55011,
1413393961955760384,-3616.41618,1969.67291,-636.95235,-0.18893,0.71839,0.39485,0.54066,
1413393962055760384,-3624.51804,1974.22933,-638.27198,-0.18428,0.72593,0.39694,0.53057,
1413393962155760640,-3632.61179,1978.81221,-639.57821,-0.17983,0.73270,0.39907,0.52111,
1413393962255760384,-3640.69589,1983.42281,-640.87464,-0.17746,0.73758,0.40087,0.51361,
1413393962355760640,-3648.76643,1988.06324,-642.16991,-0.17209,0.74399,0.40316,0.50430,
1413393962455760384,-3656.82509,1992.72478,-643.48223,-0.16030,0.75564,0.40633,0.48806,
1413393962555760384,-3664.87029,1997.40347,-644.82141,-0.14412,0.77019,0.40342,0.47253,
1413393962655760640,-3672.89914,2002.10296,-646.18445,-0.12566,0.77783,0.39371,0.47347,
1413393962755760384,-3680.90750,2006.83306,-647.56201,-0.10577,0.77610,0.37699,0.49433,
1413393962855760640,-3688.90179,2011.58796,-648.95088,-0.08232,0.76803,0.35471,0.52681,
1413393962955760384,-3696.88606,2016.36751,-650.35220,-0.05727,0.75943,0.32671,0.55969,
1413393963055760384,-3704.86464,2021.16922,-651.76836,-0.03409,0.75633,0.29133,0.58475,
1413393963155760640,-3710.82860,2030.74207,-652.86916,-0.00834,0.75433,0.25159,0.60631,
1413393963255760384,-3718.58124,2036.11622,-654.27474,-0.00081,0.75521,0.20528,0.62251,
1413393963355760640,-3726.33344,2041.50530,-655.69100,0.00839,0.75694,0.16093,0.63330,
1413393963455760384,-3734.08436,2046.90493,-657.11758,0.02477,0.76020,0.12169,0.63771,
1413393963555760384,-3741.83385,2052.31334,-658.55251,0.03996,0.76221,0.08539,0.64043,
1413393963655760640,-3749.58168,2057.72857,-659.99459,0.05581,0.76054,0.05399,0.64464,
1413393963755760384,-3757.32922,2063.14857,-661.44483,0.07386,0.75753,0.02689,0.64805,
1413393963855760640,-3765.07815,2068.57302,-662.90157,0.09468,0.75588,0.00274,0.64782,
1413393963955760384,-3772.82934,2074.00093,-664.36674,0.11628,0.75737,-0.02114,0.64220,
1413393964055760384,-3780.58083,2079.43276,-665.83943,0.13592,0.75879,-0.04578,0.63534,
1413393964155760640,-3788.33203,2084.86881,-667.31790,0.14949,0.75662,-0.07418,0.63220,
1413393964255760384,-3796.08263,2090.30710,-668.79936,0.15515,0.75220,-0.10712,0.63139,
1413393964355760640,-3803.83492,2095.74597,-670.27776,0.15940,0.74913,-0.13940,0.62767,
1413393964455760384,-3811.59034,2101.18265,-671.75011,0.16481,0.74481,-0.16946,0.62400,
1413393964555760384,-3819.34933,2106.61449,-673.21581,0.17037,0.73890,-0.19690,0.62147,
1413393964655760640,-3827.11393,2112.03893,-674.67659,0.17346,0.73113,-0.22391,0.62066,
1413393964755760384,-3827.75047,2126.27257,-676.50577,0.19996,0.72160,-0.25159,0.61320,
1413393964855760640,-3834.72585,2132.66933,-677.99694,0.20249,0.71739,-0.27769,0.60600,
1413393964955760384,-3841.70936,2139.05449,-679.48443,0.20121,0.71877,-0.30729,0.59031,
1413393965055760384,-3850.86789,2141.83081,-680.85941,0.19150,0.71690,-0.34644,0.57390,
1413393965155760640,-3861.82514,2141.86482,-682.47922,0.15648,0.72717,-0.36481,0.56004,
1413393965255760384,-3877.78436,2131.01237,-684.11890,0.11004,0.75606,-0.34800,0.54329,
1413393965355760640,-3890.72980,2108.06332,-684.70708,0.05699,0.80621,-0.28113,0.51744,
1413393965455760384,-3894.19410,2086.94454,-681.51499,0.03071,0.84618,-0.19371,0.49549,
1413393965555760384,-3899.28009,2089.54307,-679.59533,0.09924,0.85232,-0.17058,0.48435,
1413393965655760640,-3907.22883,2088.02637,-680.16349,0.13830,0.84878,-0.14086,0.49051,
1413393965755760384,-3910.10404,2089.33154,-681.44618,0.17772,0.83473,-0.16925,0.49294,
1413393965855760640,-3917.43791,2088.11402,-682.09000,0.16889,0.81422,-0.17537,0.52703,
1413393965955760384,-3924.75525,2086.88925,-682.74134,0.17266,0.80215,-0.17219,0.54507,
1413393966055760384,-3932.05915,2085.65820,-683.39992,0.18436,0.79829,-0.16315,0.54966,
1413393966155760640,-3939.35052,2084.42562,-684.05159,0.17742,0.79734,-0.16795,0.55188,
1413393966255760384,-3946.62979,2083.19039,-684.68932,0.17183,0.79757,-0.17189,0.55209,
1413393966355760640,-3953.89648,2081.95017,-685.31198,0.18321,0.79824,-0.16269,0.55025,
1413393966455760384,-3961.15235,2080.70932,-685.91831,0.19616,0.78936,-0.15073,0.56188,
1413393966555760384,-3968.39969,2079.47005,-686.52050,0.19176,0.77370,-0.15032,0.58482,
1413393966655760640,-3975.64344,2078.23037,-687.13197,0.18402,0.76041,-0.15298,0.60375,
1413393966755760384,-3982.88904,2076.99009,-687.75463,0.17822,0.75127,-0.15606,0.61602,
1413393966855760640,-3990.13844,2075.74802,-688.38733,0.17316,0.74880,-0.15995,0.61946,
1413393966955760384,-3997.39234,2074.50230,-689.03062,0.15620,0.75726,-0.17536,0.60943,
1413393967055760384,-4004.64987,2073.24853,-689.68156,0.13435,0.76584,-0.20035,0.59607,
1413393967155760640,-4011.90913,2071.98091,-690.33802,0.12328,0.76966,-0.21894,0.58693,
1413393967255760384,-4019.17047,2070.69534,-690.99918,0.12293,0.76818,-0.23271,0.58364,
1413393967355760640,-4026.43482,2069.38966,-691.66686,0.13411,0.76234,-0.24531,0.58367,
1413393967455760384,-4033.70279,2068.06395,-692.34196,0.15057,0.75192,-0.26273,0.58559,
1413393967555760384,-4040.97522,2066.71963,-693.02270,0.16455,0.74166,-0.28625,0.58389,
1413393967655760640,-4048.25472,2065.35705,-693.70254,0.17765,0.73333,-0.31285,0.57687,
1413393967755760384,-4055.54162,2063.97462,-694.37795,0.19636,0.72578,-0.33711,0.56661,
1413393967855760640,-4062.83718,2062.56859,-695.04607,0.21305,0.71985,-0.36039,0.55367,
1413393967955760384,-4070.14052,2061.14590,-695.70569,0.21745,0.72514,-0.38472,0.52809,
1413393968055760384,-4077.44740,2059.69965,-696.35050,0.22033,0.73178,-0.40147,0.50476,
1413393968155760640,-4084.75566,2058.22705,-696.97900,0.22615,0.73101,-0.40956,0.49673,
1413393968255760384,-4092.06401,2056.72844,-697.60266,0.22294,0.72676,-0.41907,0.49649,
1413393968355760640,-4099.37394,2055.20429,-698.23386,0.22563,0.73050,-0.41918,0.48964,
1413393968455760384,-4106.68377,2053.65436,-698.87447,0.24012,0.73955,-0.40780,0.47864,
1413393968555760384,-4113.99037,2052.08128,-699.52462,0.25455,0.74052,-0.39531,0.48017,
1413393968755760384,-4126.54282,2052.10692,-700.87534,0.27300,0.73424,-0.40088,0.47505,
1413393968855760640,-4133.63287,2050.79999,-701.55825,0.28131,0.72306,-0.40790,0.48132,
1413393968955760384,-4140.71371,2049.43907,-702.24665,0.29098,0.70168,-0.42101,0.49571,
1413393969055760384,-4147.79619,2048.05783,-702.94676,0.29772,0.67794,-0.44182,0.50651,
1413393969155760640,-4152.86922,2044.17037,-702.77085,0.31252,0.66014,-0.46241,0.50271,
1413393969255760384,-4155.46015,2039.06798,-701.96192,0.33660,0.64551,-0.48671,0.48283,
1413393969355760640,-4158.48278,2036.34005,-701.21009,0.35405,0.63004,-0.51317,0.46298,
1413393969455760384,-4161.79581,2037.92617,-701.11013,0.36822,0.60227,-0.54271,0.45514,
1413393969555760384,-4167.29767,2042.32900,-702.05751,-0.37592,-0.56495,0.57157,-0.46133,
1413393969655760640,-4174.33497,2040.25314,-702.71542,-0.36743,-0.54979,0.59438,-0.45765,
1413393969755760384,-4179.60342,2038.66936,-702.81238,-0.36835,-0.53838,0.61512,-0.44281,
1413393969855760640,-4183.41024,2034.78807,-703.98467,-0.38415,-0.52211,0.63705,-0.41714,
1413393969955760384,-4158.50191,2015.70695,-706.04867,-0.49662,-0.42844,0.69413,-0.29662,
1413393970055760384,-4171.28615,2029.53276,-697.83831,-0.44429,-0.50536,0.64801,-0.35679,
1413393970155760640,-4178.27647,2033.59501,-698.19823,-0.45028,-0.52793,0.62590,-0.35607,
1413393970255760384,-4170.03022,2019.05132,-700.17212,-0.49781,-0.49157,0.66399,-0.26394,
1413393970355760640,-4174.18294,2018.96735,-697.94608,-0.48529,-0.51020,0.65444,-0.27550,
1413393970455760384,-4179.07814,2024.58289,-695.20226,-0.46905,-0.53472,0.62886,-0.31401,
1413393970555760384,-4184.24415,2020.17823,-700.81854,-0.49281,-0.51874,0.62619,-0.30972,
1413393970655760640,-4184.65526,2016.64056,-695.90060,-0.49608,-0.52071,0.62445,-0.30468,
1413393970755760384,-4185.38494,2019.36590,-693.52108,0.51130,0.52925,-0.60150,0.31092,
1413393970855760640,-4186.46462,2018.80005,-693.16154,0.52884,0.53899,-0.58740,0.29117,
1413393970955760384,-4183.66985,2013.60124,-700.64976,0.57142,0.51183,-0.59285,0.24503,
1413393971055760384,-4178.16388,2013.10088,-699.77739,0.56977,0.50785,-0.59254,0.25757,
1413393971155760640,-4173.43672,2015.10312,-700.52066,0.59130,0.47277,-0.59227,0.27580,
1413393971255760384,-4181.33946,2014.24886,-698.47776,0.58363,0.47655,-0.57275,0.32284,
1413393971355760640,-4183.49849,2011.87937,-695.66491,0.58825,0.47473,-0.55569,0.34612,
1413393971455760384,-4178.63252,2011.62845,-699.80082,0.61857,0.44112,-0.55640,0.33646,
1413393971555760384,-4177.78956,2013.00966,-698.47531,0.59216,0.44449,-0.57755,0.34383,
1413393971655760640,-4193.47751,2016.42503,-694.06733,0.50092,0.48381,-0.58777,0.41174,
1413393971755760384,-4199.20709,2006.15521,-695.71681,-0.44539,-0.48869,0.61286,-0.43267,
1413393971855760640,-4193.84420,2000.33370,-702.74454,-0.47788,-0.42709,0.65026,-0.40791,
1413393971955760384,-4185.83873,2006.12032,-701.84522,-0.49784,-0.40001,0.66122,-0.39362,
1413393972055760384,-4195.42916,2006.11218,-700.62989,-0.48152,-0.43609,0.65040,-0.39363,
1413393972155760640,-4196.94801,1998.72143,-698.06088,-0.44446,-0.48959,0.63617,-0.39755,
1413393972255760384,-4193.54844,2004.40686,-701.56066,-0.49749,-0.41199,0.68848,-0.32978,
1413393972355760640,-4208.12223,2010.48754,-695.64613,-0.46906,-0.47642,0.65161,-0.35835,
1413393972455760384,-4223.12610,2012.49519,-698.46688,-0.45933,-0.52540,0.60221,-0.38769,
1413393972555760384,-4236.28799,2009.20386,-700.65497,-0.43579,-0.57047,0.57367,-0.39441,
1413393972655760640,-4246.75871,2007.80566,-701.75790,-0.43702,-0.56627,0.59817,-0.36131,
1413393972755760384,-4255.99344,2007.13044,-702.83971,-0.43841,-0.56398,0.60520,-0.35136,
1413393972955760384,-4261.66589,2005.16346,-701.92447,-0.46189,-0.54847,0.61298,-0.33180,
1413393973155760640,-4271.64510,2000.15966,-701.18040,-0.48890,-0.52571,0.62547,-0.30561,
1413393973255760384,-4261.34580,1976.23026,-708.02782,0.55954,0.45983,-0.65073,0.22808,
1413393973355760640,-4246.03304,1978.60422,-704.34449,0.59074,0.44225,-0.63289,0.23430,
1413393973455760384,-4247.98507,1976.96765,-704.12652,0.60321,0.43867,-0.61748,0.24987,
1413393973555760384,-4247.47165,1979.31158,-691.75099,0.58594,0.46291,-0.60241,0.28193,
1413393973655760640,-4242.80023,1975.34228,-697.32798,0.61470,0.42798,-0.60512,0.26981,
1413393973755760384,-4235.92539,1979.44266,-702.75970,0.61436,0.39058,-0.62671,0.27793,
1413393973855760640,-4247.41759,1984.23020,-701.00255,0.55495,0.39525,-0.65886,0.31892,
1413393973955760384,-4258.45382,1983.08147,-699.14919,-0.47941,-0.40551,0.68990,-0.36023,
1413393974055760384,-4259.79237,1982.50096,-704.06063,-0.45734,-0.38334,0.73316,-0.32614,
1413393974155760640,-4250.62452,1983.53511,-706.74246,-0.45801,-0.33558,0.78232,-0.25609,
1413393974255760384,-4241.44456,1991.42496,-700.97218,-0.44004,-0.35715,0.79835,-0.20356,
1413393974355760640,-4235.69271,2003.81075,-694.45877,-0.45900,-0.33079,0.81356,-0.13425,
1413393974455760384,-4235.02984,2005.31644,-693.64883,-0.46653,-0.35700,0.80407,-0.09150,
1413393974555760384,-4234.38204,2006.78244,-692.82734,-0.49149,-0.38209,0.78020,-0.06114,
1413393974655760640,-4233.73839,2008.20510,-691.99953,0.52979,0.39631,-0.74788,0.05424,
1413393974755760384,-4233.08683,2009.58963,-691.17198,0.57450,0.39964,-0.71126,0.06588,
1413393974855760640,-4232.41908,2010.94591,-690.35510,0.60893,0.39259,-0.68349,0.08902,
1413393974955760384,-4231.73247,2012.28277,-689.55486,0.62915,0.37447,-0.66963,0.12465,
1413393975055760384,-4231.02659,2013.60845,-688.77227,0.64069,0.35583,-0.66206,0.15679,
1413393975155760640,-4230.30098,2014.92985,-688.00516,0.64284,0.34032,-0.66187,0.18129,
1413393975255760384,-4229.55596,2016.25097,-687.24580,0.63749,0.33170,-0.66804,0.19314,
1413393975355760640,-4228.79068,2017.57377,-686.48194,0.63656,0.33009,-0.66941,0.19421,
1413393975455760384,-4228.00302,2018.89852,-685.71307,0.64530,0.33332,-0.66113,0.18813,
1413393975555760384,-4227.19337,2020.22630,-684.94253,0.65454,0.33636,-0.65177,0.18341,
1413393975655760640,-4226.35847,2021.55677,-684.17258,0.65876,0.33652,-0.64722,0.18411,
1413393975755760384,-4225.49851,2022.89025,-683.40578,0.65242,0.32836,-0.65396,0.19714,
1413393975855760640,-4224.61596,2024.22824,-682.63884,0.64619,0.31651,-0.66152,0.21129,
1413393975955760384,-4223.71467,2025.57258,-681.87074,0.64113,0.30578,-0.66864,0.21994,
1413393976055760384,-4222.79920,2026.92417,-681.10497,0.63499,0.30431,-0.67814,0.21048,
1413393976155760640,-4221.87133,2028.28077,-680.34730,0.63074,0.30384,-0.68559,0.19956,
1413393976255760384,-4220.93161,2029.64009,-679.59898,0.62642,0.29872,-0.69182,0.19939,
1413393976355760640,-4219.98137,2031.00161,-678.85481,0.62683,0.29010,-0.69234,0.20880,
1413393976455760384,-4219.01845,2032.36787,-678.10287,0.62836,0.28656,-0.68897,0.21995,
1413393976555760384,-4218.04240,2033.74120,-677.34059,0.62035,0.29476,-0.69078,0.22609,
1413393976655760640,-4217.05798,2035.12041,-676.57535,0.61097,0.30664,-0.69309,0.22871,
1413393976755760384,-4216.06740,2036.50349,-675.81624,0.60315,0.31343,-0.69370,0.23824,
1413393976855760640,-4215.07337,2037.89013,-675.06441,0.59146,0.32131,-0.69943,0.24027,
1413393976955760384,-4214.07537,2039.28094,-674.31082,0.57647,0.33426,-0.70985,0.22819,
1413393977055760384,-4213.07318,2040.67199,-673.55077,0.57152,0.34944,-0.71310,0.20673,
1413393977155760640,-4212.06698,2042.05458,-672.77918,0.57732,0.35968,-0.70773,0.19090,
1413393977255760384,-4211.05273,2043.42401,-671.98939,0.58823,0.36364,-0.69845,0.18417,
1413393977355760640,-4210.02610,2044.78136,-671.18665,0.59764,0.36404,-0.69065,0.18249,
1413393977455760384,-4208.98481,2046.12893,-670.37301,0.60354,0.36288,-0.68668,0.18033,
1413393977555760384,-4207.92953,2047.46711,-669.55742,0.60645,0.36262,-0.68575,0.17456,
1413393977655760640,-4206.86125,2048.79650,-668.74951,0.60731,0.36092,-0.68673,0.17119,
1413393977855760640,-4207.96250,2055.81540,-667.19218,0.61139,0.35356,-0.68771,0.16810,
1413393977955760384,-4207.18103,2057.55907,-666.40715,0.61251,0.34969,-0.68894,0.16704,
1413393978155760640,-4211.56692,2064.17778,-665.34118,0.60424,0.34700,-0.69231,0.18758,
1413393978255760384,-4211.29319,2066.19407,-664.59807,0.60482,0.33715,-0.69532,0.19249,
1413393978355760640,-4211.01002,2068.20791,-663.85324,0.60911,0.32216,-0.69753,0.19660,
1413393978455760384,-4210.71530,2070.22151,-663.10643,0.61612,0.30238,-0.69980,0.19809,
1413393978555760384,-4210.10800,2072.97811,-662.37292,0.62728,0.27580,-0.70232,0.19288,
1413393978655760640,-4209.76386,2075.06687,-661.62582,0.63310,0.25033,-0.70948,0.18207,
1413393978755760384,-4209.40479,2077.16074,-660.87904,0.63483,0.22390,-0.72041,0.16695,
1413393978855760640,-4209.03967,2079.26017,-660.13029,0.63621,0.19619,-0.73024,0.15327,
1413393978955760384,-4208.57811,2081.59352,-659.44252,0.64186,0.16551,-0.73573,0.13903,
1413393979055760384,-4208.22111,2083.51808,-658.74040,0.64550,0.13438,-0.74072,0.12887,
1413393979155760640,-4207.82751,2085.63888,-657.99928,0.64964,0.10205,-0.74436,0.11614,
1413393979255760384,-4208.07677,2086.95358,-657.34484,0.65211,0.07591,-0.74753,0.10096,
1413393979355760640,-4208.03761,2088.59008,-656.81952,0.65594,0.04385,-0.74863,0.08584,
1413393979455760384,-4207.87001,2090.29712,-656.33059,0.65860,0.00848,-0.74898,0.07216,
1413393979555760384,-4207.30616,2092.26797,-655.89963,0.66089,-0.03243,-0.74768,0.05607,
1413393979655760640,-4206.58061,2093.95220,-655.80391,0.66235,-0.07639,-0.74486,0.02549,
1413393979755760384,-4206.01639,2096.23527,-655.13385,0.66206,-0.10294,-0.74234,0.00449,
1413393979855760640,-4205.87625,2098.89009,-654.02504,0.65915,-0.11308,-0.74340,-0.00929,
1413393979955760384,-4205.38013,2101.19592,-653.38326,0.65363,-0.13677,-0.74356,-0.03438,
1413393980055760384,-4204.43954,2102.82922,-653.33489,0.64319,-0.17626,-0.74138,-0.07485,
1413393980155760640,-4203.32293,2104.95470,-653.11105,0.62666,-0.20496,-0.74337,-0.11268,
1413393980255760384,-4202.89309,2107.59934,-651.98304,0.60828,-0.21040,-0.75473,-0.12688,
1413393980355760640,-4202.59293,2109.49524,-651.06467,0.59463,-0.22022,-0.76030,-0.14095,
1413393980455760384,-4202.33698,2110.57879,-650.71421,0.59028,-0.23379,-0.75575,-0.16045,
1413393980555760384,-4201.96464,2112.16367,-650.29172,0.60034,-0.23705,-0.74410,-0.17239,
1413393980655760640,-4201.15197,2114.93734,-649.30008,0.61680,-0.22775,-0.73338,-0.17277,
1413393980755760384,-4200.54158,2117.08364,-648.53328,0.62100,-0.22683,-0.72972,-0.17440,
1413393980855760640,-4204.22316,2113.63658,-651.40667,0.59900,-0.27080,-0.72161,-0.21714,
1413393980955760384,-4201.09619,2116.66659,-648.75290,0.58898,-0.27551,-0.73535,-0.19093,
1413393981055760384,-4199.58603,2121.01689,-647.28944,0.59896,-0.26000,-0.74325,-0.14568,
1413393981155760640,-4205.25251,2115.83140,-650.20752,0.58319,-0.32254,-0.71495,-0.21144,
1413393981255760384,-4200.18550,2121.82696,-647.16053,0.60571,-0.28578,-0.72775,-0.14774,
1413393981355760640,-4198.73968,2125.12121,-645.86355,0.61321,-0.27534,-0.72854,-0.13186,
1413393981455760384,-4197.75822,2127.35818,-644.96282,0.60836,-0.27215,-0.73297,-0.13633,
1413393981555760384,-4197.21527,2129.27060,-644.40661,0.60440,-0.26259,-0.73733,-0.14862,
1413393981655760640,-4196.58128,2131.17111,-643.83734,0.60164,-0.25560,-0.74018,-0.15756,
1413393981755760384,-4195.75077,2133.57417,-643.16564,0.60190,-0.24481,-0.74314,-0.15976,
1413393981855760640,-4195.07058,2135.52577,-642.57598,0.60363,-0.23680,-0.74246,-0.16829,
1413393981955760384,-4194.27700,2138.07615,-642.08667,0.61292,-0.21441,-0.74223,-0.16566,
1413393982055760384,-4193.64606,2139.65040,-641.42927,0.61702,-0.20112,-0.74201,-0.16808,
1413393982155760640,-4192.80877,2141.87075,-640.69977,0.62706,-0.17334,-0.74358,-0.15439,
1413393982255760384,-4191.99114,2143.90173,-639.94458,0.63471,-0.14456,-0.74663,-0.13706,
1413393982355760640,-4191.17616,2146.30452,-639.36979,0.64191,-0.10458,-0.75156,-0.11030,
1413393982455760384,-4190.72598,2147.82958,-639.09782,0.64043,-0.06723,-0.75961,-0.09123,
1413393982555760384,-4189.88555,2149.94191,-638.57988,0.64042,-0.01862,-0.76522,-0.06281,
1413393982655760640,-4189.09576,2151.89257,-638.05754,0.63979,0.03367,-0.76692,-0.03694,
1413393982755760384,-4188.64985,2153.31383,-637.47544,0.63563,0.08488,-0.76713,-0.01651,
1413393982855760640,-4187.94629,2155.14412,-637.01169,0.63475,0.14680,-0.75860,0.00818,
1413393982955760384,-4187.19692,2157.03302,-636.44342,0.62951,0.20632,-0.74839,0.03269,
1413393983055760384,-4186.43508,2158.90742,-635.87848,0.62056,0.26206,-0.73675,0.05852,
1413393983155760640,-4185.65960,2160.76459,-635.31469,0.61084,0.31684,-0.72107,0.08093,
1413393983255760384,-4184.86887,2162.60277,-634.75336,0.60020,0.36956,-0.70209,0.10130,
1413393983355760640,-4184.05974,2164.41992,-634.19420,0.58906,0.41936,-0.67989,0.12199,
1413393983455760384,-4183.22854,2166.21434,-633.63589,0.57938,0.46439,-0.65377,0.14578,
1413393983555760384,-4182.37123,2167.98589,-633.07741,0.57010,0.50434,-0.62511,0.17281,
1413393983655760640,-4181.48470,2169.73675,-632.51951,0.55880,0.54144,-0.59573,0.19922,
1413393983755760384,-4180.56759,2171.46954,-631.96306,0.54348,0.57390,-0.56896,0.22707,
1413393983855760640,-4179.61909,2173.18675,-631.40855,0.52356,0.60224,-0.54648,0.25408,
1413393983955760384,-4178.63932,2174.88958,-630.85461,0.50542,0.62820,-0.52252,0.27727,
1413393984055760384,-4177.62850,2176.57939,-630.30288,0.48852,0.65346,-0.49627,0.29675,
1413393984155760640,-4176.58482,2178.25736,-629.75246,0.47183,0.67812,-0.46721,0.31503,
1413393984255760384,-4175.50761,2179.92602,-629.20338,0.45365,0.70104,-0.43797,0.33306,
1413393984355760640,-4173.73795,2181.93840,-628.66923,0.43485,0.71742,-0.41600,0.35093,
1413393984455760384,-4172.52266,2183.63238,-628.12374,0.41646,0.73196,-0.39376,0.36844,
1413393984555760384,-4170.81764,2183.99541,-627.67889,0.39794,0.74732,-0.37495,0.37759,
1413393984655760640,-4170.11716,2185.54438,-627.27590,0.37231,0.75626,-0.36430,0.39590,
1413393984755760384,-4168.87961,2186.81298,-627.01552,0.34474,0.75729,-0.37347,0.41010,
1413393984855760640,-4167.82753,2188.48711,-626.60015,0.31993,0.75473,-0.38700,0.42221,
1413393984955760384,-4166.35692,2188.77142,-625.99463,0.29315,0.75337,-0.41303,0.41941,
1413393985055760384,-4165.75261,2190.98483,-625.90565,0.29191,0.73787,-0.43855,0.42191,
1413393985155760640,-4164.17562,2191.58300,-625.54127,0.31263,0.72660,-0.45489,0.40913,
1413393985255760384,-4163.43794,2192.98424,-625.39564,0.34325,0.70919,-0.46568,0.40295,
1413393985355760640,-4162.39922,2193.29914,-625.28338,0.37555,0.69563,-0.47627,0.38500,
1413393985455760384,-4161.56090,2195.00449,-624.96218,0.40585,0.67309,-0.49325,0.37275,
1413393985555760384,-4160.06170,2196.32780,-624.46142,0.43052,0.65065,-0.51437,0.35600,
1413393985655760640,-4158.81078,2197.54514,-624.11283,0.43961,0.62850,-0.54445,0.33957,
1413393985755760384,-4157.54672,2198.74778,-623.76447,0.44139,0.60633,-0.57783,0.32194,
1413393985855760640,-4155.61962,2200.73429,-623.08510,-0.44544,-0.58177,0.60817,-0.30537,
1413393985955760384,-4153.63530,2202.78350,-622.41411,-0.45232,-0.55300,0.63566,-0.29247,
1413393986055760384,-4152.20942,2204.10244,-621.98075,-0.46157,-0.52599,0.65618,-0.28236,
1413393986155760640,-4150.78281,2205.40325,-621.54204,-0.47158,-0.49614,0.67484,-0.27578,
1413393986255760384,-4149.35882,2206.68698,-621.09826,-0.48069,-0.46168,0.69306,-0.27470,
1413393986355760640,-4147.94114,2207.95583,-620.64907,-0.49065,-0.42700,0.70953,-0.27110,
1413393986455760384,-4146.53325,2209.21173,-620.19455,0.50275,0.39313,-0.72343,0.26333,
1413393986555760384,-4145.13441,2210.46107,-619.73101,0.52709,0.36921,-0.72629,0.24159,
1413393986655760640,-4143.74285,2211.70165,-619.26046,0.56056,0.35555,-0.71917,0.20530,
1413393986755760384,-4142.35028,2212.93311,-618.78563,0.59277,0.33779,-0.70984,0.17506,
1413393986855760640,-4140.94863,2214.15648,-618.30857,0.62067,0.31908,-0.70071,0.14816,
1413393986955760384,-4139.53264,2215.37132,-617.83323,0.63508,0.30261,-0.69878,0.12965,
1413393987055760384,-4138.10165,2216.57689,-617.36340,0.63300,0.28852,-0.70845,0.11903,
1413393987155760640,-4136.65831,2217.77286,-616.90167,0.62836,0.27920,-0.71736,0.11229,
1413393987255760384,-4135.20499,2218.95839,-616.44584,0.62377,0.27344,-0.72419,0.10807,
1413393987355760640,-4133.74181,2220.13215,-615.98682,0.62018,0.27054,-0.72864,0.10613,
1413393987455760384,-4132.26859,2221.29413,-615.52277,0.61776,0.27031,-0.73075,0.10634,
1413393987555760384,-4130.78596,2222.44538,-615.05480,0.61924,0.26980,-0.72982,0.10544,
1413393987655760640,-4129.29480,2223.58698,-614.58543,0.62356,0.26596,-0.72816,0.10108,
1413393987755760384,-4127.79485,2224.71919,-614.11567,0.62734,0.25623,-0.72890,0.09738,
1413393987855760640,-4126.28535,2225.84307,-613.64893,0.62768,0.24517,-0.73238,0.09765,
1413393987955760384,-4124.76877,2226.95947,-613.19201,0.62643,0.23624,-0.73622,0.09875,
1413393988055760384,-4123.24695,2228.06912,-612.74780,0.62716,0.23022,-0.73761,0.09798,
1413393988155760640,-4121.71951,2229.17239,-612.31344,0.63142,0.22744,-0.73535,0.09404,
1413393988255760384,-4120.18450,2230.26973,-611.88909,0.63764,0.22739,-0.73082,0.08728,
1413393988355760640,-4118.63982,2231.35956,-611.46905,0.64309,0.22906,-0.72625,0.08088,
1413393988455760384,-4117.08308,2232.44021,-611.04736,0.64664,0.23482,-0.72256,0.06799,
1413393988555760384,-4115.51209,2233.50951,-610.62335,0.64757,0.24449,-0.72016,0.04733,
1413393988655760640,-4113.92497,2234.56327,-610.19653,0.64827,0.24580,-0.71944,0.04169,
1413393988755760384,-4112.32189,2235.60159,-609.76878,0.64212,0.23447,-0.72772,0.05588,
1413393988855760640,-4110.70631,2236.62800,-609.33782,0.62737,0.21099,-0.74552,0.07804,
1413393988955760384,-4109.08434,2237.64630,-608.89205,0.60850,0.17960,-0.76651,0.09968,
1413393989055760384,-4107.46099,2238.66353,-608.42861,0.59221,0.14973,-0.78374,0.11233,
1413393989155760640,-4105.84217,2239.68476,-607.94564,0.57600,0.12365,-0.79915,0.11959,
1413393989255760384,-4104.23424,2240.71358,-607.44008,0.56774,0.10993,-0.80824,0.11108,
1413393989355760640,-4102.63830,2241.74893,-606.91358,0.59794,0.12262,-0.78894,0.07080,
1413393989455760384,-4101.04578,2242.78315,-606.38217,0.63866,0.13402,-0.75679,0.03776,
1413393989555760384,-4099.44805,2243.81204,-605.86166,0.66695,0.13948,-0.73162,0.02107,
1413393989655760640,-4097.83903,2244.83478,-605.35814,0.67559,0.14025,-0.72367,0.01410,
1413393989755760384,-4096.21770,2245.85020,-604.86894,0.67212,0.13421,-0.72810,0.01079,
1413393989855760640,-4094.58432,2246.86071,-604.39076,0.66858,0.11806,-0.73406,0.01507,
1413393989955760384,-4092.93936,2247.86762,-603.92127,0.66818,0.09218,-0.73785,0.02485,
1413393990055760384,-4091.28292,2248.87510,-603.45937,0.67201,0.05946,-0.73759,0.02873,
1413393990155760640,-4089.61431,2249.88757,-603.00478,0.67633,0.02650,-0.73594,0.01645,
1413393990255760384,-4087.93281,2250.90534,-602.55864,0.67732,-0.00964,-0.73562,-0.00141,
1413393990355760640,-4086.23646,2251.92914,-602.11953,0.67129,-0.05005,-0.73929,-0.01772,
1413393990455760384,-4084.52337,2252.95778,-601.67778,0.66451,-0.09271,-0.74084,-0.03139,
1413393990555760384,-4082.79442,2253.99255,-601.23216,0.65351,-0.13499,-0.74366,-0.04082,
1413393990655760640,-4080.38515,2255.35619,-600.73990,0.62665,-0.17459,-0.75786,-0.04969,
1413393990755760384,-4077.64720,2248.82574,-601.32894,0.58614,-0.24957,-0.75729,-0.14372,
1413393990855760640,-4079.23661,2256.85601,-600.62901,0.55086,-0.13640,-0.81981,-0.07660,
1413393990955760384,-4078.18539,2261.82828,-599.42453,0.54978,-0.09498,-0.82617,-0.07856,
1413393991055760384,-4075.93836,2263.83341,-598.68015,0.58339,-0.08598,-0.80006,-0.11030,
1413393991155760640,-4073.84561,2265.11010,-598.15858,0.63570,-0.08230,-0.75664,-0.12886,
1413393991255760384,-4072.25770,2266.68990,-597.61791,0.69040,-0.07702,-0.70826,-0.12566,
1413393991355760640,-4070.72253,2268.35635,-597.14807,0.72951,-0.07509,-0.67071,-0.11103,
1413393991455760384,-4068.99183,2269.82247,-596.63477,0.73456,-0.08210,-0.66799,-0.08637,
1413393991555760384,-4067.31005,2271.37354,-596.12167,0.70781,-0.09706,-0.69776,-0.05204,
1413393991655760640,-4065.60228,2272.93107,-595.60959,0.67136,-0.11332,-0.73221,-0.01743,
1413393991755760384,-4063.87530,2274.50251,-595.09272,0.63903,-0.12369,-0.75917,0.00098,
1413393991855760640,-4062.13658,2276.09326,-594.56505,0.62986,-0.12387,-0.76676,-0.00397,
1413393991955760384,-4060.19231,2277.44613,-594.05893,0.65481,-0.10611,-0.74696,-0.04486,
1413393992055760384,-4058.95829,2279.82174,-593.14390,0.68651,-0.08305,-0.71885,-0.07111,
1413393992155760640,-4055.75955,2280.05553,-592.72474,0.69792,-0.09876,-0.70078,-0.10983,
1413393992255760384,-4053.99240,2281.55800,-592.31083,0.67151,-0.10052,-0.72598,-0.10921,
1413393992355760640,-4052.07020,2283.04816,-591.76555,0.63990,-0.11444,-0.75427,-0.09225,
1413393992455760384,-4050.22215,2284.66034,-591.24727,0.62065,-0.13089,-0.77088,-0.05841,
1413393992555760384,-4048.21075,2286.38237,-590.56334,0.62424,-0.14179,-0.76708,-0.04265,
1413393992655760640,-4046.41615,2288.24555,-590.02719,0.64806,-0.13553,-0.74755,-0.05314,
1413393992755760384,-4044.56027,2290.00013,-589.47051,0.68377,-0.11638,-0.71578,-0.08104,
1413393992855760640,-4042.60412,2291.75519,-588.89174,0.70476,-0.09988,-0.69461,-0.10420,
1413393992955760384,-4040.82439,2293.08769,-588.51223,0.69474,-0.09885,-0.70291,-0.11610,
1413393993055760384,-4038.61377,2294.19440,-588.14902,0.66630,-0.10110,-0.72955,-0.11654,
1413393993155760640,-4036.56643,2295.52966,-587.63084,0.63700,-0.11656,-0.75338,-0.11427,
1413393993255760384,-4034.45757,2297.16102,-587.05464,0.59883,-0.13015,-0.78414,-0.09788,
1413393993355760640,-4032.42864,2298.69022,-586.53847,0.56392,-0.13855,-0.80944,-0.08726,
1413393993455760384,-4030.40931,2300.22837,-586.01192,0.55080,-0.13559,-0.81825,-0.09329,
1413393993555760384,-4028.34128,2302.24334,-585.44939,0.57466,-0.12365,-0.80269,-0.10083,
1413393993655760640,-4026.33465,2303.84598,-584.89796,0.62235,-0.11395,-0.76624,-0.11214,
1413393993755760384,-4024.32348,2305.44663,-584.34278,0.67260,-0.10428,-0.72227,-0.12271,
1413393993855760640,-4022.29942,2307.04570,-583.80939,0.70756,-0.09696,-0.68772,-0.13038,
1413393993955760384,-4020.26121,2308.64670,-583.29871,0.73112,-0.09280,-0.66244,-0.13427,
1413393994055760384,-4018.18844,2310.23251,-582.79735,0.74698,-0.09509,-0.64565,-0.12695,
1413393994155760640,-4016.07239,2311.80715,-582.28578,0.74943,-0.10484,-0.64465,-0.10861,
1413393994255760384,-4013.91024,2313.37236,-581.76048,0.73889,-0.11720,-0.65782,-0.08708,
1413393994355760640,-4011.71015,2314.93607,-581.22189,0.70601,-0.12883,-0.69287,-0.06995,
1413393994455760384,-4009.48594,2316.50688,-580.68825,0.65440,-0.13817,-0.74104,-0.05948,
1413393994555760384,-4007.25236,2318.08740,-580.17510,0.59523,-0.14636,-0.78835,-0.05284,
1413393994655760640,-4005.02040,2319.68055,-579.68174,0.54254,-0.15539,-0.82412,-0.04814,
1413393994755760384,-4002.80272,2321.29079,-579.19588,0.50792,-0.16084,-0.84471,-0.05115,
1413393994855760640,-4000.37871,2322.78287,-578.71139,0.51948,-0.14614,-0.83872,-0.07301,
1413393994955760384,-3997.51000,2322.17952,-578.72286,0.57880,-0.06403,-0.81012,-0.06782,
1413393995055760384,-3995.24134,2323.53777,-578.26733,0.61784,-0.06510,-0.78061,-0.06843,
1413393995155760640,-3992.96975,2324.89555,-577.81626,0.64623,-0.07003,-0.75796,-0.05464,
1413393995255760384,-3990.69239,2326.25906,-577.37264,0.66117,-0.07273,-0.74625,-0.02579,
1413393995355760640,-3988.39947,2327.62382,-576.93385,0.66508,-0.06263,-0.74414,0.00030,
1413393995455760384,-3986.09227,2328.99711,-576.49321,0.66580,-0.03999,-0.74476,0.02112,
1413393995555760384,-3983.77115,2330.38031,-576.04781,0.66611,-0.00688,-0.74498,0.03545,
1413393995655760640,-3981.43670,2331.77170,-575.59802,0.66836,0.03547,-0.74164,0.04466,
1413393995755760384,-3979.08765,2333.16744,-575.14470,0.67380,0.08503,-0.73223,0.05111,
1413393995855760640,-3976.72214,2334.56328,-574.68912,0.67684,0.13337,-0.72092,0.06608,
1413393995955760384,-3974.33865,2335.95791,-574.23388,0.67648,0.17720,-0.70944,0.08754,
1413393996055760384,-3971.93627,2337.35227,-573.78032,0.67377,0.21329,-0.69924,0.10770,
1413393996155760640,-3969.51456,2338.74611,-573.32783,0.66963,0.23617,-0.69254,0.12731,
1413393996255760384,-3967.07525,2340.13954,-572.87838,0.65485,0.25056,-0.69838,0.14368,
1413393996355760640,-3964.62087,2341.53326,-572.43121,0.63755,0.26393,-0.70902,0.14545,
1413393996455760384,-3962.15567,2342.92435,-571.99064,0.62488,0.27488,-0.71729,0.13950,
1413393996555760384,-3959.68238,2344.30986,-571.56090,0.61363,0.28096,-0.72578,0.13327,
1413393996655760640,-3957.20175,2345.68645,-571.13763,0.60420,0.28569,-0.73280,0.12776,
1413393996755760384,-3954.71349,2347.05036,-570.71137,0.59865,0.29217,-0.73499,0.12670,
1413393996855760640,-3952.21791,2348.39984,-570.27920,0.59869,0.30360,-0.73022,0.12718,
1413393996955760384,-3949.71367,2349.73446,-569.84290,0.59743,0.31789,-0.72483,0.12899,
1413393997055760384,-3947.20035,2351.05394,-569.40266,0.59393,0.33125,-0.72103,0.13281,
1413393997155760640,-3944.67840,2352.35777,-568.95889,0.59161,0.34150,-0.71757,0.13590,
1413393997255760384,-3942.14712,2353.64533,-568.51086,0.59497,0.34718,-0.71080,0.14228,
1413393997355760640,-3939.60587,2354.91826,-568.06355,0.59895,0.35204,-0.70405,0.14709,
1413393997555760384,-3941.56596,2365.64563,-566.99594,0.58341,0.39623,-0.67600,0.21368,
1413393997655760640,-3939.70971,2367.72717,-566.55226,0.58627,0.39631,-0.67266,0.21622,
1413393997755760384,-3937.84074,2369.80078,-566.10293,0.58545,0.39656,-0.67316,0.21642,
1413393997855760640,-3935.95913,2371.86666,-565.64685,0.58377,0.39692,-0.67533,0.21353,
1413393997955760384,-3934.06513,2373.92408,-565.18632,0.58263,0.39660,-0.67744,0.21052,
1413393998055760384,-3932.15958,2375.97220,-564.72236,0.58185,0.39626,-0.67926,0.20746,
1413393998155760640,-3930.24301,2378.01084,-564.25635,0.58232,0.39420,-0.68093,0.20455,
1413393998255760384,-3928.31520,2380.04020,-563.78788,0.58463,0.39074,-0.68159,0.20237,
1413393998355760640,-3926.37571,2382.06027,-563.31573,0.58635,0.38646,-0.68255,0.20240,
1413393998455760384,-3924.42487,2384.07060,-562.83968,0.58029,0.38296,-0.68983,0.20185,
1413393998555760384,-3922.46405,2386.07129,-562.35824,0.57475,0.37570,-0.69653,0.20821,
1413393998655760640,-3920.49583,2388.06372,-561.87703,0.57277,0.36553,-0.69941,0.22170,
1413393998755760384,-3918.52312,2390.05125,-561.39951,0.57081,0.35669,-0.70107,0.23548,
1413393998855760640,-3916.54752,2392.03653,-560.92328,0.57204,0.35373,-0.69963,0.24118,
1413393999055760384,-3914.24805,2397.65940,-559.59844,0.58204,0.37382,-0.68445,0.23025,
1413393999155760640,-3912.42622,2399.80640,-559.08946,0.58570,0.38317,-0.68132,0.21432,
1413393999255760384,-3910.59480,2401.94783,-558.58424,0.58087,0.38708,-0.68562,0.20662,
1413393999355760640,-3908.75434,2404.08031,-558.08045,0.57073,0.38206,-0.69456,0.21419,
1413393999455760384,-3906.90703,2406.20461,-557.57652,0.56312,0.37556,-0.70108,0.22434,
1413393999555760384,-3905.05506,2408.32245,-557.07036,0.56063,0.36940,-0.70356,0.23291,
1413393999655760640,-3903.20086,2410.43375,-556.56198,0.56162,0.36381,-0.70297,0.24097,
1413393999755760384,-3901.34509,2412.54171,-556.05398,0.56190,0.36073,-0.70262,0.24591,
1413393999855760640,-3899.48855,2414.64706,-555.55309,0.56146,0.35942,-0.70250,0.24915,
1413393999955760384,-3897.63079,2416.75057,-555.05836,0.56306,0.36164,-0.70052,0.24791,
1413394000055760384,-3895.76188,2418.85294,-554.55417,0.58484,0.37362,-0.68425,0.22400,
1413394000155760640,-3893.85717,2420.95398,-554.01852,0.59124,0.37262,-0.67944,0.22350,
1413394000255760384,-3891.94671,2423.05229,-553.49802,0.60251,0.37917,-0.67179,0.20470,
1413394000355760640,-3890.03889,2425.14961,-552.99728,0.59311,0.35560,-0.68490,0.22953,
1413394000455760384,-3888.11988,2427.23735,-552.46958,0.59631,0.36322,-0.68152,0.21912,
1413394000655760640,-3884.34144,2431.22699,-551.39633,0.59649,0.36316,-0.68141,0.21908,
1413394000755760384,-3882.40818,2433.28103,-550.86991,0.59542,0.36259,-0.68235,0.22000,
1413394000955760384,-3878.52673,2437.34510,-549.83069,0.59574,0.36206,-0.68216,0.22060,
1413394001255760384,-3872.55955,2443.46019,-548.27433,0.59579,0.36162,-0.68229,0.22077,
1413394002855760640,-3837.64944,2474.53664,-540.31039,0.59917,0.35630,-0.68364,0.21606,
1413394003055760384,-3832.91458,2478.09952,-539.42934,0.59995,0.35512,-0.68372,0.21558,
