1413394889,0.28248,0.26255,0.45199,-0.01770,0.80651,0.00494,0.59093,0.44803,0.26079,0.04417,
1413394889,0.32283,0.28987,0.46590,-0.02347,0.79976,0.00356,0.59985,0.43613,0.23012,0.08001,
1413394889,0.36138,0.30793,0.48438,-0.02331,0.79191,-0.00223,0.61018,0.42632,0.19327,0.10845,
1413394889,0.40260,0.32575,0.50793,-0.01740,0.78426,0.00010,0.62018,0.40056,0.14733,0.18707,
1413394889,0.44580,0.33836,0.53222,-0.00791,0.76357,-0.00055,0.64568,0.34002,0.12634,0.26830,
1413394889,0.48019,0.34736,0.56155,0.00053,0.73087,-0.00110,0.68252,0.18960,0.11606,0.32046,
1413394890,0.50074,0.35440,0.58186,0.01211,0.71221,-0.00172,0.70186,-0.01573,0.11151,0.26606,
1413394890,0.49176,0.36304,0.59253,0.01889,0.73842,-0.00189,0.67407,-0.24394,0.12154,0.20166,
1413394890,0.46155,0.37196,0.59994,0.02844,0.78738,-0.00776,0.61576,-0.38983,0.14117,0.21041,
1413394890,0.42369,0.38634,0.61302,0.03447,0.83181,-0.01496,0.55378,-0.40011,0.17086,0.22113,
1413394890,0.39100,0.40332,0.63146,0.03623,0.86163,-0.02285,0.50572,-0.28796,0.17171,0.21510,
1413394890,0.37095,0.41905,0.64626,0.03387,0.88158,-0.02743,0.47001,-0.10409,0.14495,0.12289,
1413394890,0.36844,0.43133,0.65200,0.02795,0.89247,-0.03021,0.44922,0.12522,0.11764,0.04766,
1413394890,0.39298,0.43910,0.65476,0.02082,0.88114,-0.03237,0.47129,0.41608,0.08139,0.05695,
1413394890,0.44481,0.44299,0.65318,0.01108,0.85341,-0.03868,0.51968,0.62806,0.02376,-0.03975,
1413394890,0.51264,0.44071,0.64591,0.00693,0.81733,-0.04873,0.57407,0.70322,-0.05424,-0.07589,
1413394891,0.58645,0.42455,0.63543,0.03096,0.77726,-0.07809,0.62355,0.62969,-0.18919,-0.11379,
1413394891,0.64191,0.39680,0.62348,0.05382,0.74681,-0.08653,0.65718,0.45069,-0.24018,-0.09265,
1413394891,0.67017,0.36288,0.60647,0.08546,0.72572,-0.08868,0.67688,0.18826,-0.25992,-0.08231,
1413394891,0.67085,0.33287,0.59108,0.10482,0.73468,-0.08576,0.66476,-0.07995,-0.22471,-0.13380,
1413394891,0.64711,0.30977,0.57240,0.10948,0.77149,-0.09159,0.62002,-0.25963,-0.18070,-0.15185,
1413394891,0.60898,0.29273,0.55420,0.11103,0.81376,-0.09833,0.56197,-0.31436,-0.15619,-0.11337,
1413394891,0.57308,0.27821,0.54052,0.10997,0.84532,-0.10376,0.51243,-0.23219,-0.16914,-0.08714,
1413394891,0.55227,0.26205,0.53047,0.10641,0.86373,-0.10798,0.48060,-0.04968,-0.21091,-0.07692,
1413394891,0.55457,0.23781,0.52540,0.10830,0.87139,-0.11005,0.46566,0.19631,-0.27039,-0.03401,
1413394891,0.58335,0.20748,0.52635,0.11660,0.86526,-0.10631,0.47585,0.45818,-0.33036,0.03974,
1413394892,0.63563,0.17257,0.53223,0.12518,0.84751,-0.10329,0.50536,0.64715,-0.36228,0.07175,
1413394892,0.70349,0.13394,0.53956,0.13256,0.82863,-0.09754,0.53506,0.75782,-0.36324,0.05694,
1413394892,0.78142,0.09831,0.54584,0.13567,0.81702,-0.09051,0.55307,0.80564,-0.34507,0.06512,
1413394892,0.84989,0.04607,0.55973,0.14854,0.81175,-0.09958,0.55595,0.81325,-0.35214,0.14572,
1413394892,0.93952,0.02817,0.57776,0.15362,0.79781,-0.09346,0.57547,0.83588,-0.25033,0.30784,
1413394892,1.02302,0.00836,0.61089,0.15844,0.78105,-0.08745,0.59767,0.80180,-0.16247,0.35176,
1413394892,1.10093,-0.00130,0.64578,0.15570,0.77012,-0.07795,0.61367,0.71436,-0.05970,0.34606,
1413394892,1.16742,0.00220,0.68004,0.14608,0.76853,-0.06230,0.61979,0.62353,0.07017,0.35180,
1413394892,1.22568,0.01962,0.70939,0.12588,0.77090,-0.04191,0.62299,0.51150,0.15943,0.25807,
1413394892,1.26925,0.05062,0.72201,0.09783,0.77457,-0.01679,0.62465,0.39859,0.22638,0.07176,
1413394893,1.29923,0.09089,0.71949,0.06436,0.77747,0.01213,0.62550,0.26685,0.30366,-0.03830,
1413394893,1.31734,0.13632,0.71364,0.02817,0.78433,0.04451,0.61810,0.13600,0.37286,-0.02437,
1413394893,1.32069,0.18677,0.71030,-0.01012,0.79250,0.08023,0.60449,0.03310,0.42005,0.02952,
1413394893,1.31841,0.23429,0.71556,-0.04202,0.79851,0.11528,0.58934,-0.02625,0.45449,0.08330,
1413394893,1.31403,0.28093,0.72475,-0.06803,0.80208,0.14820,0.57451,-0.06020,0.46400,0.09873,
1413394893,1.30262,0.33068,0.73437,-0.09344,0.80564,0.18423,0.55522,-0.06067,0.48104,0.11442,
1413394893,1.28831,0.38305,0.74744,-0.11431,0.80149,0.22331,0.54285,-0.03912,0.51100,0.14958,
1413394893,1.24027,0.43920,0.76286,-0.15140,0.78549,0.27746,0.53207,-0.10605,0.54847,0.14112,
1413394893,1.20550,0.49359,0.78265,-0.18013,0.76976,0.31245,0.52668,-0.12345,0.58012,0.18915,
1413394893,1.18339,0.55418,0.80398,-0.19507,0.75217,0.33297,0.53415,-0.13270,0.61649,0.20348,
1413394894,1.15814,0.62135,0.82406,-0.19874,0.73587,0.35020,0.54439,-0.18923,0.66569,0.16191,
1413394894,1.13036,0.69186,0.83385,-0.19604,0.72355,0.36238,0.55383,-0.26377,0.70375,0.04774,
1413394894,1.09193,0.76474,0.83473,-0.18611,0.71052,0.37279,0.56705,-0.37749,0.74740,-0.01733,
1413394894,1.03830,0.83619,0.82965,-0.18161,0.70124,0.37634,0.57763,-0.52299,0.79771,-0.06288,
1413394894,0.97840,0.91708,0.81829,-0.18251,0.70160,0.37068,0.58055,-0.68043,0.85127,-0.09672,
1413394894,0.89988,0.99620,0.81090,-0.19501,0.69964,0.36764,0.58079,-0.85655,0.89523,-0.10030,
1413394894,0.80589,1.08838,0.79802,-0.21228,0.69419,0.36916,0.58031,-1.01604,0.91485,-0.14632,
1413394894,0.70646,1.17824,0.77843,-0.24309,0.69397,0.36997,0.56783,-1.14222,0.89830,-0.19495,
1413394894,0.58706,1.27386,0.75735,-0.27635,0.69462,0.37602,0.54748,-1.22642,0.86364,-0.22445,
1413394894,0.46007,1.35455,0.73491,-0.30287,0.69073,0.39027,0.52807,-1.27211,0.78670,-0.23521,
1413394895,0.34235,1.41810,0.70609,-0.31956,0.68630,0.41062,0.50819,-1.24968,0.69520,-0.27700,
1413394895,0.22177,1.47689,0.67525,-0.33263,0.67883,0.43134,0.49244,-1.22617,0.61848,-0.30865,
1413394895,0.10092,1.53363,0.64185,-0.34327,0.66641,0.45003,0.48533,-1.19121,0.55629,-0.32531,
1413394895,-0.01249,1.57623,0.60840,-0.34649,0.65515,0.46737,0.48196,-1.16089,0.49682,-0.33403,
1413394895,-0.12861,1.62389,0.57578,-0.34897,0.65132,0.47913,0.47375,-1.14833,0.44225,-0.31869,
1413394895,-0.24175,1.66714,0.54429,-0.35646,0.65555,0.48088,0.46038,-1.12229,0.42347,-0.30508,
1413394895,-0.35757,1.70170,0.51675,-0.36084,0.66017,0.48069,0.45045,-1.08090,0.37550,-0.26745,
1413394895,-0.47132,1.73352,0.49354,-0.36125,0.66463,0.47983,0.44444,-1.02757,0.32370,-0.18839,
1413394895,-0.57590,1.76321,0.47679,-0.35901,0.66548,0.47702,0.44800,-0.96166,0.29484,-0.11903,
1413394895,-0.67614,1.79412,0.46480,-0.34070,0.65807,0.48424,0.46516,-0.91715,0.30048,-0.08697,
1413394896,-0.77653,1.82486,0.46171,-0.32499,0.65460,0.48930,0.47588,-0.94711,0.29487,0.07642,
1413394896,-0.87957,1.85561,0.47194,-0.31713,0.65648,0.48885,0.47905,-0.99295,0.28801,0.17639,
1413394896,-0.97961,1.88960,0.49834,-0.32067,0.66419,0.48216,0.47281,-1.03918,0.32362,0.33648,
1413394896,-1.08011,1.92629,0.53760,-0.32593,0.67021,0.47645,0.46645,-1.03544,0.34636,0.38939,
1413394896,-1.17977,1.96296,0.57410,-0.32979,0.67184,0.47355,0.46434,-1.02075,0.35785,0.27673,
1413394896,-1.27456,2.00126,0.59793,-0.33216,0.67067,0.47305,0.46487,-0.98383,0.36671,0.16613,
1413394896,-1.37037,2.04152,0.60934,-0.33413,0.66989,0.47391,0.46369,-0.95853,0.38610,0.04543,
1413394896,-1.46420,2.08303,0.60967,-0.33455,0.66985,0.47505,0.46228,-0.92882,0.41471,-0.06348,
1413394896,-1.55932,2.12572,0.60037,-0.35064,0.67665,0.46497,0.45055,-0.88110,0.40704,-0.14164,
1413394896,-1.65219,2.16857,0.59009,-0.36933,0.68625,0.45184,0.43417,-0.80013,0.40635,-0.12127,
1413394897,-1.72865,2.20971,0.58053,-0.38429,0.69409,0.44050,0.42014,-0.65746,0.39088,-0.15599,
1413394897,-1.79155,2.24677,0.56372,-0.40104,0.70232,0.42685,0.40461,-0.47570,0.35417,-0.23814,
1413394897,-1.83522,2.27925,0.53867,-0.41949,0.70956,0.41133,0.38906,-0.25607,0.31436,-0.32377,
1413394897,-1.85350,2.30242,0.50457,-0.43598,0.71604,0.39595,0.37474,0.00562,0.23632,-0.37660,
1413394897,-1.83907,2.31482,0.46861,-0.44664,0.71570,0.38451,0.37476,0.36668,0.11280,-0.35632,
1413394897,-1.78967,2.31212,0.43528,-0.45413,0.71617,0.37737,0.37210,0.69853,-0.03967,-0.32449,
1413394897,-1.70050,2.29706,0.40998,-0.45437,0.71818,0.37654,0.36877,1.09611,-0.17235,-0.22389,
1413394897,-1.57423,2.27131,0.39175,-0.44632,0.71549,0.38362,0.37645,1.46073,-0.27944,-0.15989,
1413394897,-1.41376,2.23539,0.37970,-0.41623,0.70461,0.40966,0.40305,1.75320,-0.37437,-0.06764,
1413394897,-1.23123,2.19138,0.37232,-0.38023,0.68629,0.43836,0.43849,1.89614,-0.42981,-0.02623,
1413394898,-1.03899,2.14392,0.36937,-0.35723,0.67150,0.45678,0.46133,1.93987,-0.46562,-0.00277,
1413394898,-0.84593,2.09612,0.36969,-0.34549,0.66481,0.46671,0.46994,1.91740,-0.46966,0.02489,
1413394898,-0.65558,2.04915,0.37606,-0.34473,0.65896,0.46868,0.47673,1.87899,-0.48251,0.09543,
1413394898,-0.46952,2.00003,0.38707,-0.34636,0.65306,0.46899,0.48332,1.82488,-0.50441,0.13581,
1413394898,-0.28859,1.94850,0.40360,-0.34952,0.64848,0.46800,0.48814,1.76997,-0.53480,0.18320,
1413394898,-0.11420,1.89309,0.42493,-0.35058,0.64515,0.46781,0.49197,1.69792,-0.57423,0.20992,
1413394898,0.05233,1.83385,0.44841,-0.34552,0.64551,0.47186,0.49121,1.61502,-0.60220,0.24468,
1413394898,0.20953,1.77103,0.47378,-0.33827,0.64274,0.47914,0.49284,1.52510,-0.62572,0.26994,
1413394898,0.35626,1.70778,0.50357,-0.32600,0.63311,0.49092,0.50189,1.39548,-0.62617,0.28607,
1413394898,0.48900,1.64402,0.53263,-0.31482,0.61964,0.50812,0.50868,1.23051,-0.61190,0.28902,
1413394899,0.60258,1.58357,0.56369,-0.31126,0.60638,0.52840,0.50618,1.01775,-0.58601,0.30561,
1413394899,0.69765,1.52487,0.59362,-0.31184,0.59246,0.55095,0.49819,0.81425,-0.55603,0.32176,
1413394899,0.77293,1.46983,0.62452,-0.31333,0.58359,0.56845,0.48797,0.61405,-0.51839,0.31251,
1413394899,0.82704,1.42038,0.65637,-0.31430,0.58412,0.58084,0.47185,0.42004,-0.46146,0.33174,
1413394899,0.85965,1.37712,0.69224,-0.30661,0.57814,0.59368,0.46828,0.22927,-0.37767,0.38019,
1413394899,0.87101,1.34486,0.72870,-0.29567,0.57239,0.60410,0.46905,0.02244,-0.28253,0.34596,
1413394899,0.85959,1.32171,0.75722,-0.29120,0.57846,0.60768,0.45969,-0.19371,-0.18360,0.23135,
1413394899,0.83078,1.30889,0.77611,-0.28955,0.58593,0.60873,0.44976,-0.38255,-0.05880,0.13003,
1413394899,0.78267,1.31099,0.78559,-0.28866,0.58544,0.60983,0.44949,-0.57203,0.07419,0.05577,
1413394899,0.71738,1.32533,0.78628,-0.30456,0.59124,0.60102,0.44323,-0.74644,0.18242,-0.06710,
1413394900,0.63679,1.35025,0.77621,-0.33234,0.60033,0.58987,0.42567,-0.87153,0.29036,-0.15586,
1413394900,0.54726,1.38556,0.75808,-0.35313,0.59670,0.59218,0.41057,-0.94660,0.39791,-0.19503,
1413394900,0.45039,1.42891,0.73686,-0.36776,0.58318,0.60577,0.39710,-1.00733,0.49853,-0.16235,
1413394900,0.34830,1.48013,0.71905,-0.38407,0.56269,0.62316,0.38411,-1.07324,0.58281,-0.11704,
1413394900,0.23943,1.53968,0.70321,-0.40537,0.53671,0.63847,0.37413,-1.12512,0.63610,-0.09725,
1413394900,0.12513,1.60545,0.69364,-0.43293,0.51422,0.64828,0.35761,-1.15722,0.67911,0.01259,
1413394900,0.00801,1.67376,0.69894,-0.45873,0.48989,0.65693,0.34354,-1.16622,0.69456,0.15014,
1413394900,-0.11089,1.73963,0.71488,-0.48458,0.46687,0.66226,0.32958,-1.15137,0.68205,0.17478,
1413394900,-0.22650,1.80332,0.72710,0.50248,-0.44392,-0.66967,-0.31937,-1.11639,0.64828,0.09105,
1413394900,-0.33927,1.86237,0.73169,0.51513,-0.41720,-0.67899,-0.31552,-1.07884,0.59306,0.01710,
1413394901,-0.44776,1.91447,0.72716,0.51357,-0.38753,-0.69715,-0.31632,-1.06269,0.52162,-0.07614,
1413394901,-0.55582,1.95822,0.71649,0.50864,-0.35827,-0.71496,-0.31898,-1.07743,0.43648,-0.12425,
1413394901,-0.66709,1.99192,0.70322,0.50824,-0.32768,-0.72819,-0.32259,-1.14322,0.31818,-0.11029,
1413394901,-0.78654,2.00848,0.69658,0.51035,-0.30017,-0.74068,-0.31753,-1.24788,0.12158,-0.00023,
1413394901,-0.91703,2.00815,0.70640,0.51734,-0.27792,-0.75148,-0.30065,-1.37530,-0.05296,0.16577,
1413394901,-1.05642,1.98745,0.73508,0.52815,-0.25057,-0.76015,-0.28361,-1.48179,-0.22817,0.34490,
1413394901,-1.20090,1.94777,0.77221,0.54275,-0.22244,-0.76601,-0.26299,-1.53874,-0.40742,0.33874,
1413394901,-1.34644,1.89237,0.80376,0.56482,-0.19976,-0.76625,-0.23224,-1.52616,-0.56994,0.25556,
1413394901,-1.49338,1.82751,0.82630,0.58868,-0.18672,-0.76286,-0.19141,-1.48619,-0.70401,0.16676,
1413394901,-1.63559,1.75428,0.84278,0.61130,-0.17831,-0.75684,-0.14734,-1.40798,-0.76341,0.12349,
1413394902,-1.76704,1.67741,0.85366,0.63241,-0.16566,-0.74808,-0.11401,-1.25969,-0.77919,0.02897,
1413394902,-1.88282,1.59860,0.85348,0.63594,-0.14922,-0.75188,-0.08939,-1.10463,-0.79022,-0.09717,
1413394902,-1.98172,1.51751,0.84389,0.62432,-0.12294,-0.76780,-0.07488,-0.95473,-0.79687,-0.17654,
1413394902,-2.06467,1.43368,0.83334,0.61593,-0.08480,-0.78021,-0.06862,-0.81488,-0.81427,-0.11844,
1413394902,-2.13833,1.34563,0.82723,0.61619,-0.04090,-0.78421,-0.06035,-0.70931,-0.87482,-0.03830,
1413394902,-2.20130,1.25251,0.82551,0.61783,-0.00098,-0.78505,-0.04457,-0.59520,-0.94279,0.01317,
1413394902,-2.26083,1.15190,0.83084,0.61804,0.03143,-0.78516,-0.02374,-0.49492,-1.02578,0.08282,
1413394902,-2.31338,1.04507,0.83738,0.61965,0.05849,-0.78269,-0.00177,-0.40423,-1.08703,0.02758,
1413394902,-2.35346,0.93145,0.83636,0.62605,0.08410,-0.77500,0.01910,-0.30331,-1.13886,-0.02487,
1413394902,-2.38040,0.81522,0.83033,0.63691,0.10711,-0.76261,0.03604,-0.16144,-1.17412,-0.07094,
1413394903,-2.38612,0.69675,0.82006,0.63775,0.11530,-0.75844,0.06892,0.01396,-1.18384,-0.07832,
1413394903,-2.37618,0.58193,0.81004,0.63220,0.10907,-0.75922,0.10963,0.17949,-1.12912,-0.08532,
1413394903,-2.35591,0.47754,0.80193,0.61806,0.09720,-0.76646,0.14521,0.26281,-0.99271,-0.04260,
1413394903,-2.32766,0.38954,0.79782,0.60318,0.08683,-0.77482,0.16819,0.32245,-0.80970,-0.02314,
1413394903,-2.29414,0.32199,0.79576,0.59035,0.08706,-0.78469,0.16781,0.35681,-0.60211,-0.03201,
1413394903,-2.24031,0.25097,0.77723,0.57982,0.08792,-0.79602,0.14976,0.37118,-0.35473,-0.19636,
1413394903,-2.17137,0.20449,0.70944,0.54297,0.05915,-0.82740,0.13074,0.32075,-0.11264,-0.44964,
1413394903,-2.12852,0.20567,0.62770,0.55308,0.03651,-0.82817,0.08308,0.12757,0.09744,-0.31148,
1413394904,-2.12326,0.22592,0.59516,0.57578,0.02788,-0.81518,0.05634,0.03801,0.17840,-0.12097,
1413394904,-2.12160,0.24412,0.59051,0.58363,0.02707,-0.81048,0.04201,0.03392,0.20784,0.03734,
1413394904,-2.12332,0.27174,0.60392,0.58608,0.02998,-0.80914,0.03012,0.05169,0.21482,0.16908,
1413394904,-2.12145,0.29259,0.62808,0.58462,0.03870,-0.81030,0.01182,0.06651,0.20292,0.16706,
1413394904,-2.12701,0.29994,0.65142,0.58112,0.03296,-0.81315,-0.00150,0.06693,0.14357,0.06846,
1413394904,-2.12806,0.31867,0.66163,0.57255,0.00704,-0.81984,-0.00076,0.05905,0.12782,-0.01619,
1413394904,-2.12687,0.33714,0.66255,0.56016,-0.02656,-0.82796,-0.00254,0.02465,0.14306,-0.09313,
1413394904,-2.12961,0.35680,0.65284,0.54522,-0.05978,-0.83602,-0.01556,-0.04120,0.19128,-0.17710,
1413394904,-2.13795,0.37950,0.63345,0.53262,-0.09487,-0.84023,-0.03647,-0.12626,0.23602,-0.24533,
1413394905,-2.15574,0.40788,0.60834,0.52778,-0.12814,-0.83703,-0.06647,-0.23131,0.30105,-0.22382,
1413394905,-2.18242,0.43978,0.58829,0.53753,-0.16187,-0.82162,-0.09898,-0.29719,0.31901,-0.17912,
1413394905,-2.21675,0.47511,0.57223,0.54931,-0.19692,-0.80188,-0.12831,-0.36691,0.35021,-0.12933,
1413394905,-2.25510,0.51231,0.56056,0.55495,-0.22929,-0.78380,-0.15847,-0.37504,0.34655,-0.09608,
1413394905,-2.29277,0.54861,0.55252,0.55977,-0.26057,-0.76354,-0.18912,-0.36323,0.33002,-0.03990,
1413394905,-2.32568,0.57990,0.55056,0.57167,-0.28974,-0.73551,-0.21971,-0.30867,0.27857,0.01312,
1413394905,-2.35325,0.60370,0.55294,0.58411,-0.31867,-0.70485,-0.24587,-0.21882,0.18641,0.04180,
1413394905,-2.36872,0.61827,0.55434,0.58022,-0.35297,-0.68740,-0.25737,-0.09503,0.07176,-0.01412,
1413394905,-2.37265,0.62320,0.54879,0.54544,-0.39446,-0.69638,-0.24890,-0.00252,0.00155,-0.06604,
1413394905,-2.37110,0.62484,0.54128,-0.48969,0.43250,0.72212,0.22734,0.03678,0.03554,-0.05270,
1413394906,-2.36741,0.63682,0.53741,-0.43677,0.45674,0.74585,0.21055,0.01232,0.22828,0.00686,
1413394906,-2.36943,0.67179,0.53965,-0.40278,0.46596,0.76035,0.20621,-0.08685,0.53071,0.11414,
1413394906,-2.38752,0.74129,0.55588,-0.42032,0.44736,0.75256,0.23844,-0.24110,0.80573,0.23348,
1413394906,-2.41658,0.82959,0.58207,-0.47457,0.41829,0.72200,0.28022,-0.31554,0.90708,0.29219,
1413394906,-2.44896,0.91894,0.61140,0.53489,-0.38651,-0.68179,-0.31568,-0.32234,0.83019,0.29027,
1413394906,-2.48218,0.99172,0.64062,0.58117,-0.36319,-0.64677,-0.33471,-0.25949,0.62915,0.28337,
1413394906,-2.49873,1.04160,0.66882,0.61605,-0.35225,-0.62008,-0.33453,-0.09934,0.36859,0.29548,
1413394906,-2.49712,1.06154,0.69936,0.62729,-0.36508,-0.61230,-0.31354,0.11789,0.10751,0.32260,
1413394906,-2.47160,1.07494,0.72501,0.59833,-0.39641,-0.63622,-0.28299,0.35290,-0.05755,0.28321,
1413394906,-2.42933,1.06299,0.74814,0.54962,-0.42990,-0.66530,-0.26550,0.51353,-0.12435,0.19965,
1413394907,-2.37363,1.05382,0.76412,-0.48337,0.45776,0.69771,0.26458,0.60006,-0.07917,0.13852,
1413394907,-2.31061,1.04163,0.76310,-0.42669,0.48344,0.71529,0.26941,0.57884,0.04375,0.06915,
1413394907,-2.25833,1.04519,0.75928,-0.40295,0.49891,0.70945,0.29225,0.47203,0.21534,0.05373,
1413394907,-2.21222,1.06197,0.75965,-0.42457,0.49901,0.67626,0.33675,0.39295,0.32523,0.03337,
1413394907,-2.17349,1.09361,0.75855,-0.46335,0.48556,0.63182,0.38774,0.32797,0.30093,0.00426,
1413394907,-2.14432,1.11608,0.75787,0.50245,-0.46575,-0.58626,-0.43234,0.26714,0.11770,0.00656,
1413394907,-2.12095,1.11109,0.76124,0.53433,-0.45367,-0.54378,-0.46150,0.26334,-0.18297,0.02797,
1413394907,-2.09062,1.06969,0.76035,0.53623,-0.46421,-0.54063,-0.45242,0.29144,-0.55446,-0.04772,
1413394907,-2.05012,1.00557,0.75161,0.50571,-0.49819,-0.56893,-0.41517,0.34646,-0.81399,-0.06536,
1413394907,-2.01665,0.92035,0.73731,-0.46355,0.54677,0.59956,0.35593,0.38079,-0.92079,-0.12967,
1413394908,-1.97532,0.83156,0.71975,-0.43640,0.60239,0.60432,0.28545,0.48011,-0.83258,-0.18294,
1413394908,-1.92062,0.75840,0.70009,-0.41210,0.64267,0.59802,0.24395,0.65733,-0.59293,-0.19231,
1413394908,-1.84627,0.71639,0.68139,-0.38968,0.65264,0.59658,0.25750,0.86955,-0.23631,-0.12859,
1413394908,-1.75669,0.70486,0.66957,-0.38979,0.62247,0.59265,0.33070,0.94785,-0.00860,-0.12094,
1413394908,-1.66107,0.70472,0.65191,-0.40953,0.57682,0.57607,0.40951,0.91063,0.03464,-0.22153,
1413394908,-1.57478,0.70239,0.62350,-0.43198,0.54074,0.55699,0.45908,0.83289,-0.06330,-0.30470,
1413394908,-1.50616,0.70316,0.58584,-0.43811,0.52962,0.55274,0.47121,0.73725,-0.19224,-0.42793,
1413394908,-1.43188,0.67352,0.54576,-0.41046,0.55291,0.57349,0.44376,0.65888,-0.31265,-0.46980,
1413394908,-1.36802,0.63065,0.49764,-0.37112,0.57896,0.60294,0.40440,0.57172,-0.33300,-0.43438,
1413394908,-1.31290,0.60653,0.45895,-0.34188,0.60069,0.62346,0.36550,0.48798,-0.19759,-0.32034,
1413394909,-1.26433,0.60946,0.43690,-0.33132,0.61872,0.63012,0.33221,0.42697,0.07220,-0.14365,
1413394909,-1.22015,0.64950,0.44701,-0.34594,0.60805,0.62721,0.34236,0.40319,0.42490,0.17883,
1413394909,-1.22572,0.75769,0.48088,-0.38634,0.57237,0.60907,0.39009,0.29192,0.58196,0.35694,
1413394909,-1.19518,0.80917,0.52301,-0.43024,0.53118,0.58424,0.43750,0.22051,0.48412,0.44255,
1413394909,-1.18075,0.85394,0.56574,-0.46757,0.50074,0.55901,0.46706,0.14485,0.26615,0.53114,
1413394909,-1.16359,0.85894,0.63028,0.50150,-0.48717,-0.53636,-0.47274,0.10977,-0.00021,0.60195,
1413394909,-1.15027,0.84975,0.68618,-0.49829,0.50729,0.54492,0.44433,0.12117,-0.21866,0.55880,
1413394909,-1.13124,0.82517,0.73570,-0.46577,0.54459,0.57011,0.40182,0.18502,-0.37479,0.46040,
1413394909,-1.08831,0.81706,0.76766,-0.41891,0.58386,0.59249,0.36411,0.27610,-0.36136,0.37760,
1413394909,-1.05243,0.79474,0.79987,-0.38847,0.61868,0.59015,0.34359,0.33478,-0.24035,0.33712,
1413394910,-1.01367,0.78209,0.83115,-0.38321,0.63843,0.56626,0.35341,0.40616,-0.07671,0.32447,
1413394910,-0.96909,0.79710,0.85930,-0.39939,0.64467,0.52947,0.38020,0.48503,0.04990,0.33734,
1413394910,-0.91467,0.80346,0.89473,-0.41650,0.63961,0.49705,0.41276,0.58446,0.06331,0.37915,
1413394910,-0.85159,0.80633,0.93603,-0.42829,0.61772,0.47431,0.45828,0.65098,-0.02134,0.44241,
1413394910,-0.78499,0.79658,0.98004,-0.43594,0.59387,0.45894,0.49664,0.65185,-0.18346,0.40047,
1413394910,-0.71760,0.77345,1.00772,-0.41634,0.59483,0.47301,0.49911,0.63753,-0.37708,0.32116,
1413394910,-0.65575,0.73347,1.02520,-0.37859,0.61654,0.50219,0.47365,0.59282,-0.45531,0.21889,
1413394910,-0.60758,0.68825,1.02171,-0.34576,0.64466,0.52547,0.43445,0.54021,-0.44374,0.10683,
1413394910,-0.57007,0.64857,1.01370,-0.31996,0.66803,0.54241,0.39642,0.51114,-0.32492,0.02739,
1413394910,-0.54225,0.61947,0.99524,-0.30573,0.68248,0.55142,0.36973,0.49500,-0.15689,-0.09942,
1413394911,-0.50478,0.60709,0.97762,-0.30526,0.68182,0.55408,0.36733,0.51761,0.10323,-0.07569,
1413394911,-0.44335,0.61095,0.96934,-0.33541,0.65286,0.54224,0.40896,0.54754,0.26571,-0.05989,
1413394911,-0.39243,0.63624,0.96170,-0.38214,0.61276,0.51505,0.46176,0.51319,0.28614,-0.06934,
1413394911,-0.34150,0.65638,0.95241,-0.42470,0.58197,0.48665,0.49409,0.46721,0.14034,-0.10633,
1413394911,-0.29252,0.65765,0.94064,-0.45207,0.56714,0.46947,0.50356,0.44651,-0.08749,-0.11998,
1413394911,-0.28352,0.60534,0.93244,-0.46535,0.56745,0.45719,0.50243,0.37177,-0.41119,-0.16062,
1413394911,-0.20376,0.58244,0.90751,-0.44540,0.58806,0.48362,0.47108,0.46659,-0.60420,-0.23752,
1413394911,-0.16045,0.51748,0.88156,-0.39286,0.61720,0.52321,0.43700,0.47479,-0.70048,-0.26408,
1413394911,-0.11532,0.45001,0.85392,-0.34857,0.64169,0.55097,0.40395,0.47928,-0.65192,-0.30999,
1413394911,-0.06858,0.39361,0.82221,-0.31760,0.65863,0.56518,0.38199,0.47458,-0.47110,-0.33164,
1413394912,-0.02648,0.35721,0.78684,-0.30354,0.66575,0.56940,0.37473,0.45980,-0.25368,-0.38560,
1413394912,0.01542,0.34210,0.74911,-0.31325,0.66038,0.55806,0.39287,0.44454,-0.02966,-0.36869,
1413394912,0.05844,0.34705,0.71544,-0.34575,0.63725,0.53095,0.43871,0.41292,0.10708,-0.28416,
1413394912,0.09842,0.35181,0.68865,-0.38238,0.60535,0.50024,0.48693,0.34879,0.02726,-0.18405,
1413394912,0.12429,0.34787,0.67479,-0.40340,0.58453,0.47692,0.51783,0.23025,-0.15919,-0.10275,
1413394912,0.14178,0.32208,0.66362,-0.39099,0.59486,0.48124,0.51154,0.14698,-0.31908,-0.08748,
1413394912,0.15627,0.28728,0.66258,-0.35722,0.62875,0.50265,0.47373,0.07213,-0.40430,0.01435,
1413394912,0.16622,0.24734,0.66111,-0.32085,0.66098,0.51766,0.43839,0.04452,-0.37518,0.04894,
1413394912,0.17012,0.21603,0.66802,-0.29344,0.68338,0.51839,0.42208,0.03119,-0.22436,0.11135,
1413394912,0.17761,0.19966,0.67662,-0.27747,0.70059,0.50598,0.41972,0.05332,-0.02485,0.11855,
1413394913,0.18587,0.20699,0.69326,-0.27387,0.71469,0.48122,0.42736,0.08100,0.17121,0.18581,
1413394913,0.19486,0.23206,0.71975,-0.28362,0.72012,0.44681,0.44872,0.11961,0.29831,0.23992,
1413394913,0.20741,0.27128,0.74305,-0.29459,0.72253,0.41020,0.47212,0.16262,0.37494,0.26413,
1413394913,0.22499,0.31250,0.76800,-0.29785,0.72728,0.38113,0.48692,0.19532,0.39671,0.25513,
1413394913,0.24269,0.35414,0.79117,-0.29292,0.73160,0.36467,0.49595,0.23155,0.39500,0.25855,
1413394913,0.26748,0.39243,0.81554,-0.27448,0.73100,0.36557,0.50662,0.24764,0.39217,0.25775,
1413394913,0.29123,0.43284,0.83970,-0.25934,0.72832,0.36910,0.51581,0.23166,0.40716,0.26311,
1413394913,0.31356,0.47173,0.86582,-0.25519,0.72417,0.37555,0.51906,0.18929,0.43639,0.27198,
1413394913,0.32885,0.51538,0.89094,-0.26352,0.71412,0.38774,0.51985,0.11812,0.46846,0.29165,
1413394913,0.33647,0.56041,0.91678,-0.28041,0.69674,0.40652,0.52026,0.04570,0.48945,0.26177,
1413394914,0.33659,0.60600,0.93368,-0.29658,0.67513,0.43589,0.51599,-0.02836,0.47133,0.14705,
1413394914,0.32971,0.64961,0.93919,-0.30724,0.64801,0.47369,0.51118,-0.13098,0.45545,0.04337,
1413394914,0.31274,0.69213,0.93237,-0.31687,0.62198,0.51352,0.49903,-0.24189,0.43761,-0.10614,
1413394914,0.28331,0.73501,0.91065,-0.33268,0.60422,0.54897,0.47210,-0.36227,0.44057,-0.24718,
1413394914,0.24287,0.78176,0.87739,-0.35810,0.59151,0.57439,0.43813,-0.45251,0.47129,-0.34340,
1413394914,0.19359,0.82934,0.83802,-0.38773,0.57558,0.59304,0.40826,-0.50178,0.48611,-0.41378,
1413394914,0.13958,0.88427,0.79559,-0.41055,0.55303,0.61253,0.38783,-0.54942,0.52242,-0.39575,
1413394914,0.08336,0.94119,0.76039,-0.42545,0.52167,0.63614,0.37706,-0.58522,0.55232,-0.24521,
1413394914,0.02052,0.99687,0.74008,-0.43753,0.48813,0.66022,0.36661,-0.65199,0.55064,-0.10153,
1413394914,-0.05117,1.05096,0.73531,-0.44848,0.45452,0.68220,0.35621,-0.75102,0.53616,0.05952,
1413394915,-0.13188,1.10272,0.74597,-0.45999,0.42447,0.69960,0.34467,-0.85220,0.53916,0.20561,
1413394915,-0.22207,1.15241,0.76265,-0.47443,0.40900,0.70903,0.32391,-0.91923,0.48105,0.16884,
1413394915,-0.31877,1.19781,0.77291,-0.48982,0.39965,0.71369,0.30166,-0.96798,0.45429,0.07039,
1413394915,-0.41941,1.24005,0.77398,0.50307,-0.38947,-0.71822,-0.28177,-1.00226,0.42750,-0.02949,
1413394915,-0.52072,1.27940,0.76423,0.51020,-0.37286,-0.72566,-0.27218,-1.01135,0.40274,-0.12540,
1413394915,-0.62097,1.31224,0.74198,0.51636,-0.34940,-0.73363,-0.27032,-1.02711,0.34027,-0.25450,
1413394915,-0.72244,1.33569,0.71398,0.52297,-0.31702,-0.74276,-0.27261,-1.06859,0.24168,-0.26197,
1413394915,-0.82588,1.34685,0.68849,0.52456,-0.28115,-0.75680,-0.27027,-1.12509,0.12867,-0.21814,
1413394915,-0.93712,1.34745,0.66727,0.52795,-0.24440,-0.76983,-0.26251,-1.17704,-0.03671,-0.18966,
1413394915,-1.05691,1.33304,0.64955,0.53542,-0.20948,-0.77869,-0.25116,-1.25593,-0.21056,-0.14718,
1413394916,-1.18274,1.30136,0.63559,0.54558,-0.17607,-0.78432,-0.23704,-1.31135,-0.40781,-0.11299,
1413394916,-1.31478,1.24895,0.62570,0.56835,-0.15159,-0.78309,-0.20191,-1.34876,-0.60694,-0.09538,
1413394916,-1.44752,1.17883,0.61755,0.59404,-0.13323,-0.77914,-0.14939,-1.31701,-0.77232,-0.08581,
1413394916,-1.57598,1.09971,0.61309,0.61535,-0.10509,-0.77411,-0.10510,-1.20796,-0.85561,-0.02267,
1413394916,-1.69635,1.01413,0.61316,0.63528,-0.06985,-0.76574,-0.07200,-1.07453,-0.90691,0.01004,
1413394916,-1.80115,0.92382,0.61412,0.64468,-0.03652,-0.76233,-0.04360,-0.91074,-0.94054,0.00962,
1413394916,-1.89049,0.82975,0.61686,0.64923,-0.00934,-0.76035,-0.01701,-0.73050,-0.95771,0.05152,
1413394916,-1.96087,0.73276,0.61999,0.63600,0.01407,-0.77154,0.00480,-0.54969,-0.96670,0.03094,
1413394916,-2.01653,0.63337,0.62432,0.61229,0.03651,-0.78943,0.02407,-0.45390,-0.98195,0.06114,
1413394916,-2.06039,0.53485,0.62914,0.59255,0.05006,-0.80191,0.05764,-0.39048,-0.97043,0.01829,
1413394917,-2.09771,0.43854,0.62362,0.57583,0.05520,-0.80895,0.10475,-0.37025,-0.90890,-0.07023,
1413394917,-2.13879,0.35025,0.60944,0.57111,0.05649,-0.80319,0.15979,-0.39858,-0.79401,-0.16502,
1413394917,-2.17802,0.28000,0.58386,0.56492,0.07118,-0.79547,0.20743,-0.41370,-0.60260,-0.28427,
1413394917,-2.24561,0.21460,0.52970,0.54536,0.13672,-0.79373,0.23212,-0.47608,-0.27325,-0.44181,
1413394917,-2.35322,0.18922,0.42681,0.52047,0.25017,-0.78412,0.22734,-0.61361,-0.02398,-0.52662,
1413394917,-2.48567,0.18338,0.32549,-0.49316,-0.35722,0.76000,-0.22713,-0.70339,-0.07635,-0.45893,
1413394917,-2.59685,0.13835,0.22791,-0.47352,-0.41566,0.73772,-0.24243,-0.71057,-0.28775,-0.41394,
1413394918,-2.75408,0.05868,0.16067,-0.49100,-0.44386,0.70846,-0.24493,-0.74470,-0.57845,-0.30272,
1413394918,-2.88908,-0.08315,0.12641,0.51536,0.45832,-0.68654,0.23024,-0.55146,-0.85365,-0.05958,
1413394918,-2.95797,-0.27287,0.12256,0.51621,0.48094,-0.67047,0.22955,-0.21043,-1.11187,-0.14136,
1413394918,-2.96191,-0.50442,0.09808,-0.47602,-0.47593,0.67739,-0.29673,0.01446,-1.27321,-0.15470,
1413394918,-2.95368,-0.76060,0.07558,-0.41809,-0.47058,0.68684,-0.36332,-0.05141,-1.32732,-0.10081,
1413394919,-2.99075,-1.02943,0.06552,-0.40574,-0.50319,0.65671,-0.38846,-0.29556,-1.35395,-0.02420,
1413394919,-3.06380,-1.29865,0.06219,-0.42528,-0.55309,0.60315,-0.38658,-0.38628,-1.33635,0.06934,
1413394919,-3.13058,-1.56005,0.09928,0.44219,0.56960,-0.55370,0.41645,-0.23675,-1.21396,0.35021,
1413394919,-3.16953,-1.76887,0.19730,0.42494,0.58106,-0.51603,0.46423,-0.14352,-0.90069,0.64789,
1413394919,-3.19802,-1.92746,0.33114,0.42581,0.61456,-0.45344,0.48517,-0.07222,-0.54404,0.71560,
1413394920,-3.19611,-2.01015,0.45798,0.38115,0.67394,-0.42491,0.46902,0.10482,-0.21071,0.54576,
1413394920,-3.16043,-2.04633,0.54548,0.29006,0.71276,-0.42650,0.47533,0.25010,-0.15177,0.34715,
1413394920,-3.09745,-2.10281,0.60056,0.22625,0.75066,-0.38843,0.48419,0.34645,-0.29114,0.16068,
1413394920,-3.02144,-2.19112,0.60693,0.17907,0.78792,-0.32393,0.49212,0.44145,-0.46754,-0.07161,
1413394920,-2.91975,-2.29668,0.57965,0.17112,0.80610,-0.24185,0.51227,0.60523,-0.56170,-0.09627,
1413394921,-2.78768,-2.40025,0.55106,0.18471,0.81211,-0.17339,0.52563,0.77039,-0.46939,-0.03610,
1413394921,-2.61170,-2.47021,0.53639,0.18210,0.81847,-0.15603,0.52211,0.95589,-0.22002,-0.08395,
1413394921,-2.38889,-2.50970,0.51268,0.16120,0.81846,-0.17861,0.52176,1.17546,-0.07126,-0.20488,
1413394921,-2.13397,-2.53583,0.46460,0.13004,0.79858,-0.22174,0.54424,1.27568,-0.07615,-0.36351,
1413394921,-1.87845,-2.57543,0.37355,0.06659,0.78229,-0.29045,0.54702,1.23423,-0.31822,-0.54715,
1413394922,-1.64297,-2.68252,0.25512,0.11280,0.78893,-0.27701,0.53677,1.15215,-0.72037,-0.55007,
1413394922,-1.41028,-2.82417,0.14499,0.18150,0.78192,-0.22704,0.55145,1.18864,-0.71100,-0.46198,
1413394922,-1.19424,-2.94100,0.06208,0.14470,0.75772,-0.19968,0.60419,1.07160,-0.55422,-0.24681,
1413394922,-1.05155,-3.04536,0.03148,0.10362,0.78019,-0.14453,0.59973,0.74842,-0.47954,0.03107,
1413394922,-0.85780,-3.12352,0.07902,0.10518,0.81424,-0.08139,0.56509,0.77447,-0.35876,0.48826,
1413394923,-0.68497,-3.18210,0.18928,0.06699,0.82030,-0.07619,0.56286,0.83252,-0.23064,0.61772,
1413394923,-0.49349,-3.22447,0.30204,0.04213,0.83034,-0.08289,0.54945,0.91353,-0.23145,0.62002,
1413394923,-0.29958,-3.27356,0.41346,0.04038,0.83875,-0.08376,0.53652,1.04432,-0.27974,0.48952,
1413394923,-0.08068,-3.32965,0.49634,0.06515,0.83128,-0.06938,0.54765,1.20297,-0.28768,0.46674,
1413394923,0.16854,-3.37000,0.57836,0.05990,0.82964,-0.06664,0.55106,1.28299,-0.14985,0.43373,
1413394924,0.44924,-3.39343,0.65607,0.03311,0.83890,-0.03940,0.54185,1.44666,-0.09374,0.39692,
1413394924,0.74754,-3.40387,0.70884,0.01712,0.82825,0.02231,0.55965,1.52859,0.00997,0.16750,
1413394924,1.05364,-3.38585,0.71321,-0.01685,0.81690,0.07888,0.57111,1.50986,0.15789,-0.03160,
1413394924,1.33688,-3.33735,0.69779,-0.08002,0.81007,0.12079,0.56816,1.43303,0.27670,0.00014,
1413394924,1.61682,-3.27612,0.69840,-0.13938,0.80103,0.16752,0.55755,1.41800,0.26629,0.05479,
1413394925,1.90281,-3.22258,0.70951,-0.17062,0.78304,0.23239,0.55112,1.38844,0.25778,0.09535,
1413394925,2.17573,-3.17078,0.72769,-0.18984,0.74858,0.30472,0.55743,1.29781,0.29525,0.16125,
1413394925,2.30022,-3.14324,0.73851,-0.19366,0.72634,0.33644,0.56721,1.19430,0.31040,0.18504,
1413394925,2.41608,-3.11244,0.75538,-0.19155,0.70723,0.36094,0.57693,1.03861,0.33557,0.17830,
1413394925,2.50449,-3.07427,0.77185,-0.19161,0.70445,0.38040,0.56774,0.83371,0.41247,0.17743,
1413394925,2.57014,-3.03081,0.79023,-0.18903,0.70241,0.40165,0.55638,0.64838,0.48728,0.19476,
1413394925,2.59360,-2.98424,0.80867,-0.18712,0.69764,0.41867,0.55045,0.46121,0.58627,0.14506,
1413394925,2.61177,-2.92423,0.81790,-0.19617,0.69776,0.42193,0.54464,0.28953,0.69566,0.03632,
1413394926,2.60254,-2.85781,0.81608,-0.20862,0.70053,0.41873,0.53889,0.12564,0.79290,-0.06913,
1413394926,2.60120,-2.77865,0.80659,-0.22072,0.70290,0.41614,0.53296,-0.00709,0.85842,-0.16202,
1413394926,2.58904,-2.69078,0.79203,-0.24450,0.71175,0.40241,0.52124,-0.10611,0.92139,-0.16137,
1413394926,2.57807,-2.59428,0.78052,-0.26202,0.71945,0.38993,0.51156,-0.14520,0.96022,-0.12890,
1413394926,2.55911,-2.49494,0.77233,-0.27145,0.72270,0.38570,0.50523,-0.15388,0.97887,-0.09456,
1413394926,2.54260,-2.39459,0.76551,-0.27046,0.71989,0.39400,0.50336,-0.15941,1.00784,-0.08279,
1413394926,2.52599,-2.29304,0.75764,-0.26251,0.71502,0.40666,0.50444,-0.17411,1.01876,-0.08039,
1413394926,2.50436,-2.19063,0.74941,-0.25500,0.71121,0.41703,0.50521,-0.21659,1.06012,-0.06961,
1413394926,2.48184,-2.07929,0.74349,-0.25896,0.71560,0.41778,0.49631,-0.25294,1.11784,-0.07734,
1413394926,2.45591,-1.96021,0.73794,-0.26360,0.72060,0.41762,0.48667,-0.26004,1.19845,-0.05121,
1413394927,2.42915,-1.83423,0.73400,-0.27577,0.71869,0.42122,0.47959,-0.26614,1.27983,-0.02977,
1413394927,2.40147,-1.70166,0.73170,-0.30023,0.71146,0.42870,0.46894,-0.25994,1.33506,-0.01991,
1413394927,2.37575,-1.57074,0.73043,-0.33761,0.70241,0.43601,0.45004,-0.22470,1.34474,-0.00190,
1413394927,2.35760,-1.43904,0.73124,-0.37776,0.69274,0.44427,0.42431,-0.12618,1.31202,0.00967,
1413394927,2.35211,-1.31164,0.73050,-0.40801,0.68049,0.45738,0.40159,0.03240,1.27564,-0.03620,
1413394927,2.36725,-1.19111,0.72247,-0.42117,0.66478,0.47573,0.39290,0.23200,1.24771,-0.11134,
1413394927,2.39941,-1.07583,0.70401,-0.40954,0.64094,0.50560,0.40724,0.37051,1.19474,-0.20009,
1413394927,2.43891,-0.96180,0.68344,-0.39440,0.61902,0.52999,0.42471,0.43779,1.17924,-0.12364,
1413394927,2.47025,-0.83330,0.64562,-0.38096,0.60887,0.54398,0.43387,0.40099,1.16317,-0.04266,
1413394927,2.52043,-0.74688,0.67553,-0.37990,0.60774,0.55071,0.42784,0.40240,1.14072,0.11851,
1413394928,2.55785,-0.63657,0.69467,-0.37957,0.61218,0.55182,0.42032,0.36647,1.13044,0.25395,
1413394928,2.59213,-0.53231,0.72948,-0.38190,0.61384,0.55054,0.41745,0.34236,1.12225,0.33154,
1413394928,2.62714,-0.39614,0.75343,-0.38408,0.61268,0.55111,0.41639,0.33330,1.17196,0.33484,
1413394928,2.65532,-0.31634,0.79805,-0.38488,0.60620,0.55468,0.42039,0.31445,1.13856,0.26132,
1413394928,2.68512,-0.20512,0.81781,-0.38513,0.60527,0.55615,0.41954,0.29370,1.15181,0.15450,
1413394928,2.71330,-0.09137,0.82951,-0.38602,0.60151,0.55657,0.42357,0.28023,1.14618,0.06759,
1413394928,2.74025,0.02180,0.83449,-0.38403,0.58960,0.55865,0.43909,0.24466,1.14125,0.00271,
1413394928,2.76041,0.12754,0.83519,-0.38670,0.57581,0.55642,0.45750,0.16533,1.11052,-0.00307,
1413394928,2.77240,0.23257,0.83594,-0.39056,0.56663,0.55198,0.47087,0.06688,1.02974,0.02004,
1413394928,2.77439,0.32521,0.83627,-0.39743,0.57178,0.54614,0.46567,-0.02516,0.91975,0.01755,
1413394929,2.76817,0.41182,0.83975,-0.40479,0.58407,0.53957,0.45153,-0.08402,0.83108,0.04552,
1413394929,2.76037,0.49752,0.84766,-0.40713,0.59344,0.53599,0.44136,-0.10343,0.78060,0.07582,
1413394929,2.74999,0.57670,0.85739,-0.40551,0.59810,0.53465,0.43816,-0.11145,0.73158,0.08194,
1413394929,2.74009,0.64897,0.86350,-0.40034,0.59821,0.53621,0.44086,-0.10682,0.68971,0.01651,
1413394929,2.72734,0.71987,0.85949,-0.39286,0.59583,0.53938,0.44689,-0.13143,0.67622,-0.09798,
1413394929,2.71202,0.78583,0.84701,-0.39232,0.59575,0.53835,0.44872,-0.17887,0.61570,-0.15631,
1413394929,2.69185,0.84642,0.83080,-0.39913,0.59194,0.53233,0.45488,-0.21624,0.56861,-0.14605,
1413394929,2.66835,0.90382,0.81807,-0.40872,0.59021,0.52497,0.45717,-0.24243,0.49412,-0.11952,
1413394929,2.64338,0.94983,0.80905,-0.42012,0.59253,0.51689,0.45303,-0.24521,0.39676,-0.09597,
1413394929,2.62025,0.98602,0.80296,-0.42291,0.59769,0.51512,0.44561,-0.22534,0.31146,-0.05704,
1413394930,2.59906,1.01372,0.79938,-0.41444,0.60917,0.52153,0.43030,-0.18721,0.24538,-0.04541,
1413394930,2.58141,1.03514,0.79471,-0.40166,0.61820,0.52966,0.41947,-0.14468,0.21911,-0.00504,
1413394930,2.56724,1.05710,0.79325,-0.39064,0.61924,0.53633,0.41988,-0.12440,0.23187,-0.02466,
1413394930,2.55637,1.07881,0.78550,-0.38655,0.61657,0.53842,0.42489,-0.11115,0.24400,-0.11044,
1413394930,2.54618,1.10058,0.77025,-0.39189,0.61077,0.53395,0.43392,-0.11561,0.23191,-0.18594,
1413394930,2.53584,1.12108,0.74665,-0.39839,0.60250,0.52860,0.44594,-0.12305,0.17484,-0.29027,
1413394930,2.52356,1.13575,0.71823,-0.40324,0.59470,0.52416,0.45715,-0.13353,0.11252,-0.27345,
1413394930,2.50793,1.14368,0.69441,-0.41171,0.58590,0.51729,0.46864,-0.17470,0.02370,-0.21361,
1413394930,2.48919,1.14275,0.67495,-0.42539,0.58746,0.50716,0.46554,-0.18590,-0.08885,-0.20359,
1413394930,2.47084,1.13004,0.65162,-0.41561,0.61057,0.51471,0.43537,-0.16534,-0.17813,-0.23846,
1413394931,2.45673,1.11119,0.62335,-0.39025,0.64217,0.53109,0.39149,-0.11739,-0.19743,-0.33311,
1413394931,2.44936,1.09511,0.58475,-0.36308,0.66920,0.54487,0.35136,-0.02825,-0.12029,-0.42561,
1413394931,2.45188,1.09554,0.54394,-0.34046,0.67112,0.55850,0.34896,0.07767,0.12818,-0.38317,
1413394931,2.46296,1.11871,0.50780,-0.34338,0.65015,0.55825,0.38438,0.12704,0.32058,-0.34365,
1413394931,2.47537,1.15643,0.47694,-0.36566,0.62236,0.54392,0.42791,0.11616,0.42149,-0.27576,
1413394931,2.48449,1.19740,0.45387,-0.38766,0.59989,0.52734,0.46018,0.07205,0.41263,-0.15212,
1413394931,2.48828,1.23083,0.44172,-0.39737,0.58942,0.51840,0.47534,0.01954,0.29711,-0.05393,
1413394931,2.48643,1.25213,0.44515,-0.40290,0.58498,0.51243,0.48259,-0.05095,0.17661,0.12285,
1413394931,2.47840,1.26172,0.47649,-0.41055,0.57873,0.50436,0.49209,-0.10074,0.07407,0.36483,
1413394931,2.46399,1.25489,0.51454,-0.40852,0.58450,0.50457,0.48670,-0.15127,-0.08468,0.33425,
1413394932,2.44508,1.23682,0.54187,-0.38740,0.60295,0.51854,0.46636,-0.19541,-0.19042,0.23010,
1413394932,2.42057,1.21111,0.55917,-0.36972,0.61247,0.53245,0.45243,-0.24245,-0.22011,0.15454,
1413394932,2.38948,1.18388,0.56931,-0.35603,0.60605,0.55230,0.44823,-0.31694,-0.20565,0.09889,
1413394932,2.34997,1.16141,0.57353,-0.35153,0.58913,0.57586,0.44467,-0.43121,-0.16801,0.01875,
1413394932,2.29836,1.14551,0.57026,-0.36744,0.57401,0.59367,0.42786,-0.55555,-0.10213,-0.01200,
1413394932,2.23536,1.13351,0.57250,-0.39960,0.55255,0.60614,0.40940,-0.65238,-0.07960,0.11284,
1413394932,2.16545,1.12370,0.59049,-0.43992,0.52549,0.61544,0.38932,-0.71121,-0.08324,0.25020,
1413394932,2.09269,1.11327,0.62289,-0.47914,0.50059,0.62367,0.36176,-0.70576,-0.10540,0.37178,
1413394932,2.02476,1.10111,0.66540,0.51239,-0.47040,-0.63382,-0.33831,-0.64518,-0.13981,0.45006,
1413394932,1.96364,1.08284,0.70808,0.53751,-0.43400,-0.64577,-0.32513,-0.56348,-0.21243,0.38084,
1413394933,1.90947,1.05324,0.73996,0.55607,-0.39786,-0.65861,-0.31420,-0.47064,-0.31878,0.26654,
1413394933,1.86398,1.01334,0.75751,0.56665,-0.36588,-0.67439,-0.30039,-0.39016,-0.43179,0.13026,
1413394933,1.82821,0.96253,0.76565,0.56776,-0.34033,-0.69482,-0.28115,-0.32028,-0.54542,0.10745,
1413394933,1.80060,0.90298,0.77287,0.55708,-0.32393,-0.72107,-0.25457,-0.25344,-0.62639,0.11273,
1413394933,1.77705,0.83714,0.78150,0.54472,-0.31096,-0.74468,-0.22812,-0.22520,-0.65877,0.08835,
1413394933,1.75469,0.77121,0.78582,0.53886,-0.29672,-0.76132,-0.20489,-0.23891,-0.64477,0.02569,
1413394933,1.73095,0.70791,0.78145,0.53916,-0.27715,-0.77303,-0.18685,-0.26301,-0.62554,-0.05696,
1413394933,1.70767,0.64785,0.76837,0.54740,-0.25506,-0.77859,-0.17056,-0.26652,-0.61231,-0.16358,
1413394933,1.68555,0.58912,0.74401,0.55660,-0.23062,-0.78225,-0.15841,-0.26037,-0.58619,-0.27365,
1413394933,1.66292,0.53566,0.71004,0.56476,-0.20819,-0.78506,-0.14622,-0.24765,-0.57587,-0.39507,
1413394934,1.63963,0.47969,0.66709,0.57108,-0.18799,-0.78794,-0.13296,-0.25029,-0.57195,-0.46770,
1413394934,1.61649,0.42494,0.62261,0.58114,-0.16709,-0.78746,-0.11940,-0.23394,-0.56477,-0.42324,
1413394934,1.59659,0.37322,0.58233,0.59488,-0.14692,-0.78297,-0.10717,-0.19194,-0.56027,-0.37445,
1413394934,1.57822,0.32380,0.54531,0.60213,-0.13195,-0.78134,-0.09763,-0.13207,-0.56251,-0.35167,
1413394934,1.56860,0.26771,0.50868,0.59420,-0.11688,-0.79108,-0.08642,-0.06875,-0.58042,-0.34716,
1413394934,1.56061,0.21218,0.47581,0.58301,-0.09962,-0.80319,-0.07122,-0.06155,-0.59133,-0.30120,
1413394934,1.55131,0.15437,0.45108,0.58945,-0.07821,-0.80211,-0.05528,-0.08516,-0.59185,-0.23111,
1413394934,1.54448,0.09525,0.42332,0.60035,-0.05374,-0.79700,-0.03837,-0.05477,-0.60041,-0.32985,
1413394934,1.54246,0.03752,0.38295,0.59974,-0.02748,-0.79953,-0.01763,-0.01272,-0.60255,-0.45850,
1413394934,1.54369,-0.02170,0.33008,0.59095,-0.00700,-0.80663,0.00901,0.03021,-0.58843,-0.57491,
1413394935,1.54824,-0.07579,0.26703,0.58431,0.01171,-0.81106,0.02490,0.02346,-0.54478,-0.66148,
1413394935,1.55317,-0.12618,0.20371,0.58064,0.03007,-0.81304,0.03038,0.02977,-0.50449,-0.57944,
1413394935,1.56277,-0.17414,0.15333,0.58079,0.03987,-0.81220,0.03770,0.09479,-0.47997,-0.46749,
1413394935,1.57234,-0.22320,0.11955,0.58331,0.04431,-0.80995,0.04206,0.09831,-0.45094,-0.29949,
1413394935,1.57671,-0.26471,0.10615,0.58449,0.04609,-0.80888,0.04437,0.07737,-0.42994,-0.10477,
1413394935,1.58242,-0.30086,0.11108,0.58975,0.04467,-0.80502,0.04632,0.07254,-0.40063,0.04173,
1413394935,1.58987,-0.33604,0.12152,0.59679,0.03640,-0.80022,0.04657,0.08989,-0.35734,0.04005,
1413394935,1.60163,-0.36603,0.12686,0.60316,0.02589,-0.79615,0.04098,0.13951,-0.31338,-0.02509,
1413394935,1.61857,-0.39615,0.12077,0.61129,0.01843,-0.79054,0.03213,0.18887,-0.28098,-0.11326,
1413394935,1.63994,-0.42471,0.10309,0.61458,0.01373,-0.78842,0.02257,0.23946,-0.26417,-0.23372,
1413394936,1.66747,-0.45171,0.07502,0.60635,0.01031,-0.79501,0.01399,0.30043,-0.26321,-0.32489,
1413394936,1.70122,-0.47802,0.04306,0.59786,0.00684,-0.80153,0.00741,0.35324,-0.26378,-0.29043,
1413394936,1.73789,-0.50471,0.02415,0.59542,0.00395,-0.80340,0.00202,0.38541,-0.26777,-0.14894,
1413394936,1.77638,-0.53321,0.01867,0.59754,0.00113,-0.80184,-0.00065,0.37972,-0.27891,0.02160,
1413394936,1.81980,-0.56264,0.01753,0.59402,-0.00208,-0.80445,-0.00204,0.41753,-0.29451,-0.04906,
1413394936,1.86413,-0.59053,0.00537,0.57972,0.00033,-0.81482,-0.00115,0.44262,-0.31030,-0.20154,
1413394936,1.93131,-0.64025,-0.03429,0.55525,0.02257,-0.83125,0.01475,0.38359,-0.35089,-0.29283,
1413394936,1.96809,-0.67616,-0.06455,0.56085,0.05400,-0.82547,0.03358,0.34734,-0.39466,-0.31146,
1413394937,2.03238,-0.76131,-0.11728,0.57881,0.14559,-0.79774,0.08601,0.33385,-0.45719,-0.22984,
1413394937,2.10365,-0.86219,-0.15490,0.56326,0.23675,-0.77937,0.13883,0.38363,-0.53372,-0.15863,
1413394937,2.18853,-0.97641,-0.17941,0.54142,0.30010,-0.76387,0.18249,0.43345,-0.61178,-0.09922,
1413394937,2.27735,-1.11049,-0.20016,0.51308,0.36406,-0.74645,0.21683,0.45061,-0.72953,-0.09530,
1413394937,2.34748,-1.22767,-0.21440,-0.49262,-0.40368,0.73104,-0.24484,0.44432,-0.81804,-0.10629,
1413394937,2.39163,-1.31411,-0.22217,-0.47701,-0.41648,0.72711,-0.26517,0.40994,-0.88643,-0.08552,
1413394938,2.46029,-1.49967,-0.23792,-0.46984,-0.42735,0.71714,-0.28695,0.29526,-0.96692,-0.09930,
1413394938,2.49031,-1.70438,-0.23734,-0.47496,-0.42226,0.71273,-0.29686,0.19964,-1.02753,-0.06383,
1413394938,2.48176,-1.90952,-0.22420,-0.47556,-0.39844,0.72546,-0.29799,0.02596,-1.04441,0.00889,
1413394938,2.46435,-2.09864,-0.18788,-0.46404,-0.36302,0.75200,-0.29560,-0.18234,-1.03117,0.23472,
1413394938,2.39660,-2.29307,-0.09715,-0.47932,-0.33962,0.76204,-0.27240,-0.49824,-0.98641,0.61365,
1413394939,2.28083,-2.49582,0.03401,0.51448,0.31498,-0.76096,0.23882,-0.63949,-0.95571,0.61965,
1413394939,2.15342,-2.68767,0.13035,0.52355,0.27798,-0.78235,0.19118,-0.68229,-0.94312,0.36527,
1413394939,2.01258,-2.86673,0.18094,0.52554,0.19636,-0.80914,0.17476,-0.75508,-0.91448,0.17350,
1413394939,1.84664,-3.02823,0.19169,0.54417,0.09126,-0.81774,0.16387,-0.88316,-0.70174,-0.02296,
1413394939,1.66985,-3.13242,0.17626,0.56015,0.03430,-0.82037,0.10975,-0.95657,-0.44612,-0.13556,
1413394940,1.48014,-3.20524,0.17782,0.57234,0.03769,-0.81825,0.03840,-0.97846,-0.32880,0.14633,
1413394940,1.28025,-3.27332,0.22851,0.57688,-0.00030,-0.81548,0.04689,-0.97198,-0.27286,0.34716,
1413394940,1.08184,-3.30504,0.29021,0.56592,-0.04154,-0.82232,0.04238,-0.98804,-0.04065,0.24291,
1413394940,0.87676,-3.30454,0.31432,0.54711,-0.05240,-0.83535,-0.01032,-1.03921,0.05454,-0.01022,
1413394940,0.65328,-3.28378,0.29912,0.56132,-0.10560,-0.81980,-0.04110,-1.12523,0.14668,-0.22102,
1413394941,0.41977,-3.24717,0.25578,0.56787,-0.16232,-0.80207,-0.08862,-1.11479,0.25217,-0.23043,
1413394941,0.18909,-3.19783,0.23157,0.55275,-0.18725,-0.79600,-0.16058,-1.13960,0.19674,-0.06542,
1413394941,-0.05531,-3.17940,0.25111,0.55113,-0.22136,-0.78837,-0.16039,-1.21169,0.07497,0.20205,
1413394941,-0.17945,-3.17386,0.27400,0.54680,-0.24825,-0.78704,-0.14125,-1.21182,0.09892,0.23070,
1413394941,-0.35203,-3.14854,0.31412,0.53447,-0.28837,-0.78575,-0.11740,-1.17987,0.24806,0.27838,
1413394941,-0.57687,-3.06481,0.38564,0.51717,-0.30400,-0.79101,-0.12006,-1.16231,0.56920,0.36372,
1413394942,-0.81330,-2.92517,0.46992,0.50823,-0.26544,-0.79921,-0.18030,-1.25593,0.76240,0.42920,
1413394942,-1.01873,-2.80902,0.53278,0.51436,-0.26145,-0.79024,-0.20642,-1.38999,0.75076,0.41321,
1413394942,-1.16682,-2.73402,0.57312,0.52623,-0.27773,-0.77840,-0.20011,-1.44395,0.72013,0.37119,
1413394942,-1.32119,-2.65965,0.61114,0.54065,-0.30964,-0.76349,-0.17001,-1.45328,0.72997,0.36517,
1413394942,-1.46286,-2.58144,0.64835,0.55098,-0.34117,-0.74914,-0.13716,-1.38935,0.83336,0.39863,
1413394942,-1.56935,-2.48778,0.69345,0.55824,-0.37063,-0.73460,-0.10663,-1.21610,1.02201,0.44217,
1413394942,-1.66353,-2.37675,0.74427,0.56037,-0.39653,-0.72148,-0.09058,-0.98153,1.26467,0.51008,
1413394942,-1.72315,-2.24344,0.79773,0.55741,-0.41941,-0.71070,-0.09108,-0.70376,1.52215,0.55812,
1413394942,-1.78706,-2.07457,0.85642,0.55167,-0.43712,-0.70163,-0.11090,-0.48769,1.79558,0.56483,
1413394943,-1.81969,-1.88948,0.90395,0.54662,-0.45490,-0.68874,-0.14111,-0.28639,1.95423,0.39819,
1413394943,-1.83574,-1.68886,0.93423,0.54050,-0.47426,-0.67250,-0.17514,-0.09850,2.08144,0.21955,
1413394943,-1.84165,-1.47486,0.94628,0.53275,-0.48505,-0.65582,-0.22540,0.07068,2.15886,0.06333,
1413394943,-1.82770,-1.26206,0.94426,0.52201,-0.47754,-0.63933,-0.30120,0.19469,2.13804,-0.10657,
1413394943,-1.80765,-1.04974,0.92035,0.50794,-0.46374,-0.61959,-0.37822,0.23540,2.01909,-0.32339,
1413394943,-1.78320,-0.85643,0.87534,-0.49313,0.46215,0.59608,0.43351,0.21127,1.83555,-0.49038,
1413394943,-1.76226,-0.68512,0.82051,-0.47726,0.47253,0.57135,0.47170,0.15550,1.59077,-0.57928,
1413394943,-1.74840,-0.54441,0.75459,-0.46052,0.48850,0.54609,0.50107,0.07470,1.29499,-0.66974,
1413394943,-1.74513,-0.42204,0.69017,-0.44349,0.50961,0.52177,0.52093,-0.04407,0.98581,-0.63012,
1413394943,-1.75546,-0.33446,0.63497,-0.42057,0.53263,0.50315,0.53504,-0.18405,0.65023,-0.51438,
1413394944,-1.78553,-0.26725,0.59196,-0.39248,0.55866,0.49027,0.54175,-0.35111,0.40283,-0.39447,
1413394944,-1.83210,-0.23106,0.55892,-0.36407,0.59147,0.48481,0.53158,-0.52572,0.21086,-0.32777,
1413394944,-1.89124,-0.21731,0.53287,-0.34870,0.62366,0.47553,0.51315,-0.64134,0.09560,-0.31657,
1413394944,-1.96160,-0.20547,0.50109,-0.35045,0.64550,0.46055,0.49841,-0.70688,0.06340,-0.35169,
1413394944,-2.03527,-0.20342,0.46561,-0.35955,0.66245,0.44553,0.48311,-0.73342,-0.00629,-0.41389,
1413394944,-2.10650,-0.20987,0.43067,-0.35582,0.66984,0.44378,0.47725,-0.69547,-0.05944,-0.36777,
1413394944,-2.17801,-0.22253,0.40363,-0.34772,0.67140,0.44737,0.47767,-0.66442,-0.11273,-0.27325,
1413394944,-2.24544,-0.23849,0.38501,-0.34155,0.67587,0.44774,0.47547,-0.63412,-0.14653,-0.18849,
1413394944,-2.30772,-0.25523,0.37572,-0.33098,0.68553,0.44956,0.46733,-0.57711,-0.12902,0.00253,
1413394944,-2.36516,-0.26759,0.38123,-0.31175,0.69732,0.45332,0.45941,-0.51831,-0.08880,0.10988,
1413394945,-2.41839,-0.27561,0.38428,-0.29430,0.71453,0.44484,0.45272,-0.45849,-0.03429,0.02665,
1413394945,-2.46560,-0.27852,0.37499,-0.27841,0.73917,0.42466,0.44247,-0.38961,0.03320,-0.10395,
1413394945,-2.50079,-0.27342,0.35648,-0.25703,0.76551,0.39994,0.43356,-0.26828,0.12172,-0.19645,
1413394945,-2.52390,-0.25877,0.33038,-0.23513,0.78889,0.36900,0.43152,-0.12743,0.24111,-0.25319,
1413394945,-2.53003,-0.22915,0.29955,-0.21379,0.80642,0.33320,0.43928,0.05812,0.35945,-0.30340,
1413394945,-2.51865,-0.18774,0.26699,-0.19016,0.81418,0.29746,0.46093,0.22806,0.47766,-0.31045,
1413394945,-2.49323,-0.13596,0.23212,-0.16231,0.81614,0.26345,0.48801,0.35873,0.57653,-0.33045,
1413394945,-2.45229,-0.07651,0.19805,-0.13624,0.81573,0.22878,0.51349,0.46666,0.65646,-0.30084,
1413394945,-2.40184,-0.00877,0.16973,-0.10992,0.81194,0.19460,0.53927,0.52338,0.72617,-0.23991,
1413394945,-2.34878,0.06658,0.14626,-0.09370,0.80103,0.15290,0.57113,0.51650,0.77631,-0.23596,
1413394946,-2.29824,0.14346,0.12380,-0.09577,0.79785,0.09737,0.58718,0.47327,0.75112,-0.23729,
1413394946,-2.25310,0.21536,0.10220,-0.09366,0.79846,0.04262,0.59319,0.43883,0.67687,-0.21878,
1413394946,-2.21093,0.27583,0.08465,-0.08389,0.80044,-0.00903,0.59345,0.39736,0.55013,-0.18471,
1413394946,-2.17073,0.32252,0.06837,-0.06554,0.80075,-0.05859,0.59251,0.38752,0.38192,-0.16152,
1413394946,-2.13726,0.35125,0.05284,-0.04200,0.79796,-0.10849,0.59138,0.30109,0.18869,-0.12559,
1413394946,-2.10953,0.36202,0.04236,0.00084,0.79485,-0.14726,0.58867,0.23994,-0.00032,-0.07485,
1413394946,-2.08292,0.34709,0.03639,0.07093,0.78412,-0.20207,0.58249,0.12046,-0.17844,-0.01210,
1413394946,-2.02744,0.37172,0.03343,0.12218,0.76431,-0.26999,0.57272,0.08325,-0.19436,-0.02517,
1413394947,-2.08967,0.24957,0.01895,0.17268,0.72747,-0.36549,0.55442,-0.19770,-0.41967,0.00269,
1413394947,-2.14920,0.13793,0.03704,0.26696,0.68380,-0.42550,0.52925,-0.37448,-0.53213,0.04063,
1413394947,-2.23682,0.04085,0.04447,0.34929,0.63020,-0.48976,0.49090,-0.47513,-0.46038,0.07851,
1413394947,-2.33787,-0.03482,0.06698,0.41349,0.57239,-0.55530,0.43936,-0.49910,-0.32033,0.24782,
1413394947,-2.42829,-0.09700,0.14493,-0.45914,-0.51613,0.61175,-0.38544,-0.43108,-0.22848,0.60313,
1413394948,-2.50546,-0.14507,0.29384,-0.48065,-0.47919,0.64094,-0.35855,-0.31059,-0.14201,0.70005,
1413394948,-2.54371,-0.17353,0.41306,-0.44379,-0.49449,0.67618,-0.31830,-0.22667,-0.17766,0.44953,
1413394948,-2.55331,-0.20318,0.50388,-0.40736,-0.53128,0.67268,-0.31514,-0.19298,-0.44786,0.57590,
1413394948,-2.57726,-0.33491,0.60921,-0.37482,-0.57478,0.64928,-0.32799,-0.20347,-0.77950,0.53863,
1413394948,-2.61762,-0.52941,0.70154,-0.40671,-0.58403,0.59748,-0.36947,-0.18757,-1.07254,0.45102,
1413394949,-2.64767,-0.74277,0.76910,0.47329,0.54522,-0.53133,0.44319,-0.10932,-0.91872,0.35967,
1413394949,-2.65306,-0.87977,0.83351,0.50236,0.51770,-0.50355,0.47545,0.00349,-0.37359,0.40056,
1413394949,-2.62008,-0.89188,0.89250,0.46406,0.54926,-0.54641,0.42941,0.14464,0.06451,0.35058,
1413394949,-2.56697,-0.82995,0.91387,-0.39384,-0.59692,0.60630,-0.34782,0.25036,0.18751,0.06992,
1413394949,-2.49264,-0.81621,0.89532,-0.35650,-0.61426,0.63448,-0.30499,0.36016,-0.21397,-0.09353,
1413394950,-2.41002,-0.91891,0.88864,-0.39174,-0.59521,0.61722,-0.33361,0.45282,-0.73590,0.05222,
1413394950,-2.31093,-1.07184,0.90548,-0.47091,-0.54073,0.56106,-0.41360,0.56854,-0.71328,0.09883,
1413394950,-2.18672,-1.18932,0.91943,-0.46564,-0.52113,0.55560,-0.45045,0.65884,-0.38944,0.04720,
1413394950,-2.05903,-1.23436,0.93318,-0.41516,-0.53084,0.55949,-0.48252,0.58201,-0.05824,0.02188,
1413394950,-1.97349,-1.22284,0.93931,0.34548,0.59485,-0.58127,0.43466,0.30996,0.03093,0.04874,
1413394951,-1.92535,-1.24066,0.95284,0.33345,0.64855,-0.57757,0.36689,0.25867,-0.27321,0.12216,
1413394951,-1.86517,-1.33064,0.98857,0.36802,0.64386,-0.54778,0.38724,0.41086,-0.65436,0.27797,
1413394951,-1.77701,-1.46709,1.04672,0.43024,0.59787,-0.47088,0.48550,0.53393,-0.54248,0.29323,
1413394951,-1.66854,-1.52374,1.10418,0.43233,0.58054,-0.41221,0.55331,0.54782,0.03914,0.26536,
1413394951,-1.57079,-1.45802,1.15281,0.34016,0.64354,-0.43302,0.53164,0.38517,0.54595,0.21203,
1413394952,-1.50400,-1.34656,1.20212,0.24352,0.72742,-0.47879,0.42700,0.32113,0.45572,0.32263,
1413394952,-1.42739,-1.31488,1.27593,0.20682,0.75217,-0.50278,0.37239,0.47881,-0.21670,0.49227,
1413394952,-1.30462,-1.42375,1.39010,0.28151,0.71574,-0.46481,0.43866,0.69648,-0.80690,0.63558,
1413394952,-1.16598,-1.58809,1.50080,0.34832,0.65263,-0.42075,0.52509,0.69565,-0.74471,0.41932,
1413394952,-1.02193,-1.70227,1.54110,0.32224,0.66114,-0.43523,0.51926,0.64504,-0.50461,0.03880,
1413394953,-0.90785,-1.78585,1.54898,0.26066,0.69681,-0.44909,0.49480,0.52538,-0.49591,0.13368,
1413394953,-0.80398,-1.89072,1.60588,0.27683,0.71675,-0.41421,0.48792,0.51481,-0.64515,0.35606,
1413394953,-0.71940,-1.98088,1.68781,0.31424,0.67815,-0.36976,0.55195,0.49648,-0.52415,0.21170,
1413394953,-0.63669,-2.05054,1.70385,0.33406,0.64425,-0.34253,0.59667,0.31065,-0.13850,0.06683,
1413394953,-0.59386,-2.02792,1.74835,0.34739,0.62260,-0.33242,0.61740,-0.00194,0.50556,0.47154,
1413394954,-0.65551,-1.84135,1.81081,0.31630,0.67559,-0.36927,0.55424,-0.24659,0.96105,-0.00781,
1413394954,-0.67479,-1.66818,1.73536,0.26310,0.74854,-0.41687,0.44349,-0.18340,0.95734,-0.75346,
1413394954,-0.66020,-1.51890,1.56962,0.25135,0.76342,-0.42718,0.41417,0.10115,0.64273,-0.96253,
1413394954,-0.60281,-1.42489,1.38325,0.29798,0.71767,-0.39044,0.49367,0.31642,0.46254,-0.87273,
1413394954,-0.53928,-1.31734,1.21061,0.33400,0.66771,-0.35287,0.56399,0.29613,0.69758,-0.77174,
1413394955,-0.50307,-1.14696,1.08508,0.30576,0.68373,-0.37482,0.54638,0.14323,1.05573,-0.53347,
1413394955,-0.50000,-0.90166,0.97567,0.22824,0.74212,-0.44292,0.44831,0.11110,1.00782,-0.54506,
1413394955,-0.46679,-0.74400,0.86529,0.24134,0.74390,-0.44912,0.43204,0.25442,0.52749,-0.55691,
1413394955,-0.39805,-0.64666,0.75357,0.29799,0.70711,-0.39006,0.50898,0.38973,0.44593,-0.56448,
1413394955,-0.34089,-0.54398,0.65286,0.27700,0.70136,-0.33558,0.56458,0.34031,0.66989,-0.45674,
1413394956,-0.28809,-0.39922,0.58762,0.14765,0.75747,-0.36553,0.52041,0.15235,0.59636,-0.16939,
1413394956,-0.26090,-0.34614,0.58427,0.14222,0.80633,-0.34525,0.45870,0.22794,-0.01180,0.12790,
1413394956,-0.21906,-0.35419,0.61455,0.19026,0.80008,-0.31143,0.47611,0.44055,-0.25158,0.22391,
1413394956,-0.17908,-0.37891,0.63910,0.21235,0.77896,-0.29860,0.50888,0.54267,-0.30569,0.27078,
1413394956,-0.06436,-0.45183,0.68885,0.23564,0.72546,-0.27126,0.58703,0.53402,-0.16232,0.27375,
1413394956,0.00820,-0.45542,0.74679,0.19523,0.71750,-0.24603,0.62173,0.30163,0.11614,0.15664,
1413394957,0.04205,-0.41901,0.75255,0.13916,0.78117,-0.21461,0.56951,0.08187,0.19741,-0.07971,
1413394957,0.04926,-0.34401,0.71931,0.12154,0.81982,-0.20146,0.52205,0.09691,0.20851,-0.08255,
1413394957,0.07050,-0.38782,0.73933,0.10777,0.84442,-0.19149,0.48853,0.24704,0.08237,0.01886,
1413394957,0.03617,-0.41986,0.70499,0.10399,0.84390,-0.17607,0.49601,0.37300,-0.04259,0.08191,
1413394957,0.09670,-0.42216,0.69517,0.10823,0.83236,-0.16718,0.51721,0.53122,-0.09149,0.11170,
1413394957,0.15877,-0.42959,0.69363,0.11329,0.81142,-0.16049,0.55046,0.60928,-0.10915,0.14646,
1413394957,0.21539,-0.44235,0.71141,0.11689,0.78282,-0.15598,0.59093,0.58470,-0.09855,0.18085,
1413394957,0.26182,-0.45077,0.73518,0.11687,0.75277,-0.15288,0.62953,0.46007,-0.05137,0.21932,
1413394957,0.29766,-0.45243,0.75703,0.11509,0.72331,-0.15144,0.66381,0.24724,0.01408,0.21249,
1413394958,0.30992,-0.44811,0.77652,0.10841,0.72136,-0.15460,0.66632,0.00712,0.08034,0.16883,
1413394958,0.30789,-0.43834,0.79397,0.09499,0.75278,-0.15983,0.63147,-0.20621,0.13245,0.14778,
1413394958,0.29162,-0.42889,0.81057,0.08435,0.79353,-0.15778,0.58163,-0.28398,0.12784,0.08407,
1413394958,0.28804,-0.41781,0.82107,0.07237,0.82930,-0.15230,0.53275,-0.21494,0.09394,0.03485,
1413394958,0.28414,-0.41347,0.82742,0.06021,0.84107,-0.14273,0.51826,-0.07330,0.03228,0.03735,
1413394958,0.29599,-0.41609,0.83270,0.04569,0.83333,-0.12864,0.53565,0.06872,-0.03968,0.01794,
1413394958,0.31597,-0.42649,0.83751,0.03136,0.80851,-0.10781,0.57768,0.12444,-0.10524,0.02940,
1413394958,0.32848,-0.44145,0.84042,0.01730,0.77635,-0.08090,0.62485,0.05348,-0.13891,0.01350,
1413394958,0.33104,-0.45636,0.84530,0.00603,0.75081,-0.05121,0.65850,-0.10016,-0.17039,0.04794,
1413394958,0.31148,-0.47513,0.85089,-0.00592,0.74564,-0.02401,0.66588,-0.32032,-0.19209,0.01341,
1413394959,0.26959,-0.49310,0.85059,-0.01866,0.78389,-0.00115,0.62061,-0.49902,-0.20958,-0.03424,
1413394959,0.21582,-0.51510,0.84793,-0.03199,0.83190,0.01913,0.55367,-0.54363,-0.22684,-0.01883,
1413394959,0.16690,-0.53779,0.85048,-0.04385,0.86707,0.03694,0.49487,-0.39896,-0.23916,0.04087,
1413394959,0.13618,-0.55945,0.85664,-0.05031,0.88114,0.05698,0.46671,-0.14864,-0.21725,0.09841,
1413394959,0.13166,-0.57881,0.86913,-0.04974,0.87768,0.08221,0.46952,0.14202,-0.18233,0.16825,
1413394959,0.15536,-0.59525,0.88862,-0.04730,0.85315,0.11133,0.50745,0.33997,-0.11309,0.20924,
1413394959,0.19587,-0.60119,0.90973,-0.05778,0.81919,0.13050,0.55549,0.42326,-0.00885,0.21709,
1413394959,0.23894,-0.59960,0.93098,-0.08215,0.78253,0.13828,0.60148,0.37330,0.04231,0.23466,
1413394959,0.27190,-0.59490,0.95251,-0.10746,0.74711,0.14485,0.63976,0.23269,0.03426,0.23589,
1413394959,0.28804,-0.59445,0.96901,-0.12223,0.74809,0.15740,0.63297,0.06089,-0.01021,0.14256,
1413394960,0.28731,-0.59828,0.98082,-0.12625,0.78547,0.17639,0.57964,-0.06359,-0.04402,0.11189,
1413394960,0.28181,-0.59893,0.99224,-0.12451,0.82582,0.19767,0.51327,-0.02947,0.00442,0.13403,
1413394960,0.28937,-0.59874,1.00744,-0.12425,0.84868,0.21853,0.46534,0.12266,0.07556,0.17887,
1413394960,0.31021,-0.58174,1.02308,-0.12146,0.84509,0.24750,0.45806,0.34573,0.22534,0.19223,
1413394960,0.35657,-0.55063,1.03888,-0.12801,0.81678,0.27609,0.49017,0.48283,0.38999,0.13421,
1413394960,0.40971,-0.50255,1.04493,-0.16208,0.77787,0.28445,0.53641,0.51780,0.51466,0.05614,
1413394960,0.46007,-0.45014,1.04595,-0.20554,0.73352,0.28945,0.57958,0.44605,0.52570,-0.02069,
1413394960,0.49994,-0.40070,1.04219,-0.23924,0.70378,0.30358,0.59607,0.31954,0.45853,-0.04983,
1413394960,0.52377,-0.36000,1.03695,-0.26211,0.69528,0.32854,0.58304,0.16812,0.35144,-0.06009,
1413394960,0.53176,-0.33009,1.02354,-0.27269,0.70348,0.36288,0.54688,0.06834,0.25987,-0.14688,
1413394961,0.52963,-0.30740,0.99769,-0.27270,0.71954,0.40302,0.49545,0.01955,0.22361,-0.28428,
1413394961,0.52756,-0.28447,0.96817,-0.26984,0.73237,0.44141,0.44268,0.05022,0.28776,-0.34818,
1413394961,0.53216,-0.24815,0.93835,-0.26874,0.73177,0.47461,0.40871,0.12479,0.44808,-0.30519,
1413394961,0.54726,-0.19054,0.91666,-0.28371,0.70506,0.49599,0.41998,0.20526,0.66279,-0.17655,
1413394961,0.56509,-0.11964,0.90773,-0.32033,0.66734,0.49437,0.45568,0.21525,0.75657,-0.12124,
1413394961,0.58090,-0.04316,0.90334,-0.35600,0.63471,0.48154,0.48838,0.18585,0.72753,-0.06736,
1413394961,0.59600,0.02295,0.89347,-0.37690,0.61727,0.47200,0.50412,0.13538,0.62549,-0.11029,
1413394961,0.62518,0.08012,0.87104,-0.37514,0.62243,0.47851,0.49283,0.13086,0.49841,-0.17535,
1413394961,0.60872,0.11603,0.87294,-0.34464,0.64940,0.49691,0.46108,0.04391,0.42672,-0.20112,
1413394961,0.61733,0.16338,0.85217,-0.31547,0.67234,0.51733,0.42521,0.04865,0.47828,-0.16058,
1413394962,0.61590,0.22349,0.84569,-0.29427,0.66835,0.53154,0.42917,0.03563,0.64898,-0.06677,
1413394962,0.61391,0.29737,0.84480,-0.29862,0.64613,0.53090,0.45988,-0.03594,0.78158,-0.00951,
1413394962,0.60382,0.37556,0.84747,-0.33210,0.62496,0.50881,0.49015,-0.13787,0.80684,0.00545,
1413394962,0.58697,0.45242,0.85029,-0.37082,0.60695,0.47949,0.51400,-0.22121,0.71841,-0.00815,
1413394962,0.56281,0.51694,0.85167,-0.39443,0.60174,0.45886,0.52133,-0.29099,0.55903,-0.01433,
1413394962,0.53715,0.57007,0.85483,-0.40034,0.60981,0.45267,0.51278,-0.32300,0.38060,-0.02220,
1413394962,0.50859,0.60884,0.85482,-0.37988,0.63405,0.46684,0.48553,-0.33881,0.24874,-0.02675,
1413394962,0.47829,0.64156,0.85455,-0.35161,0.65379,0.48461,0.46269,-0.32916,0.21194,0.01088,
1413394962,0.44609,0.66846,0.85983,-0.33325,0.66350,0.49467,0.45168,-0.33096,0.24381,0.06966,
1413394962,0.41479,0.70082,0.87544,-0.33893,0.65101,0.48857,0.47182,-0.34444,0.31123,0.20492,
1413394963,0.37919,0.73315,0.89880,-0.36727,0.62048,0.46625,0.51258,-0.39268,0.25732,0.24405,
1413394963,0.33596,0.75222,0.92157,-0.39204,0.59868,0.44650,0.53714,-0.47142,0.08639,0.20235,
1413394963,0.28489,0.74938,0.93734,-0.39206,0.60827,0.44902,0.52410,-0.54221,-0.10968,0.10913,
1413394963,0.22864,0.73566,0.94524,-0.37381,0.63801,0.46620,0.48566,-0.57076,-0.22708,0.06272,
1413394963,0.17149,0.71197,0.94705,-0.35097,0.65804,0.48961,0.45176,-0.56224,-0.23876,0.03754,
1413394963,0.11592,0.68948,0.95044,-0.34574,0.65253,0.50308,0.44897,-0.54771,-0.19281,0.05211,
1413394963,0.06376,0.66477,0.94905,-0.36808,0.62358,0.49567,0.47956,-0.54851,-0.18743,0.00262,
1413394963,0.00564,0.64096,0.94142,-0.39520,0.59722,0.48094,0.50581,-0.58824,-0.29700,-0.14486,
1413394963,-0.05598,0.60459,0.91754,-0.39730,0.59656,0.48330,0.50269,-0.62656,-0.42599,-0.33383,
1413394963,-0.12043,0.55660,0.87742,-0.37013,0.61993,0.50577,0.47210,-0.65907,-0.51768,-0.44958,
1413394964,-0.18700,0.50190,0.82622,-0.33822,0.64638,0.52806,0.43468,-0.67195,-0.51729,-0.50828,
1413394964,-0.25306,0.45431,0.77830,-0.31753,0.66085,0.53973,0.41369,-0.66222,-0.38448,-0.41883,
1413394964,-0.31928,0.42389,0.74429,-0.32924,0.65047,0.53022,0.43284,-0.65391,-0.22974,-0.31008,
1413394964,-0.38623,0.40406,0.71518,-0.36046,0.62350,0.50691,0.47366,-0.69262,-0.19748,-0.25107,
1413394964,-0.45558,0.38364,0.68425,-0.38717,0.60998,0.48473,0.49302,-0.73179,-0.27225,-0.34061,
1413394964,-0.52929,0.35066,0.64406,-0.37761,0.62846,0.48936,0.47221,-0.73798,-0.35377,-0.40886,
1413394964,-0.60335,0.31435,0.60481,-0.34500,0.65693,0.50889,0.43640,-0.73796,-0.35779,-0.38294,
1413394964,-0.67435,0.28545,0.57184,-0.31654,0.67563,0.52395,0.41085,-0.69750,-0.22897,-0.25526,
1413394964,-0.74552,0.27045,0.55406,-0.31645,0.66704,0.52257,0.42642,-0.68012,-0.04862,-0.09084,
1413394964,-0.82223,0.26289,0.54315,-0.34649,0.64200,0.50189,0.46464,-0.70087,0.01169,-0.00956,
1413394965,-0.90221,0.25535,0.53649,-0.38258,0.61919,0.47551,0.49410,-0.73099,-0.07280,-0.04522,
1413394965,-0.98509,0.23723,0.52516,-0.39369,0.62825,0.46918,0.47978,-0.75379,-0.19460,-0.11272,
1413394965,-1.05805,0.20984,0.51805,-0.37737,0.65967,0.48279,0.43514,-0.71480,-0.26226,-0.09353,
1413394965,-1.12670,0.18255,0.51297,-0.35256,0.68964,0.49816,0.38979,-0.61096,-0.22279,-0.04585,
1413394965,-1.18542,0.16678,0.51383,-0.33709,0.71018,0.50348,0.35849,-0.46315,-0.06715,0.03393,
1413394965,-1.22590,0.17119,0.52333,-0.33950,0.71755,0.49645,0.35127,-0.25235,0.17597,0.18018,
1413394965,-1.24948,0.19624,0.54560,-0.35559,0.69069,0.48788,0.39810,-0.09614,0.33661,0.29192,
1413394965,-1.26856,0.22170,0.57522,-0.38602,0.64756,0.47733,0.45145,-0.06403,0.34072,0.31537,
1413394965,-1.27906,0.24940,0.60226,-0.40675,0.61267,0.48075,0.47755,-0.07503,0.24569,0.25749,
1413394965,-1.28722,0.26817,0.62301,-0.40193,0.59960,0.51048,0.46727,-0.10294,0.13109,0.19170,
1413394966,-1.30309,0.27584,0.64276,-0.39964,0.59121,0.54087,0.44521,-0.14451,0.07463,0.23499,
1413394966,-1.31942,0.27596,0.66994,-0.42262,0.57214,0.55603,0.42999,-0.18893,0.02048,0.31279,
1413394966,-1.33582,0.26911,0.70416,-0.46450,0.54046,0.56089,0.42136,-0.17939,-0.08287,0.31338,
1413394966,-1.35191,0.25302,0.72746,-0.48017,0.51426,0.58502,0.40339,-0.14867,-0.21714,0.15054,
1413394966,-1.36510,0.22734,0.73591,-0.47540,0.49466,0.62033,0.38013,-0.13004,-0.30027,0.06337,
1413394966,-1.37807,0.19283,0.74442,-0.49515,0.46388,0.63358,0.37177,-0.12622,-0.37669,0.06239,
1413394966,-1.38843,0.14862,0.74891,0.53042,-0.43080,-0.63079,-0.36764,-0.09723,-0.51297,-0.04148,
1413394966,-1.39437,0.08970,0.73803,0.52635,-0.41957,-0.65599,-0.34145,-0.05412,-0.64809,-0.18370,
1413394966,-1.39774,0.01851,0.71538,-0.49399,0.42339,0.69879,0.29733,-0.03488,-0.72775,-0.28395,
1413394966,-1.40399,-0.05405,0.68656,-0.44999,0.42884,0.74285,0.24855,-0.07657,-0.66939,-0.29201,
1413394967,-1.41775,-0.11113,0.66302,-0.43080,0.42199,0.76740,0.21780,-0.19934,-0.44951,-0.14189,
1413394967,-1.44288,-0.14441,0.65457,-0.46397,0.39631,0.76067,0.22146,-0.30328,-0.22590,-0.03436,
1413394967,-1.47600,-0.16298,0.65473,0.51960,-0.36127,-0.73620,-0.23983,-0.33846,-0.17035,-0.00207,
1413394967,-1.50983,-0.18601,0.65153,0.56560,-0.33015,-0.71388,-0.24793,-0.29812,-0.22211,-0.03503,
1413394967,-1.53486,-0.21117,0.64399,0.57796,-0.31057,-0.71603,-0.23837,-0.21654,-0.30371,-0.11287,
1413394967,-1.55105,-0.24274,0.63075,0.55194,-0.29843,-0.74784,-0.21686,-0.16333,-0.34877,-0.10905,
1413394967,-1.56701,-0.27752,0.62027,0.51416,-0.28766,-0.78509,-0.19112,-0.17512,-0.35539,-0.06854,
1413394967,-1.58894,-0.31060,0.61955,0.50665,-0.26794,-0.80060,-0.17479,-0.28211,-0.29289,0.07248,
1413394967,-1.62216,-0.33553,0.63186,0.54086,-0.24030,-0.78810,-0.16919,-0.37223,-0.24821,0.17523,
1413394967,-1.66002,-0.36022,0.65281,0.59380,-0.20981,-0.75852,-0.16742,-0.35094,-0.27508,0.23179,
1413394968,-1.68968,-0.38960,0.67467,0.62577,-0.18818,-0.74156,-0.15196,-0.22953,-0.35533,0.16457,
1413394968,-1.70575,-0.42784,0.68712,0.60737,-0.17546,-0.76475,-0.12435,-0.08899,-0.41926,0.12330,
1413394968,-1.70894,-0.46958,0.69866,0.56216,-0.16049,-0.80508,-0.10031,-0.04045,-0.42074,0.16938,
1413394968,-1.70839,-0.51143,0.72209,0.55182,-0.13935,-0.81808,-0.08261,-0.07600,-0.38574,0.29144,
1413394968,-1.71201,-0.55021,0.75568,0.57631,-0.11050,-0.80662,-0.07087,-0.11174,-0.38674,0.35607,
1413394968,-1.71257,-0.58389,0.79388,0.60709,-0.07920,-0.78869,-0.05596,-0.05737,-0.39491,0.34739,
1413394968,-1.70829,-0.62801,0.81896,0.59996,-0.05327,-0.79740,-0.03691,0.04152,-0.40873,0.16701,
1413394968,-1.70484,-0.66954,0.82544,0.56825,-0.03590,-0.82185,-0.01913,0.05160,-0.39645,0.03991,
1413394968,-1.70492,-0.70774,0.82409,0.55340,-0.02193,-0.83259,-0.00795,-0.00470,-0.38467,-0.00845,
1413394968,-1.70528,-0.74740,0.81956,0.55558,-0.00627,-0.83144,0.00123,-0.05868,-0.38385,-0.08542,
1413394969,-1.71211,-0.78530,0.80980,0.56056,0.00776,-0.82797,0.01333,-0.11120,-0.38019,-0.10281,
1413394969,-1.72367,-0.82321,0.80095,0.55278,0.01931,-0.83278,0.02330,-0.16476,-0.35455,-0.09821,
1413394969,-1.74309,-0.85589,0.79388,0.54487,0.03245,-0.83759,0.02255,-0.24512,-0.33980,-0.06012,
1413394969,-1.77254,-0.89600,0.78996,0.55012,0.04761,-0.83367,0.01014,-0.32515,-0.37148,-0.03110,
1413394969,-1.80984,-0.93594,0.78925,0.55918,0.04983,-0.82744,0.01305,-0.38896,-0.42781,-0.00156,
1413394969,-1.85098,-0.98036,0.79206,0.57321,0.04899,-0.81742,0.02930,-0.41033,-0.46821,0.01592,
1413394969,-1.91450,-1.05301,0.79050,0.58893,0.05753,-0.80436,0.05341,-0.41119,-0.46645,-0.09456,
1413394969,-1.99166,-1.14084,0.73786,0.60646,0.07084,-0.78888,0.06974,-0.31551,-0.39265,-0.38505,
1413394970,-2.03643,-1.21178,0.65087,0.61267,0.08938,-0.78339,0.05434,-0.12282,-0.33518,-0.45883,
1413394970,-2.04057,-1.28523,0.56678,0.58115,0.11383,-0.80570,0.01266,0.01177,-0.45189,-0.36780,
1413394970,-2.04027,-1.40370,0.50604,0.56112,0.10526,-0.82086,0.01604,0.01660,-0.70162,-0.21880,
1413394970,-2.05381,-1.55190,0.50771,0.54599,0.08197,-0.83278,0.04068,-0.13257,-0.82606,0.11484,
1413394970,-2.09497,-1.71220,0.54587,0.58464,0.06554,-0.80610,0.06400,-0.23458,-0.82720,0.10622,
1413394971,-2.13458,-1.86200,0.54724,0.61772,0.03647,-0.77819,0.10730,-0.10346,-0.65061,-0.13829,
1413394971,-2.14100,-1.96046,0.51660,0.62257,0.02155,-0.77187,0.12714,0.05096,-0.28356,-0.16966,
1413394971,-2.11585,-1.99771,0.48456,0.59095,0.06519,-0.80205,0.05691,0.19977,-0.06314,-0.02814,
1413394971,-2.07858,-2.02547,0.50401,0.55827,0.07637,-0.82568,0.02752,0.19131,-0.14900,0.19883,
1413394971,-2.05303,-2.06274,0.53506,0.50933,0.06856,-0.85738,0.02800,-0.00834,-0.25022,0.04857,
1413394972,-2.09863,-2.12256,0.54410,-0.48372,-0.05371,0.87261,-0.04105,-0.45571,-0.34902,0.08304,
1413394972,-2.22818,-2.18552,0.57473,0.53766,0.02452,-0.83987,0.07030,-0.79263,-0.25472,0.17851,
1413394972,-2.39343,-2.20920,0.61078,0.60006,-0.01099,-0.79682,0.06984,-0.81368,-0.00635,0.14814,
1413394972,-2.53866,-2.18365,0.62239,0.63278,-0.05897,-0.77142,0.03192,-0.59908,0.24262,-0.04988,
1413394972,-2.62793,-2.10902,0.59758,0.63792,-0.13122,-0.75846,-0.02405,-0.27449,0.46205,-0.19088,
1413394973,-2.65173,-1.99601,0.54517,0.60308,-0.22113,-0.76166,-0.08526,0.04637,0.62644,-0.27788,
1413394973,-2.62649,-1.85616,0.49983,0.54858,-0.29436,-0.76237,-0.17666,0.17649,0.76516,-0.12275,
1413394973,-2.59524,-1.70458,0.48108,0.51308,-0.35384,-0.73319,-0.27199,0.13640,0.72055,-0.06898,
1413394973,-2.58698,-1.63339,0.47407,-0.49807,0.39208,0.71228,0.30141,0.09253,0.67668,-0.07855,
1413394973,-2.58168,-1.56640,0.46682,-0.48323,0.43365,0.68898,0.32208,0.04079,0.63167,-0.09268,
1413394973,-2.57319,-1.50261,0.45784,-0.46804,0.47736,0.66366,0.33560,0.02917,0.61813,-0.08281,
1413394973,-2.56640,-1.43947,0.45026,-0.45201,0.51690,0.63633,0.35154,0.03133,0.61445,-0.05888,
1413394973,-2.55348,-1.37936,0.44649,-0.43558,0.55177,0.60655,0.37136,0.04773,0.62815,-0.03791,
1413394974,-2.52810,-1.31610,0.45215,-0.41734,0.58458,0.57570,0.39072,0.09305,0.64594,-0.00600,
1413394974,-2.50953,-1.25042,0.45359,-0.39328,0.61507,0.54596,0.41103,0.12650,0.64932,0.01648,
1413394974,-2.48760,-1.18423,0.45320,-0.37035,0.63952,0.51286,0.43685,0.15095,0.66011,0.04994,
1413394974,-2.47243,-1.11648,0.45744,-0.34964,0.66379,0.47584,0.45904,0.15160,0.65503,0.05218,
1413394974,-2.45640,-1.05317,0.46289,-0.32782,0.68820,0.43862,0.47595,0.15816,0.63893,0.06990,
1413394974,-2.43758,-0.99417,0.46954,-0.30600,0.70993,0.40062,0.49179,0.17793,0.58616,0.08014,
1413394974,-2.41728,-0.93598,0.47743,-0.28585,0.72989,0.36088,0.50528,0.19704,0.56227,0.09774,
1413394974,-2.41433,-0.83196,0.48007,-0.26401,0.74800,0.31866,0.51889,0.17865,0.59453,0.08617,
1413394974,-2.36741,-0.80815,0.49643,-0.24670,0.76671,0.27828,0.52332,0.27488,0.49216,0.13014,
1413394974,-2.33835,-0.76856,0.50874,-0.22530,0.78328,0.23714,0.52866,0.32680,0.42332,0.15710,
1413394975,-2.30118,-0.72653,0.52281,-0.20266,0.79535,0.19749,0.53605,0.39092,0.34332,0.18156,
1413394975,-2.25956,-0.69930,0.54034,-0.17709,0.79723,0.16200,0.55391,0.44614,0.26285,0.19368,
1413394975,-2.21577,-0.68179,0.55586,-0.14836,0.79950,0.13187,0.56692,0.45669,0.17002,0.15798,
1413394975,-2.17415,-0.68000,0.56488,-0.11898,0.80471,0.10600,0.57188,0.44931,0.09199,0.10795,
1413394975,-2.13152,-0.67403,0.56699,-0.08719,0.80987,0.08520,0.57380,0.43954,0.05627,-0.02098,
1413394975,-2.09395,-0.67749,0.55439,-0.06096,0.80983,0.06565,0.57978,0.41289,0.03426,-0.14329,
1413394975,-2.05928,-0.68033,0.53032,-0.04038,0.80251,0.04742,0.59338,0.36874,0.02536,-0.25384,
1413394975,-2.02799,-0.68192,0.49659,-0.02673,0.79635,0.02805,0.60359,0.30934,0.02233,-0.36217,
1413394975,-2.00252,-0.68080,0.45628,-0.01287,0.79405,0.01097,0.60762,0.22730,0.02418,-0.37798,
1413394975,-1.98063,-0.67747,0.41745,0.00280,0.79826,-0.00233,0.60230,0.17568,0.03218,-0.37618,
1413394976,-1.96681,-0.67258,0.38178,0.01748,0.80592,-0.01250,0.59164,0.11419,0.06160,-0.33884,
1413394976,-1.95454,-0.66393,0.34988,0.02621,0.81359,-0.01956,0.58052,0.10857,0.11004,-0.27835,
1413394976,-1.93165,-0.64051,0.31421,0.03195,0.82075,-0.02558,0.56982,0.14660,0.17422,-0.19729,
1413394976,-1.90209,-0.61065,0.29648,0.03438,0.81336,-0.02461,0.58023,0.19138,0.22743,-0.07041,
1413394976,-1.86806,-0.55915,0.28673,0.03331,0.79723,-0.02093,0.60240,0.12466,0.29512,-0.08214,
1413394976,-1.85229,-0.49258,0.27359,0.03491,0.79580,-0.01565,0.60435,0.01807,0.36402,-0.05366,
1413394977,-1.85751,-0.43323,0.26940,0.03389,0.78058,-0.01401,0.62398,-0.10883,0.42180,-0.03439,
1413394977,-1.90346,-0.33943,0.26522,0.01772,0.76708,-0.02347,0.64088,-0.38684,0.48907,-0.03217,
1413394977,-1.94852,-0.28805,0.26409,0.00184,0.78087,-0.03518,0.62370,-0.51783,0.47093,-0.02766,
1413394977,-2.00255,-0.24070,0.26304,-0.01546,0.80909,-0.04922,0.58542,-0.58267,0.41754,-0.03012,
1413394977,-2.05800,-0.19979,0.26235,-0.02558,0.83999,-0.06276,0.53835,-0.54410,0.32369,0.02079,
1413394977,-2.12197,-0.16590,0.27510,-0.03544,0.87162,-0.08585,0.48131,-0.30538,0.10081,0.10901,
1413394977,-2.13229,-0.17481,0.30702,-0.01962,0.88760,-0.08817,0.45167,0.16365,-0.19434,0.28548,
1413394978,-2.03861,-0.23341,0.38367,0.03600,0.88738,-0.05194,0.45668,0.76102,-0.31776,0.44894,
1413394978,-1.81493,-0.30090,0.47933,0.04700,0.88389,-0.04670,0.46298,1.35693,-0.30042,0.52523,
1413394978,-1.47715,-0.36298,0.58920,0.05513,0.85792,-0.03964,0.50928,1.81208,-0.22745,0.58297,
1413394978,-1.08956,-0.39955,0.69722,0.06599,0.82251,-0.03210,0.56399,1.94365,-0.10066,0.51353,
1413394978,-0.88863,-0.40705,0.74146,0.07055,0.81504,-0.02895,0.57437,1.94903,-0.01937,0.38711,
1413394978,-0.69058,-0.40475,0.77342,0.07307,0.81232,-0.02680,0.57799,1.93627,0.07141,0.27286,
1413394978,-0.49749,-0.39559,0.79918,0.07336,0.81147,-0.02555,0.57921,1.90379,0.16359,0.15717,
1413394979,-0.30779,-0.37728,0.81368,0.06857,0.81169,-0.02612,0.57946,1.87528,0.24737,0.05947,
1413394979,-0.11896,-0.35201,0.82550,0.05878,0.81178,-0.03010,0.58021,1.85767,0.32777,0.06843,
1413394979,0.06898,-0.31997,0.84045,0.04297,0.81209,-0.03895,0.58064,1.82922,0.37897,0.11250,
1413394979,0.25512,-0.28309,0.85832,0.02884,0.81129,-0.04765,0.58199,1.79912,0.39038,0.15024,
1413394979,0.43706,-0.24391,0.87665,0.02144,0.81005,-0.05353,0.58352,1.76417,0.38348,0.16423,
1413394979,0.61587,-0.20836,0.89203,0.01892,0.80431,-0.05784,0.59108,1.73732,0.35647,0.09600,
1413394979,0.78424,-0.17477,0.89896,0.01947,0.79231,-0.06127,0.60672,1.65568,0.33164,-0.00678,
1413394979,0.95286,-0.14041,0.89584,0.01366,0.77477,-0.06835,0.62839,1.54376,0.31287,-0.08034,
1413394979,1.10441,-0.10947,0.88637,0.00409,0.75745,-0.07517,0.64853,1.40101,0.26366,-0.14045,
1413394979,1.23142,-0.08687,0.87694,-0.00864,0.73871,-0.08180,0.66898,1.16992,0.19660,-0.08902,
1413394980,1.33470,-0.07094,0.87463,-0.01717,0.71708,-0.08355,0.69175,0.85309,0.09482,0.02564,
1413394980,1.39624,-0.06645,0.88494,-0.01555,0.69886,-0.07711,0.71092,0.49256,-0.00733,0.13773,
1413394980,1.41591,-0.07108,0.90662,-0.00770,0.69602,-0.06631,0.71492,0.08056,-0.08638,0.23593,
1413394980,1.38910,-0.08165,0.93296,0.01467,0.72234,-0.05030,0.68955,-0.33135,-0.13261,0.31773,
1413394980,1.33246,-0.09390,0.96733,0.04717,0.76370,-0.03347,0.64298,-0.58544,-0.11289,0.39623,
1413394980,1.26197,-0.09969,1.00492,0.06776,0.79081,-0.02664,0.60771,-0.69440,-0.02588,0.39833,
1413394980,1.18562,-0.09493,1.03497,0.07704,0.79874,-0.02631,0.59615,-0.72886,0.07859,0.32970,
1413394980,1.10518,-0.07796,1.05499,0.07974,0.79210,-0.02886,0.60447,-0.77886,0.19276,0.22393,
1413394980,1.02028,-0.04861,1.06270,0.07438,0.78276,-0.03545,0.61685,-0.82813,0.30276,0.11342,
1413394980,0.93106,-0.01260,1.06205,0.06941,0.78124,-0.04125,0.61898,-0.91085,0.38790,0.00770,
1413394981,0.83212,0.03002,1.05767,0.06185,0.78940,-0.04857,0.60882,-0.97537,0.46470,-0.01062,
1413394981,0.72765,0.07890,1.05525,0.04882,0.79948,-0.05866,0.59583,-1.01821,0.50615,0.02221,
1413394981,0.62392,0.13024,1.05965,0.03896,0.80568,-0.06623,0.58735,-1.02098,0.50825,0.07396,
1413394981,0.52135,0.18309,1.06794,0.03417,0.80926,-0.06918,0.58236,-1.00715,0.49852,0.11280,
1413394981,0.42085,0.23499,1.07843,0.03129,0.81080,-0.07075,0.58019,-0.99054,0.48235,0.11433,
1413394981,0.32157,0.28434,1.08483,0.02847,0.81227,-0.07232,0.57808,-0.95573,0.45941,0.02439,
1413394981,0.22474,0.32940,1.08148,0.02199,0.81283,-0.07651,0.57704,-0.92257,0.42346,-0.07670,
1413394981,0.12972,0.36910,1.06765,0.01535,0.81399,-0.08095,0.57500,-0.90197,0.36955,-0.18136,
1413394981,0.03749,0.39749,1.04300,0.01275,0.81495,-0.08342,0.57335,-0.87055,0.28814,-0.26130,
1413394981,-0.04971,0.41839,1.01630,0.02328,0.81605,-0.07821,0.57219,-0.84314,0.21205,-0.23041,
1413394982,-0.13307,0.43483,0.99199,0.03619,0.81658,-0.07359,0.57137,-0.80195,0.17681,-0.19048,
1413394982,-0.21205,0.45033,0.97115,0.04082,0.81819,-0.07463,0.56862,-0.76155,0.16199,-0.18602,
1413394982,-0.28645,0.46362,0.95011,0.04423,0.82338,-0.07873,0.56026,-0.71480,0.13861,-0.20074,
1413394982,-0.35373,0.47370,0.93023,0.04492,0.82696,-0.09127,0.55298,-0.65042,0.11490,-0.18973,
1413394982,-0.41145,0.47727,0.91393,0.04518,0.82696,-0.10817,0.54991,-0.57332,0.05254,-0.17315,
1413394982,-0.46059,0.47553,0.90104,0.04710,0.82426,-0.12879,0.54936,-0.50493,-0.01617,-0.13342,
1413394982,-0.49688,0.46598,0.89313,0.04918,0.81767,-0.15451,0.55238,-0.42397,-0.11819,-0.09431,
1413394982,-0.52590,0.44632,0.88933,0.05221,0.80756,-0.18316,0.55819,-0.36640,-0.23089,-0.06293,
1413394982,-0.55471,0.41535,0.88752,0.05868,0.79741,-0.21380,0.56124,-0.34640,-0.36813,-0.02775,
1413394982,-0.58660,0.37130,0.88784,0.07185,0.78808,-0.24253,0.56119,-0.36915,-0.52500,0.02294,
1413394983,-0.62585,0.31216,0.89320,0.08667,0.77684,-0.27231,0.56111,-0.40041,-0.68038,0.08186,
1413394983,-0.66910,0.23769,0.90390,0.10308,0.76550,-0.30152,0.55898,-0.46448,-0.81900,0.12171,
1413394983,-0.71674,0.14908,0.91966,0.12437,0.75503,-0.32578,0.55527,-0.52473,-0.95677,0.16456,
1413394983,-0.77151,0.04679,0.93775,0.14795,0.74441,-0.34763,0.55056,-0.58838,-1.08173,0.17493,
1413394983,-0.83300,-0.06753,0.95680,0.17220,0.73405,-0.36771,0.54435,-0.64182,-1.19072,0.20405,
1413394983,-0.97168,-0.32029,0.99807,0.22007,0.72046,-0.38928,0.53007,-0.71498,-1.31153,0.22384,
1413394983,-1.11767,-0.58886,1.04389,0.24631,0.71457,-0.39167,0.52472,-0.73333,-1.35020,0.23059,
1413394984,-1.26373,-0.85842,1.09080,0.27133,0.72386,-0.37306,0.51306,-0.71786,-1.31644,0.21531,
1413394984,-1.39798,-1.11138,1.11172,0.28803,0.73285,-0.35213,0.50594,-0.60776,-1.21579,0.00410,
1413394984,-1.51003,-1.33480,1.08483,0.29425,0.73527,-0.34222,0.50565,-0.47221,-1.06265,-0.24183,
1413394984,-1.57657,-1.53225,1.01971,0.28814,0.73774,-0.33696,0.50909,-0.28867,-0.89126,-0.35407,
1413394984,-1.61502,-1.69339,0.95481,0.27546,0.74803,-0.32353,0.50981,-0.13981,-0.73361,-0.32607,
1413394985,-1.61469,-1.82540,0.90146,0.26173,0.76210,-0.31539,0.50122,0.06628,-0.61366,-0.25871,
1413394985,-1.57325,-1.93215,0.86217,0.24184,0.77629,-0.29176,0.50375,0.28180,-0.50262,-0.19070,
1413394985,-1.48832,-2.02726,0.83383,0.21140,0.78959,-0.25979,0.51416,0.50970,-0.43861,-0.10927,
1413394985,-1.37223,-2.11605,0.81824,0.18665,0.79721,-0.21733,0.53139,0.65529,-0.37335,-0.02196,
1413394985,-1.22543,-2.17475,0.82911,0.16714,0.80362,-0.19899,0.53540,0.79402,-0.26187,0.15682,
1413394986,-1.05689,-2.22897,0.88726,0.11090,0.80238,-0.22495,0.54156,0.90078,-0.32947,0.46916,
1413394986,-0.87549,-2.31348,0.99801,0.13156,0.80462,-0.20398,0.54192,0.92674,-0.46120,0.54280,
1413394986,-0.68386,-2.40091,1.07291,0.16186,0.80758,-0.18077,0.53753,1.00289,-0.40686,0.23033,
1413394986,-0.47239,-2.47258,1.10145,0.16807,0.80596,-0.18004,0.53831,1.09732,-0.29236,0.13514,
1413394986,-0.23968,-2.52322,1.13355,0.13453,0.79880,-0.20980,0.54755,1.18265,-0.23284,0.20383,
1413394987,-0.00298,-2.57708,1.18815,0.12426,0.79547,-0.22072,0.55052,1.18403,-0.31394,0.31704,
1413394987,0.23811,-2.64338,1.25574,0.15845,0.80177,-0.19772,0.54126,1.22736,-0.32626,0.32451,
1413394987,0.49546,-2.69844,1.32282,0.16911,0.79805,-0.19166,0.54570,1.33006,-0.20503,0.31598,
1413394987,0.76292,-2.73564,1.36873,0.13987,0.78595,-0.21575,0.56229,1.29998,-0.13914,0.05869,
1413394987,1.01525,-2.77531,1.37360,0.13892,0.77914,-0.21892,0.57071,1.21936,-0.19148,-0.06182,
1413394988,1.28310,-2.82187,1.37560,0.18461,0.77626,-0.18804,0.57270,1.17882,-0.09168,-0.00769,
1413394988,1.52582,-2.81739,1.38451,0.20070,0.76640,-0.17638,0.58415,1.13298,0.16690,0.05899,
1413394988,1.75307,-2.75432,1.41178,0.20593,0.75528,-0.17384,0.59744,1.02724,0.49540,0.15598,
1413394988,1.95334,-2.62748,1.45753,0.20138,0.74362,-0.17923,0.61184,0.85963,0.81326,0.21932,
1413394988,2.10853,-2.44569,1.50780,0.16433,0.73824,-0.21309,0.61854,0.61109,1.00475,0.22134,
1413394989,2.21118,-2.24849,1.53807,0.14048,0.72819,-0.27983,0.60967,0.28714,0.96407,0.05858,
1413394989,2.22005,-2.06880,1.54376,0.18185,0.71490,-0.34178,0.58227,-0.04599,0.85400,-0.04246,
1413394989,2.17511,-1.90181,1.52581,0.24285,0.70055,-0.36729,0.56156,-0.23941,0.84082,-0.16717,
1413394989,2.10160,-1.72400,1.49467,0.27820,0.70056,-0.37201,0.54168,-0.35107,0.93346,-0.15879,
1413394989,2.01616,-1.52768,1.47035,0.27902,0.70744,-0.37733,0.52849,-0.36625,1.00720,-0.09643,
1413394990,1.93223,-1.32190,1.45228,0.26173,0.70961,-0.38364,0.52988,-0.39046,1.03685,-0.13278,
1413394990,1.84294,-1.11385,1.41121,0.23960,0.71475,-0.38446,0.53284,-0.43283,1.01571,-0.31555,
1413394990,1.75031,-0.91913,1.33072,0.18943,0.73874,-0.36018,0.53727,-0.44770,0.90720,-0.48129,
1413394990,1.65451,-0.75497,1.22814,0.15487,0.77745,-0.28091,0.54100,-0.45958,0.75078,-0.58431,
1413394990,1.60942,-0.68258,1.16606,0.13958,0.79461,-0.23154,0.54360,-0.42471,0.70884,-0.64929,
1413394990,1.54820,-0.58312,1.06870,0.11422,0.81424,-0.15683,0.54716,-0.35895,0.67232,-0.64636,
1413394990,1.50881,-0.50563,1.00629,0.09525,0.82334,-0.11851,0.54680,-0.30923,0.66785,-0.61428,
1413394991,1.47742,-0.45045,0.94792,0.07512,0.82826,-0.09554,0.54701,-0.23636,0.64749,-0.56896,
1413394991,1.45382,-0.38704,0.89311,0.05952,0.83157,-0.08369,0.54584,-0.16046,0.63781,-0.52869,
1413394991,1.43304,-0.32355,0.84352,0.05174,0.83227,-0.07722,0.54651,-0.07410,0.61765,-0.50715,
1413394991,1.42620,-0.26207,0.79888,0.04924,0.83261,-0.07516,0.54652,0.02031,0.59543,-0.45876,
1413394991,1.42338,-0.20101,0.75939,0.04964,0.83207,-0.07644,0.54713,0.08751,0.57893,-0.40953,
1413394991,1.42570,-0.13775,0.72124,0.05339,0.83114,-0.07836,0.54792,0.16278,0.57646,-0.35355,
1413394991,1.44345,-0.07836,0.68895,0.05103,0.82833,-0.08689,0.55110,0.23845,0.56623,-0.31424,
1413394991,1.46998,-0.02010,0.65838,0.05100,0.82610,-0.09741,0.55269,0.29491,0.53478,-0.28966,
1413394991,1.49784,0.03104,0.63484,0.05533,0.82388,-0.11355,0.55251,0.33805,0.48129,-0.25965,
1413394991,1.53555,0.07510,0.61297,0.06512,0.82039,-0.13495,0.55183,0.39766,0.43283,-0.21850,
1413394992,1.57635,0.11042,0.59598,0.07932,0.81527,-0.15862,0.55125,0.41312,0.36189,-0.20571,
1413394992,1.62020,0.13822,0.58249,0.09844,0.80799,-0.17981,0.55239,0.45396,0.30049,-0.14995,
1413394992,1.66858,0.16769,0.57103,0.12159,0.79551,-0.19646,0.56016,0.48702,0.26682,-0.11438,
1413394992,1.71911,0.19624,0.56030,0.13567,0.78108,-0.21104,0.57181,0.48591,0.25812,-0.10291,
1413394992,1.76809,0.22317,0.54895,0.14146,0.77043,-0.22347,0.58008,0.46041,0.25328,-0.10812,
1413394992,1.81128,0.24581,0.53818,0.14160,0.76459,-0.23990,0.58121,0.39795,0.23814,-0.12317,
1413394992,1.84884,0.26553,0.52670,0.13804,0.76181,-0.26075,0.57672,0.31894,0.19103,-0.10664,
1413394992,1.87585,0.28076,0.52005,0.13984,0.76151,-0.28050,0.56733,0.24589,0.11596,-0.05488,
1413394992,1.89713,0.28761,0.51662,0.15382,0.75963,-0.29517,0.55873,0.18296,0.03392,-0.01424,
1413394992,1.91164,0.28708,0.51677,0.17837,0.75693,-0.30416,0.55021,0.14046,-0.02654,0.03045,
1413394993,1.92413,0.28226,0.51974,0.20917,0.75721,-0.30424,0.53881,0.13436,-0.04362,0.03871,
1413394993,1.93889,0.27853,0.52389,0.22518,0.75264,-0.30771,0.53679,0.15552,-0.02117,0.04964,
1413394993,1.95599,0.27734,0.52742,0.22647,0.74474,-0.31727,0.54167,0.15913,-0.00550,0.04459,
1413394993,1.97229,0.27764,0.53033,0.22197,0.73699,-0.33322,0.54455,0.13812,-0.00031,0.03287,
1413394993,1.98466,0.27623,0.53372,0.21838,0.73210,-0.34678,0.54413,0.10762,-0.01040,0.01160,
1413394993,1.99549,0.27445,0.52956,0.22030,0.73061,-0.35329,0.54117,0.08253,-0.03326,-0.09132,
1413394993,2.00061,0.27015,0.51314,0.22837,0.73245,-0.35247,0.53585,0.05844,-0.04990,-0.20216,
1413394993,2.00502,0.26381,0.48514,0.23656,0.73551,-0.34849,0.53068,0.04000,-0.05733,-0.29664,
1413394993,2.00691,0.25871,0.45167,0.24633,0.73866,-0.34163,0.52630,0.04568,-0.04315,-0.32721,
1413394993,2.01204,0.25473,0.41779,0.25378,0.74153,-0.33516,0.52288,0.06880,-0.02200,-0.31465,
1413394994,2.01959,0.25386,0.38631,0.25726,0.74326,-0.33039,0.52175,0.09732,0.01613,-0.30521,
1413394994,2.03140,0.25592,0.35593,0.25532,0.74302,-0.33152,0.52232,0.12724,0.04435,-0.30437,
1413394994,2.04628,0.25965,0.32322,0.25169,0.73722,-0.34266,0.52512,0.14195,0.05814,-0.35746,
1413394994,2.06075,0.26381,0.28372,0.25076,0.72858,-0.36208,0.52459,0.13131,0.05301,-0.44208,
1413394994,2.07364,0.26689,0.23619,0.25258,0.71604,-0.38788,0.52253,0.11141,0.03425,-0.50159,
1413394994,2.08332,0.26813,0.18780,0.25861,0.70036,-0.41602,0.51917,0.06101,0.01118,-0.47453,
1413394994,2.08559,0.26832,0.14802,0.27296,0.68469,-0.44078,0.51226,-0.01207,-0.00659,-0.32634,
1413394994,2.07806,0.26341,0.11132,0.30810,0.66224,-0.47132,0.49434,-0.10949,-0.00479,-0.21418,
1413394995,2.05451,0.25917,0.09532,0.35990,0.64541,-0.49534,0.45668,-0.09090,-0.00277,-0.02893,
1413394995,2.04805,0.25785,0.11696,0.38680,0.63412,-0.50539,0.43917,0.03928,0.03535,0.14945,
1413394995,2.07816,0.25181,0.17547,0.39324,0.62380,-0.50898,0.44404,0.19834,0.06604,0.17820,
1413394995,2.12047,0.27066,0.17054,0.37769,0.61491,-0.51666,0.46077,0.24523,0.14627,-0.21093,
1413394995,2.16346,0.30371,0.09970,0.34578,0.62152,-0.53383,0.45736,0.19050,0.15305,-0.42456,
1413394996,2.19026,0.32125,0.01372,0.33743,0.63713,-0.53713,0.43783,0.12382,0.02745,-0.41910,
1413394996,2.21031,0.30698,-0.06371,0.34731,0.63423,-0.53006,0.44290,0.11580,-0.12844,-0.32835,
1413394996,2.23519,0.27917,-0.12007,0.35846,0.62067,-0.52299,0.46125,0.09561,-0.13602,-0.29267,
1413394996,2.23230,0.28479,-0.14492,0.37272,0.61442,-0.51594,0.46623,-0.02909,0.04806,0.15676,
1413394996,2.23691,0.29128,-0.15480,0.37451,0.61907,-0.50859,0.46673,-0.00742,0.00216,0.14271,
1413394997,2.23857,0.27626,-0.15317,0.37275,0.62389,-0.50955,0.46063,-0.00208,-0.02107,-0.01606,
1413394997,2.23626,0.27659,-0.15682,0.37239,0.62247,-0.50956,0.46283,-0.00578,-0.01671,0.01503,
1413394997,2.24934,0.28817,-0.15903,0.37297,0.62149,-0.50984,0.46336,0.00437,-0.00023,-0.00049,
1413394997,2.24387,0.28962,-0.16381,0.37270,0.62143,-0.50969,0.46383,0.00541,-0.01020,0.00279,
1413394997,2.23971,0.29108,-0.16087,0.37271,0.62148,-0.50932,0.46415,0.00643,-0.00346,0.00403,
1413394998,2.23829,0.29154,-0.15939,0.37222,0.62178,-0.50922,0.46426,-0.00004,-0.00272,0.00496,
1413394998,2.23942,0.29330,-0.16074,0.37268,0.62147,-0.50946,0.46403,0.00152,0.00250,0.00355,
1413394998,2.23887,0.29287,-0.16145,0.37253,0.62141,-0.50938,0.46432,0.00046,0.00353,0.00415,
1413394998,2.23927,0.29239,-0.16164,0.37249,0.62134,-0.50947,0.46435,0.00084,-0.00293,-0.00130,
1413394998,2.23906,0.29284,-0.16200,0.37247,0.62116,-0.50936,0.46474,0.00282,0.00010,-0.00048,
