1413394883,0.00006,0.00003,0.00002,-0.01447,0.79790,0.01128,0.60251,0.00037,0.00115,0.00131,
1413394883,0.00042,0.00025,0.00046,-0.01417,0.79800,0.01117,0.60239,0.00165,0.00079,0.00360,
1413394883,0.00120,0.00058,0.00148,-0.01450,0.79813,0.01134,0.60220,0.00225,-0.00288,0.00125,
1413394883,0.00126,0.00023,0.00183,-0.01442,0.79818,0.01127,0.60214,0.00215,0.00213,0.00103,
1413394883,0.00140,0.00007,0.00207,-0.01458,0.79825,0.01139,0.60204,0.00369,0.00318,0.00177,
1413394883,0.00149,-0.00001,0.00217,-0.01466,0.79820,0.01144,0.60211,0.00383,0.00005,0.00203,
1413394883,0.00144,-0.00006,0.00220,-0.01472,0.79818,0.01135,0.60213,0.00275,0.00171,0.00144,
1413394883,0.00149,-0.00018,0.00242,-0.01496,0.79825,0.01146,0.60203,0.00243,0.00449,0.00175,
1413394883,0.00122,-0.00000,0.00203,-0.01497,0.79818,0.01151,0.60212,-0.00036,0.00303,0.00105,
1413394884,0.00132,0.00005,0.00212,-0.01492,0.79825,0.01149,0.60203,0.00144,0.00357,0.00119,
1413394884,0.00180,0.00039,0.00293,-0.01512,0.79849,0.01178,0.60171,0.00036,0.00466,-0.00117,
1413394884,0.00188,0.00036,0.00286,-0.01508,0.79848,0.01170,0.60172,0.00164,0.00477,-0.00216,
1413394884,0.00155,0.00032,0.00252,-0.01521,0.79839,0.01163,0.60184,0.00104,0.00485,-0.00296,
1413394884,0.00138,0.00025,0.00230,-0.01522,0.79838,0.01169,0.60184,-0.00097,-0.00086,0.00383,
1413394884,0.00140,0.00028,0.00233,-0.01541,0.79828,0.01177,0.60197,0.00238,0.00069,0.00446,
1413394884,0.00130,0.00037,0.00226,-0.01553,0.79828,0.01196,0.60197,0.00129,0.00100,0.00538,
1413394884,0.00147,0.00040,0.00278,-0.01558,0.79830,0.01204,0.60193,0.00218,0.00215,0.00659,
1413394884,0.00165,0.00069,0.00273,-0.01561,0.79838,0.01234,0.60183,0.00264,0.00531,0.00602,
1413394884,0.00132,0.00079,0.00241,-0.01579,0.79826,0.01238,0.60198,0.00251,0.00430,0.00780,
1413394885,0.00148,0.00054,0.00258,-0.01600,0.79834,0.01249,0.60186,0.00154,0.00075,0.00472,
1413394885,0.00154,0.00055,0.00247,-0.01625,0.79831,0.01263,0.60190,0.00207,0.00235,0.00495,
1413394885,0.00140,0.00081,0.00229,-0.01634,0.79821,0.01294,0.60202,0.00176,0.00262,0.00465,
1413394885,0.00127,0.00069,0.00214,-0.01671,0.79815,0.01313,0.60209,0.00008,-0.00064,0.00552,
1413394885,0.00138,0.00054,0.00212,-0.01706,0.79810,0.01328,0.60214,0.00150,0.00120,0.00188,
1413394885,0.00124,0.00019,0.00211,-0.01743,0.79808,0.01339,0.60215,0.00343,0.00188,0.00366,
1413394885,0.00120,0.00041,0.00216,-0.01755,0.79798,0.01356,0.60228,0.00339,0.00527,0.00291,
1413394885,0.00266,-0.00025,0.00443,-0.01796,0.79813,0.01387,0.60206,0.00610,0.00093,0.00674,
1413394885,0.00222,-0.00074,0.00365,-0.01825,0.79812,0.01388,0.60206,0.00619,-0.00185,0.00711,
1413394885,0.00165,-0.00035,0.00282,-0.01819,0.79799,0.01383,0.60224,0.00236,0.00378,0.00383,
1413394886,0.00159,-0.00023,0.00282,-0.01831,0.79803,0.01398,0.60218,0.00284,-0.00229,0.00585,
1413394886,0.00157,-0.00002,0.00289,-0.01846,0.79803,0.01403,0.60217,0.00503,0.00473,0.00456,
1413394886,0.00160,0.00032,0.00274,-0.01847,0.79795,0.01417,0.60227,0.00566,0.00369,0.00498,
1413394886,0.00155,0.00032,0.00271,-0.01865,0.79794,0.01432,0.60228,0.00395,0.00219,0.00545,
1413394886,0.00194,-0.00033,0.00275,-0.01889,0.79821,0.01469,0.60191,0.00708,-0.00220,0.00737,
1413394886,0.00190,0.00061,0.00264,-0.01889,0.79806,0.01471,0.60211,0.00446,0.01010,0.00221,
1413394886,0.00213,0.00023,0.00307,-0.01934,0.79820,0.01482,0.60190,0.00118,-0.00015,0.00575,
1413394886,0.00281,0.00029,0.00418,-0.01922,0.79838,0.01488,0.60166,0.00338,0.00658,0.00727,
1413394886,0.00317,0.00034,0.00381,-0.01912,0.79887,0.01495,0.60102,0.00612,0.00229,0.00436,
1413394886,0.00346,0.00043,0.00393,-0.01942,0.79907,0.01507,0.60073,0.00601,0.00666,0.00429,
1413394887,0.00397,0.00044,0.00397,-0.01959,0.79969,0.01538,0.59989,0.01269,0.00327,0.00661,
1413394887,0.00467,0.00027,0.00401,-0.02048,0.80041,0.01528,0.59891,0.01132,-0.00086,0.00007,
1413394887,0.00548,0.00056,0.00435,-0.02070,0.80115,0.01582,0.59789,0.01128,0.00628,0.00405,
1413394887,0.00579,0.00018,0.00380,-0.02080,0.80225,0.01616,0.59641,0.01895,0.00832,-0.00335,
1413394887,0.00564,-0.00043,0.00265,-0.02090,0.80466,0.01616,0.59315,-0.00808,-0.01039,-0.01479,
1413394887,0.00135,-0.00202,0.00245,-0.01868,0.80662,0.01590,0.59056,-0.00928,-0.01499,0.02198,
1413394887,-0.00228,-0.00391,0.00839,-0.01460,0.81089,0.01580,0.58480,-0.02955,-0.02347,0.11509,
1413394887,-0.00558,-0.00403,0.01781,-0.00928,0.81082,0.01554,0.58502,-0.03775,-0.01448,0.12796,
1413394887,-0.00941,-0.00491,0.03493,-0.00435,0.81167,0.01637,0.58387,-0.03874,0.00079,0.20172,
1413394887,-0.01294,-0.00414,0.06318,0.00055,0.81407,0.01591,0.58055,-0.03912,0.01474,0.33962,
1413394888,-0.01606,-0.00154,0.10435,0.00456,0.81770,0.01380,0.57547,-0.03492,0.02959,0.44984,
1413394888,-0.01777,0.00404,0.15213,0.01064,0.82527,0.01113,0.56453,-0.01267,0.06304,0.44974,
1413394888,-0.01535,0.01348,0.19689,0.01634,0.83545,0.00444,0.54930,0.02779,0.09868,0.39603,
1413394888,-0.00770,0.02605,0.23609,0.02608,0.84366,-0.00152,0.53625,0.07300,0.11746,0.30750,
1413394888,0.00399,0.04040,0.26367,0.03089,0.84742,-0.00692,0.52997,0.14795,0.14593,0.23892,
1413394888,0.02225,0.05647,0.28841,0.03671,0.84515,-0.01246,0.53312,0.22438,0.16529,0.24548,
1413394888,0.04560,0.07386,0.31342,0.04208,0.83678,-0.01538,0.54571,0.28466,0.18038,0.29214,
1413394888,0.07296,0.09190,0.34232,0.04430,0.83100,-0.01582,0.55428,0.32160,0.20249,0.30262,
1413394888,0.10272,0.11210,0.37168,0.04747,0.82922,-0.01665,0.55666,0.34036,0.21965,0.30760,
1413394888,0.13571,0.13472,0.40232,0.04982,0.82894,-0.01784,0.55683,0.37206,0.24481,0.31749,
1413394889,0.17325,0.15965,0.43056,0.04738,0.82973,-0.02233,0.55570,0.40061,0.25500,0.22288,
1413394889,0.21288,0.18403,0.44377,0.04362,0.82879,-0.02514,0.55729,0.44026,0.25088,0.04800,
1413394889,0.25859,0.20697,0.44433,0.04228,0.82317,-0.02983,0.56543,0.46863,0.23554,-0.00872,
1413394889,0.30640,0.22898,0.44413,0.03847,0.81552,-0.03508,0.57638,0.49193,0.22544,0.01692,
1413394889,0.35638,0.24858,0.44710,0.03502,0.81051,-0.04040,0.58329,0.48550,0.19419,0.03442,
1413394889,0.40912,0.26373,0.45280,0.03661,0.80794,-0.04483,0.58641,0.46874,0.14618,0.05859,
1413394889,0.45873,0.27634,0.46122,0.03903,0.80641,-0.04608,0.58826,0.45387,0.12209,0.09303,
1413394889,0.50515,0.28611,0.47563,0.04719,0.79599,-0.04279,0.60195,0.42561,0.09943,0.17955,
1413394889,0.54477,0.29442,0.49605,0.05559,0.76900,-0.03739,0.63573,0.32522,0.09769,0.22423,
1413394889,0.56996,0.30428,0.52073,0.06119,0.73762,-0.03267,0.67165,0.12469,0.11350,0.24367,
1413394890,0.57235,0.31776,0.54163,0.06460,0.73454,-0.02893,0.67486,-0.11116,0.13407,0.17841,
1413394890,0.54825,0.33548,0.55737,0.06104,0.76920,-0.03098,0.63534,-0.30859,0.16838,0.17108,
1413394890,0.50776,0.35664,0.57400,0.05599,0.81163,-0.03287,0.58056,-0.40629,0.18294,0.16943,
1413394890,0.46474,0.37885,0.59300,0.04647,0.84605,-0.03402,0.52998,-0.35680,0.17479,0.21345,
1413394890,0.43249,0.39792,0.61336,0.03781,0.86905,-0.03590,0.49197,-0.20747,0.16227,0.15893,
1413394890,0.41973,0.41411,0.62346,0.03338,0.88576,-0.03599,0.46154,-0.00379,0.13755,0.05984,
1413394890,0.43059,0.42487,0.62754,0.02533,0.88879,-0.04094,0.45578,0.25789,0.09530,0.03562,
1413394890,0.47139,0.42999,0.62970,0.01906,0.86867,-0.04550,0.49294,0.51874,0.04131,0.00866,
1413394890,0.53409,0.43009,0.62400,0.01658,0.83653,-0.05633,0.54477,0.68143,-0.04110,-0.05083,
1413394890,0.60733,0.41897,0.61363,0.03291,0.79809,-0.08200,0.59602,0.67408,-0.15004,-0.10578,
1413394891,0.67541,0.38499,0.59950,0.08569,0.75452,-0.12799,0.63794,0.49787,-0.29122,-0.10360,
1413394891,0.71500,0.35103,0.58369,0.11387,0.73010,-0.12866,0.66139,0.27987,-0.30252,-0.10015,
1413394891,0.72892,0.32043,0.56951,0.13318,0.72180,-0.12394,0.66776,0.02201,-0.24041,-0.10292,
1413394891,0.71424,0.29668,0.55170,0.13993,0.74813,-0.12495,0.63648,-0.20487,-0.18212,-0.14402,
1413394891,0.67840,0.28166,0.53271,0.13541,0.78929,-0.13158,0.58428,-0.32402,-0.13197,-0.13159,
1413394891,0.63963,0.27129,0.51704,0.12934,0.82704,-0.13841,0.52927,-0.30837,-0.13004,-0.11807,
1413394891,0.60883,0.25995,0.50490,0.12365,0.85127,-0.14331,0.48940,-0.17550,-0.17192,-0.07951,
1413394891,0.59747,0.23719,0.49685,0.12134,0.86437,-0.14529,0.46588,0.03545,-0.25129,-0.07030,
1413394891,0.61225,0.20812,0.49202,0.12280,0.86685,-0.14425,0.46118,0.29770,-0.33172,-0.00662,
1413394891,0.65486,0.17248,0.49604,0.13168,0.85368,-0.13932,0.48422,0.54176,-0.38937,0.07205,
1413394892,0.71478,0.13251,0.50476,0.14027,0.83395,-0.13337,0.51678,0.68641,-0.41806,0.06790,
1413394892,0.78874,0.09250,0.50990,0.14543,0.81899,-0.12350,0.54116,0.75864,-0.40810,0.05064,
1413394892,0.86835,0.05448,0.51441,0.14636,0.81077,-0.11644,0.55468,0.78870,-0.36616,0.05902,
1413394892,0.94004,-0.00316,0.53310,0.15379,0.80518,-0.11848,0.56036,0.79303,-0.36996,0.22437,
1413394892,1.02750,-0.01710,0.55586,0.15990,0.78663,-0.11262,0.58563,0.80022,-0.26186,0.30970,
1413394892,1.10636,-0.03792,0.59096,0.16322,0.77282,-0.10597,0.60405,0.75036,-0.15590,0.34335,
1413394892,1.17755,-0.04689,0.62496,0.15969,0.76613,-0.09473,0.61527,0.65229,-0.03063,0.34617,
1413394892,1.24080,-0.03998,0.65741,0.14692,0.76754,-0.07639,0.61924,0.56673,0.07670,0.30472,
1413394892,1.29349,-0.02225,0.68016,0.12655,0.77186,-0.05500,0.62065,0.46423,0.16836,0.15971,
1413394892,1.33459,0.00495,0.68534,0.09991,0.77510,-0.03062,0.62313,0.35230,0.23844,-0.00512,
1413394893,1.36142,0.04369,0.67870,0.06824,0.77984,-0.00083,0.62225,0.22041,0.31966,-0.04070,
1413394893,1.37529,0.08951,0.67317,0.03062,0.78973,0.03319,0.61179,0.10305,0.38683,-0.00499,
1413394893,1.37941,0.13462,0.67458,-0.00389,0.79924,0.06799,0.59714,0.02953,0.43335,0.05346,
1413394893,1.37507,0.18376,0.68194,-0.03652,0.80296,0.10353,0.58583,-0.02876,0.45614,0.09515,
1413394893,1.36530,0.23357,0.69063,-0.06546,0.80799,0.13972,0.56864,-0.06028,0.46772,0.10674,
1413394893,1.35283,0.28477,0.70230,-0.08828,0.80922,0.17650,0.55336,-0.04701,0.49370,0.12492,
1413394893,1.33935,0.33919,0.71659,-0.10553,0.80347,0.21674,0.54435,-0.03637,0.53725,0.14934,
1413394893,1.29406,0.39179,0.73082,-0.14287,0.78944,0.26531,0.53478,-0.08379,0.55168,0.15028,
1413394893,1.27816,0.45135,0.74913,-0.16185,0.77646,0.28652,0.53742,-0.07432,0.60774,0.18896,
1413394893,1.26435,0.51426,0.76836,-0.16592,0.76058,0.30555,0.54829,-0.09206,0.63749,0.16839,
1413394894,1.24502,0.57845,0.78203,-0.16837,0.74714,0.32130,0.55695,-0.15437,0.67224,0.08345,
1413394894,1.22105,0.64620,0.78494,-0.16214,0.73603,0.33301,0.56664,-0.22960,0.72230,-0.00825,
1413394894,1.18995,0.72416,0.77742,-0.15090,0.72494,0.33935,0.58012,-0.33986,0.79062,-0.06799,
1413394894,1.13833,0.79882,0.77050,-0.14973,0.71947,0.33863,0.58760,-0.49968,0.84884,-0.10769,
1413394894,1.08198,0.88761,0.75966,-0.15484,0.71972,0.33256,0.58944,-0.65927,0.92592,-0.11038,
1413394894,1.00537,0.98101,0.74923,-0.16953,0.71475,0.33225,0.59161,-0.81487,0.97184,-0.13505,
1413394894,0.92058,1.08026,0.73315,-0.19208,0.71177,0.33456,0.58699,-0.95988,0.99100,-0.19548,
1413394894,0.82114,1.17831,0.71300,-0.23010,0.71274,0.33604,0.57109,-1.07521,0.96857,-0.21478,
1413394894,0.70671,1.27281,0.69204,-0.26072,0.71170,0.34736,0.55213,-1.13991,0.91592,-0.22619,
1413394894,0.59140,1.35773,0.66580,-0.28376,0.70908,0.36450,0.53275,-1.15770,0.83377,-0.26055,
1413394895,0.47910,1.43499,0.63442,-0.29640,0.70332,0.38689,0.51750,-1.14814,0.75482,-0.30857,
1413394895,0.36420,1.50367,0.60082,-0.31109,0.69561,0.40598,0.50452,-1.13248,0.69294,-0.32875,
1413394895,0.25360,1.56657,0.56635,-0.31574,0.68244,0.42571,0.50333,-1.09099,0.62900,-0.35793,
1413394895,0.14325,1.62029,0.53236,-0.31886,0.67538,0.44062,0.49805,-1.09329,0.57402,-0.33273,
1413394895,0.03350,1.67619,0.49974,-0.32445,0.67647,0.44701,0.48713,-1.07353,0.55826,-0.30219,
1413394895,-0.07805,1.72532,0.46970,-0.33374,0.68250,0.44476,0.47434,-1.05214,0.47769,-0.29259,
1413394895,-0.18838,1.76977,0.44423,-0.33489,0.68716,0.44486,0.46664,-1.00644,0.44613,-0.23774,
1413394895,-0.28950,1.81266,0.42381,-0.33489,0.68963,0.44150,0.46619,-0.94394,0.40295,-0.14268,
1413394895,-0.38258,1.85561,0.40884,-0.32260,0.68722,0.44384,0.47609,-0.87701,0.39881,-0.10608,
1413394895,-0.47498,1.89606,0.40001,-0.30336,0.68044,0.45108,0.49143,-0.87721,0.38615,-0.02679,
1413394896,-0.56917,1.93652,0.40223,-0.28877,0.68045,0.45450,0.49702,-0.92424,0.38846,0.08640,
1413394896,-0.66633,1.97902,0.42003,-0.28889,0.68495,0.44900,0.49576,-0.97017,0.41135,0.23607,
1413394896,-0.76508,2.02608,0.45254,-0.29428,0.69278,0.44207,0.48788,-1.00131,0.43566,0.36753,
1413394896,-0.86457,2.07573,0.49114,-0.29986,0.69618,0.43692,0.48428,-0.97876,0.46451,0.34449,
1413394896,-0.96216,2.12559,0.52044,-0.30284,0.69602,0.43561,0.48383,-0.96147,0.47798,0.21839,
1413394896,-1.05736,2.17788,0.53781,-0.30451,0.69516,0.43579,0.48385,-0.93599,0.48890,0.09527,
1413394896,-1.15070,2.23047,0.54298,-0.30565,0.69435,0.43718,0.48305,-0.89864,0.49732,-0.02337,
1413394896,-1.24149,2.28341,0.53754,-0.31288,0.69694,0.43371,0.47779,-0.88009,0.51111,-0.13710,
1413394896,-1.32930,2.33444,0.52583,-0.33385,0.70562,0.41950,0.46333,-0.81640,0.50487,-0.14845,
1413394896,-1.40729,2.38363,0.51561,-0.35162,0.71317,0.40741,0.44919,-0.68481,0.46823,-0.13301,
1413394897,-1.47056,2.42829,0.50244,-0.36789,0.72049,0.39495,0.43540,-0.54219,0.42999,-0.21264,
1413394897,-1.51705,2.46613,0.48068,-0.38610,0.72778,0.37976,0.42077,-0.33966,0.37129,-0.27921,
1413394897,-1.54236,2.49395,0.45009,-0.40428,0.73380,0.36434,0.40664,-0.09746,0.26665,-0.36312,
1413394897,-1.54082,2.50881,0.41371,-0.41995,0.73608,0.35023,0.39896,0.20441,0.13473,-0.37635,
1413394897,-1.50697,2.50807,0.37884,-0.42802,0.73461,0.34168,0.40051,0.51518,-0.02489,-0.32674,
1413394897,-1.44034,2.49042,0.34995,-0.43408,0.73618,0.33611,0.39579,0.88352,-0.21774,-0.26209,
1413394897,-1.33712,2.45863,0.32853,-0.42886,0.73563,0.34031,0.39890,1.22328,-0.38440,-0.19571,
1413394897,-1.19963,2.41186,0.31362,-0.41178,0.73195,0.35430,0.41128,1.55405,-0.50599,-0.10670,
1413394897,-1.03458,2.35393,0.30536,-0.37121,0.71662,0.38752,0.44552,1.76626,-0.61201,-0.04606,
1413394897,-0.85525,2.28934,0.30181,-0.34067,0.70053,0.41176,0.47293,1.82820,-0.64847,-0.00807,
1413394898,-0.67281,2.22166,0.30179,-0.32274,0.69105,0.42588,0.48673,1.82361,-0.67045,0.01719,
1413394898,-0.49237,2.15491,0.30628,-0.31586,0.68552,0.43247,0.49322,1.79888,-0.67207,0.06127,
1413394898,-0.31508,2.08794,0.31531,-0.31693,0.68043,0.43302,0.49907,1.74783,-0.68445,0.09834,
1413394898,-0.14318,2.01987,0.33019,-0.32006,0.67487,0.43245,0.50506,1.68199,-0.69712,0.16442,
1413394898,0.02262,1.94898,0.34999,-0.32199,0.66949,0.43156,0.51172,1.61294,-0.72310,0.20430,
1413394898,0.18106,1.87505,0.37222,-0.31862,0.66976,0.43435,0.51112,1.53539,-0.75386,0.22374,
1413394898,0.33059,1.79885,0.39589,-0.31167,0.66859,0.44079,0.51142,1.43831,-0.76139,0.24779,
1413394898,0.47123,1.72085,0.42320,-0.30263,0.66347,0.44932,0.51607,1.33931,-0.76057,0.28906,
1413394898,0.60047,1.64560,0.45253,-0.29053,0.65246,0.46429,0.52376,1.19894,-0.73882,0.29518,
1413394898,0.71397,1.57186,0.48163,-0.28226,0.64000,0.48403,0.52579,1.00859,-0.69551,0.28893,
1413394899,0.80767,1.50310,0.51088,-0.28200,0.62774,0.50690,0.51911,0.80446,-0.64878,0.30128,
1413394899,0.88373,1.43936,0.54203,-0.28334,0.61559,0.52801,0.51184,0.61277,-0.59417,0.30904,
1413394899,0.94218,1.38205,0.57134,-0.28713,0.61398,0.54262,0.49613,0.42658,-0.51818,0.31772,
1413394899,0.97977,1.33233,0.60365,-0.28570,0.61278,0.55458,0.48510,0.25241,-0.43741,0.34136,
1413394899,0.99929,1.29159,0.63982,-0.27463,0.60528,0.56780,0.48561,0.06792,-0.32980,0.35783,
1413394899,0.99617,1.26368,0.67317,-0.26626,0.60506,0.57477,0.48233,-0.12959,-0.21426,0.27625,
1413394899,0.97716,1.24713,0.69552,-0.26442,0.61465,0.57634,0.46917,-0.30782,-0.07969,0.16714,
1413394899,0.93986,1.24523,0.70933,-0.26135,0.61654,0.57875,0.46543,-0.47388,0.06947,0.07963,
1413394899,0.88604,1.25798,0.71414,-0.26814,0.61767,0.57527,0.46438,-0.64083,0.19903,-0.00370,
1413394899,0.81660,1.28459,0.70840,-0.29457,0.62746,0.56159,0.45182,-0.78203,0.32565,-0.11479,
1413394900,0.73665,1.32350,0.69344,-0.32036,0.62995,0.55695,0.43627,-0.86124,0.44007,-0.18294,
1413394900,0.65091,1.37021,0.67266,-0.33806,0.62084,0.56631,0.42376,-0.92075,0.54680,-0.18362,
1413394900,0.55868,1.42727,0.65276,-0.35262,0.60526,0.58351,0.41089,-0.97391,0.63508,-0.15608,
1413394900,0.45986,1.49099,0.63589,-0.37219,0.58194,0.60130,0.40157,-1.00739,0.70534,-0.11624,
1413394900,0.35630,1.56243,0.62164,-0.39854,0.55852,0.61455,0.38929,-1.05904,0.77271,-0.05244,
1413394900,0.24876,1.63967,0.61985,-0.42559,0.53680,0.62514,0.37404,-1.08357,0.81614,0.10347,
1413394900,0.14041,1.71638,0.63231,-0.45226,0.51236,0.63342,0.36295,-1.08300,0.80010,0.17920,
1413394900,0.03350,1.79072,0.64755,-0.47514,0.49143,0.64076,0.34952,-1.04198,0.77106,0.12344,
1413394900,-0.06937,1.86138,0.65602,-0.49034,0.46666,0.65067,0.34413,-1.00955,0.71248,0.04582,
1413394900,-0.16974,1.92719,0.65524,-0.49627,0.43861,0.66572,0.34373,-0.98642,0.65692,-0.04458,
1413394901,-0.26773,1.98408,0.64667,-0.49213,0.41002,0.68614,0.34483,-0.99087,0.57818,-0.10608,
1413394901,-0.36804,2.03306,0.63277,-0.48827,0.38010,0.70374,0.34910,-1.04320,0.48721,-0.13899,
1413394901,-0.47623,2.07013,0.62162,-0.49050,0.35202,0.71680,0.34885,-1.14761,0.33515,-0.05910,
1413394901,-0.59540,2.09021,0.62189,-0.49508,0.32826,0.73043,0.33707,-1.27556,0.18308,0.08522,
1413394901,-0.72849,2.09474,0.63986,0.50469,-0.30421,-0.74177,-0.32019,-1.42375,0.01683,0.27355,
1413394901,-0.87344,2.07934,0.67426,0.51702,-0.27692,-0.75146,-0.30219,-1.52107,-0.15386,0.33953,
1413394901,-1.02406,2.04675,0.70933,0.53662,-0.24954,-0.75646,-0.27846,-1.56515,-0.33225,0.29837,
1413394901,-1.17689,1.99980,0.73644,0.56320,-0.23306,-0.75496,-0.24193,-1.55272,-0.47321,0.20179,
1413394901,-1.32718,1.94462,0.75628,0.58806,-0.22205,-0.75160,-0.19996,-1.50356,-0.57045,0.13808,
1413394901,-1.47115,1.88350,0.77069,0.61389,-0.21116,-0.74324,-0.16169,-1.39639,-0.63427,0.07642,
1413394902,-1.60096,1.81822,0.77668,0.62910,-0.19716,-0.73991,-0.13376,-1.23767,-0.65820,-0.03285,
1413394902,-1.71606,1.75054,0.77048,0.62393,-0.17647,-0.75258,-0.11486,-1.08469,-0.67509,-0.14298,
1413394902,-1.81409,1.67679,0.75771,0.61339,-0.14529,-0.76930,-0.10397,-0.95770,-0.70506,-0.14989,
1413394902,-1.89961,1.59937,0.74695,0.60915,-0.10397,-0.78016,-0.09733,-0.84091,-0.75954,-0.07717,
1413394902,-1.97704,1.51717,0.74227,0.61235,-0.06136,-0.78351,-0.08590,-0.73813,-0.83762,-0.00859,
1413394902,-2.04829,1.42945,0.74249,0.61390,-0.02629,-0.78614,-0.06646,-0.65197,-0.92511,0.05705,
1413394902,-2.10804,1.33375,0.74871,0.61519,0.00434,-0.78702,-0.04618,-0.54927,-1.00107,0.05924,
1413394902,-2.16291,1.23273,0.75137,0.62023,0.03025,-0.78348,-0.02356,-0.46597,-1.06288,0.00238,
1413394902,-2.20781,1.12667,0.74719,0.63054,0.05551,-0.77415,-0.00569,-0.36034,-1.10902,-0.06045,
1413394902,-2.23791,1.01591,0.73836,0.63953,0.07361,-0.76507,0.01565,-0.20548,-1.15609,-0.10717,
1413394903,-2.24687,0.90077,0.72791,0.63905,0.07349,-0.76365,0.05523,-0.02513,-1.14355,-0.09396,
1413394903,-2.24289,0.79226,0.71713,0.63051,0.06352,-0.76773,0.09496,0.11122,-1.06105,-0.05239,
1413394903,-2.22717,0.69592,0.71137,0.61628,0.05004,-0.77549,0.12774,0.21160,-0.90665,-0.04751,
1413394903,-2.20349,0.61639,0.70818,0.60310,0.04460,-0.78401,0.14002,0.26821,-0.69900,-0.02671,
1413394903,-2.17456,0.55442,0.70274,0.59223,0.04742,-0.79348,0.13194,0.29788,-0.52898,-0.07808,
1413394903,-2.11354,0.47292,0.66096,0.57133,0.03386,-0.81273,0.10913,0.34390,-0.25500,-0.35065,
1413394903,-2.05260,0.44556,0.57369,0.54195,0.00231,-0.83687,0.07699,0.20333,0.00317,-0.42807,
1413394904,-2.02700,0.45344,0.51089,0.57131,-0.01557,-0.81986,0.03456,0.07099,0.14681,-0.19146,
1413394904,-2.02815,0.46509,0.49826,0.58148,-0.01668,-0.81323,0.01575,0.04974,0.18100,-0.05522,
1413394904,-2.03095,0.48945,0.50561,0.58495,-0.01532,-0.81092,0.00293,0.04979,0.20939,0.09876,
1413394904,-2.02962,0.50727,0.52823,0.58511,-0.00896,-0.81082,-0.01217,0.05687,0.19273,0.20678,
1413394904,-2.02747,0.52413,0.54851,0.58162,-0.00479,-0.81291,-0.02950,0.08935,0.15969,0.11969,
1413394904,-2.02643,0.53693,0.56368,0.57614,-0.02137,-0.81635,-0.03416,0.07774,0.12418,0.01893,
1413394904,-2.02508,0.55073,0.56679,0.56607,-0.05345,-0.82200,-0.03203,0.05881,0.12367,-0.07274,
1413394904,-2.02649,0.56820,0.56056,0.55102,-0.08840,-0.82895,-0.03737,0.00213,0.15682,-0.14069,
1413394904,-2.02973,0.58816,0.54468,0.53597,-0.12260,-0.83352,-0.05432,-0.06168,0.21581,-0.21115,
1413394904,-2.04020,0.61399,0.52129,0.52519,-0.15714,-0.83258,-0.07934,-0.15202,0.27608,-0.26139,
1413394905,-2.05974,0.64607,0.49834,0.52706,-0.18902,-0.82080,-0.11300,-0.22683,0.33084,-0.20009,
1413394905,-2.08506,0.68090,0.47987,0.53802,-0.22243,-0.80006,-0.14478,-0.28855,0.35557,-0.15396,
1413394905,-2.11557,0.71715,0.46664,0.54381,-0.25577,-0.77999,-0.17454,-0.32053,0.36196,-0.11303,
1413394905,-2.14599,0.75447,0.45730,0.54696,-0.28660,-0.75926,-0.20545,-0.30830,0.36637,-0.06191,
1413394905,-2.17587,0.78953,0.45223,0.55361,-0.31545,-0.73357,-0.23639,-0.28243,0.31667,-0.01285,
1413394905,-2.20289,0.81796,0.45164,0.56581,-0.34273,-0.70129,-0.26568,-0.22511,0.23064,0.03563,
1413394905,-2.22039,0.83630,0.45306,0.57205,-0.37133,-0.67246,-0.28752,-0.11982,0.10877,0.01994,
1413394905,-2.22526,0.84182,0.44971,0.55277,-0.41004,-0.66591,-0.28787,-0.00791,-0.00297,-0.04676,
1413394905,-2.22044,0.83900,0.44292,0.50483,-0.45149,-0.68459,-0.26951,0.06587,-0.03952,-0.06748,
1413394905,-2.21304,0.83818,0.43605,-0.44896,0.48477,0.70944,0.24520,0.08001,0.06827,-0.02942,
1413394906,-2.20817,0.85655,0.43415,-0.40449,0.50529,0.72734,0.22814,0.03954,0.31229,0.02711,
1413394906,-2.21481,0.91042,0.44627,-0.39360,0.49946,0.73275,0.24227,-0.07076,0.67324,0.20079,
1413394906,-2.22948,0.98945,0.46798,-0.43149,0.47361,0.71348,0.28364,-0.17561,0.86480,0.26970,
1413394906,-2.24676,1.07782,0.49515,-0.49008,0.43926,0.67761,0.32822,-0.21370,0.86943,0.29218,
1413394906,-2.26766,1.15872,0.52453,0.54103,-0.40789,-0.64155,-0.35962,-0.18647,0.72466,0.28434,
1413394906,-2.28279,1.22099,0.55184,0.58158,-0.38858,-0.61119,-0.37043,-0.10173,0.46873,0.27821,
1413394906,-2.28732,1.25199,0.58307,0.60774,-0.38854,-0.59192,-0.35961,0.04991,0.18201,0.30529,
1413394906,-2.26843,1.26797,0.61033,0.60027,-0.41273,-0.60034,-0.33002,0.25823,-0.04355,0.30648,
1413394906,-2.23194,1.25878,0.63699,0.56017,-0.44818,-0.62704,-0.30357,0.45545,-0.18786,0.25335,
1413394906,-2.18944,1.24145,0.64719,0.50272,-0.48145,-0.65651,-0.29064,0.57681,-0.20913,0.14331,
1413394907,-2.12782,1.22415,0.65705,-0.43793,0.50920,0.68166,0.29031,0.61256,-0.13593,0.06170,
1413394907,-2.06923,1.21472,0.65920,-0.39291,0.53056,0.68827,0.30069,0.57109,0.03716,0.04159,
1413394907,-2.01632,1.22369,0.66185,-0.39187,0.53744,0.66780,0.33412,0.47346,0.21977,0.05467,
1413394907,-1.97722,1.25241,0.66222,-0.42131,0.52811,0.62799,0.38630,0.39009,0.28573,0.00570,
1413394907,-1.94605,1.27913,0.65925,-0.46037,0.50833,0.58134,0.43783,0.32162,0.18985,0.01404,
1413394907,-1.91657,1.29224,0.65960,-0.49669,0.48513,0.53980,0.47599,0.25905,-0.05274,0.02930,
1413394907,-1.89265,1.27093,0.66167,0.51934,-0.47994,-0.51314,-0.48645,0.22802,-0.38204,-0.00400,
1413394907,-1.86643,1.21133,0.65477,0.50150,-0.50566,-0.52901,-0.46146,0.24221,-0.73124,-0.06137,
1413394907,-1.85317,1.14560,0.63433,-0.46188,0.54943,0.56116,0.41218,0.25067,-0.89245,-0.09402,
1413394907,-1.82181,1.05529,0.61886,-0.43082,0.60599,0.57644,0.33894,0.30809,-0.90335,-0.16762,
1413394908,-1.78181,0.97097,0.59970,-0.41014,0.65516,0.57014,0.27839,0.46385,-0.75856,-0.21685,
1413394908,-1.72435,0.90893,0.57685,-0.38530,0.68167,0.56489,0.26031,0.70046,-0.47679,-0.20508,
1413394908,-1.64649,0.88099,0.56078,-0.36964,0.66984,0.56537,0.30827,0.87969,-0.15706,-0.13110,
1413394908,-1.55737,0.86969,0.54431,-0.37775,0.62828,0.55649,0.39102,0.91095,-0.03346,-0.18555,
1413394908,-1.47069,0.87089,0.52304,-0.39805,0.58445,0.53919,0.45743,0.83458,-0.04545,-0.27504,
1413394908,-1.38881,0.85833,0.48958,-0.41539,0.55673,0.52509,0.49172,0.74315,-0.16697,-0.38187,
1413394908,-1.32126,0.84450,0.44855,-0.40338,0.56421,0.53624,0.48104,0.64115,-0.29080,-0.47185,
1413394908,-1.25585,0.80760,0.40155,-0.36931,0.59088,0.56470,0.44224,0.54889,-0.35972,-0.47942,
1413394908,-1.20756,0.77074,0.35375,-0.33565,0.61677,0.58893,0.40012,0.46042,-0.28869,-0.41272,
1413394908,-1.16114,0.75581,0.32185,-0.31746,0.63760,0.60110,0.36244,0.40023,-0.05349,-0.24843,
1413394909,-1.11083,0.77624,0.31027,-0.31887,0.64661,0.60238,0.34259,0.40358,0.28186,0.03176,
1413394909,-1.06863,0.84924,0.34426,-0.34551,0.61816,0.59521,0.37977,0.38746,0.55180,0.31385,
1413394909,-1.03139,0.91513,0.37946,-0.39084,0.57535,0.57273,0.43381,0.32474,0.52333,0.42578,
1413394909,-1.00370,0.96273,0.42296,-0.42911,0.53798,0.54914,0.47422,0.23181,0.38891,0.46387,
1413394909,-0.98508,0.98867,0.47842,-0.46579,0.51313,0.52412,0.49501,0.15183,0.16294,0.58406,
1413394909,-0.97222,0.99201,0.53627,-0.48326,0.51667,0.51557,0.48343,0.11716,-0.07770,0.54469,
1413394909,-0.95862,0.97420,0.59025,-0.46701,0.55000,0.53326,0.44162,0.13608,-0.28933,0.51427,
1413394909,-0.92731,0.97126,0.61700,-0.42362,0.59063,0.55931,0.39859,0.20636,-0.35302,0.38222,
1413394909,-0.89997,0.94673,0.64623,-0.38381,0.62853,0.56771,0.36790,0.26595,-0.31101,0.32265,
1413394909,-0.87063,0.92248,0.67432,-0.36537,0.65592,0.55277,0.36154,0.33922,-0.15564,0.31239,
1413394910,-0.83581,0.92352,0.69889,-0.37163,0.66707,0.51972,0.38315,0.41567,-0.01006,0.29380,
1413394910,-0.79103,0.92795,0.72674,-0.38968,0.66617,0.48324,0.41334,0.51056,0.04819,0.32954,
1413394910,-0.73509,0.93076,0.76173,-0.40255,0.65125,0.45597,0.45379,0.58857,0.00830,0.38684,
1413394910,-0.67433,0.92516,0.80197,-0.40996,0.62366,0.43829,0.50089,0.61343,-0.12457,0.41447,
1413394910,-0.61490,0.90362,0.83916,-0.40572,0.60963,0.43501,0.52393,0.57199,-0.31316,0.32354,
1413394910,-0.56183,0.86621,0.84803,-0.37255,0.62599,0.45872,0.50884,0.50903,-0.46712,0.21965,
1413394910,-0.51536,0.81929,0.85242,-0.33734,0.65373,0.48511,0.47277,0.45926,-0.49809,0.10530,
1413394910,-0.47455,0.77237,0.85185,-0.31032,0.68160,0.50397,0.43027,0.43087,-0.42127,0.02325,
1413394910,-0.43523,0.73104,0.84621,-0.29272,0.70072,0.51591,0.39642,0.43627,-0.27356,-0.05920,
1413394910,-0.39105,0.70515,0.83280,-0.28348,0.71040,0.52314,0.37590,0.48625,-0.07051,-0.12509,
1413394911,-0.33952,0.69559,0.82100,-0.29896,0.69464,0.51916,0.39821,0.54783,0.15609,-0.09503,
1413394911,-0.28305,0.71190,0.81283,-0.33897,0.65621,0.49958,0.45267,0.54951,0.26231,-0.07357,
1413394911,-0.23009,0.73684,0.80330,-0.38099,0.61734,0.47346,0.49957,0.49903,0.19703,-0.10159,
1413394911,-0.18051,0.74380,0.79322,-0.41634,0.59385,0.45087,0.52031,0.44945,0.00503,-0.11713,
1413394911,-0.13615,0.73012,0.78104,-0.43851,0.58439,0.43751,0.52420,0.39898,-0.23571,-0.14305,
1413394911,-0.09812,0.69120,0.76789,-0.44134,0.59751,0.44177,0.50304,0.38852,-0.50946,-0.22225,
1413394911,-0.05994,0.63116,0.74474,-0.39879,0.62466,0.47655,0.47293,0.39310,-0.69630,-0.24386,
1413394911,-0.02266,0.55943,0.71991,-0.34897,0.65329,0.51154,0.43561,0.38773,-0.72354,-0.27650,
1413394911,0.01706,0.49135,0.69051,-0.31198,0.67513,0.53097,0.40612,0.40246,-0.59917,-0.31469,
1413394911,0.05705,0.44568,0.66025,-0.29185,0.68718,0.53832,0.39093,0.41103,-0.38328,-0.35704,
1413394912,0.09465,0.41387,0.62270,-0.28697,0.68938,0.53623,0.39352,0.41419,-0.16915,-0.38582,
1413394912,0.13563,0.40737,0.58637,-0.30784,0.67426,0.51735,0.42774,0.42807,0.03588,-0.32923,
1413394912,0.17525,0.41452,0.55744,-0.34418,0.64367,0.48698,0.47967,0.35936,0.08221,-0.25983,
1413394912,0.20386,0.41779,0.54053,-0.37186,0.61381,0.45923,0.52351,0.26020,-0.08273,-0.15627,
1413394912,0.22237,0.39881,0.52740,-0.37675,0.60543,0.45040,0.53727,0.13852,-0.26469,-0.13292,
1413394912,0.23189,0.36793,0.51994,-0.35304,0.63093,0.46408,0.51177,0.04099,-0.37329,-0.02347,
1413394912,0.24391,0.33356,0.51151,-0.31695,0.66746,0.48411,0.46870,-0.00007,-0.39733,0.01930,
1413394912,0.24466,0.30107,0.51672,-0.28584,0.69454,0.49088,0.44153,-0.00653,-0.29835,0.07705,
1413394912,0.24872,0.27769,0.52103,-0.26458,0.71256,0.48482,0.43267,0.00851,-0.10492,0.09702,
1413394912,0.25526,0.27648,0.53095,-0.25551,0.72952,0.46413,0.43254,0.05768,0.11424,0.17131,
1413394913,0.26620,0.29198,0.55112,-0.25929,0.73750,0.43381,0.44795,0.10142,0.25132,0.20924,
1413394913,0.28217,0.32231,0.57285,-0.27035,0.73814,0.39688,0.47386,0.16039,0.33857,0.24286,
1413394913,0.30127,0.35677,0.59563,-0.27655,0.74022,0.36362,0.49333,0.21315,0.36692,0.22988,
1413394913,0.32108,0.39404,0.61869,-0.27674,0.74454,0.33967,0.50368,0.23621,0.37494,0.23971,
1413394913,0.34577,0.42783,0.64206,-0.26286,0.74658,0.33272,0.51266,0.27022,0.35296,0.24495,
1413394913,0.36982,0.45880,0.66138,-0.24520,0.74422,0.33519,0.52314,0.26986,0.33834,0.24700,
1413394913,0.39454,0.49107,0.68526,-0.23429,0.74134,0.33973,0.52924,0.23492,0.36619,0.24461,
1413394913,0.41408,0.52909,0.70966,-0.23523,0.73593,0.34926,0.53018,0.17286,0.40698,0.26017,
1413394913,0.42769,0.57023,0.73627,-0.25005,0.72160,0.36425,0.53300,0.11951,0.43287,0.28214,
1413394913,0.43548,0.61380,0.75832,-0.26709,0.70401,0.38969,0.53026,0.03343,0.44328,0.18607,
1413394914,0.43651,0.65711,0.76888,-0.28015,0.68098,0.42479,0.52662,-0.04899,0.43408,0.07986,
1413394914,0.42872,0.69996,0.76896,-0.29005,0.65427,0.46561,0.52058,-0.15241,0.42841,-0.05101,
1413394914,0.41007,0.74238,0.75404,-0.30216,0.63496,0.50504,0.50047,-0.27170,0.43422,-0.19408,
1413394914,0.38002,0.78978,0.72727,-0.32523,0.62186,0.53556,0.46978,-0.36670,0.45477,-0.32022,
1413394914,0.34099,0.84002,0.69310,-0.35502,0.60921,0.55750,0.43820,-0.43865,0.50180,-0.38229,
1413394914,0.29509,0.89509,0.65208,-0.38247,0.59156,0.57650,0.41403,-0.47224,0.53405,-0.42930,
1413394914,0.24668,0.95545,0.61303,-0.40160,0.56570,0.59935,0.39936,-0.49704,0.56813,-0.32394,
1413394914,0.19310,1.01667,0.58483,-0.41400,0.53369,0.62546,0.39061,-0.55492,0.58627,-0.17703,
1413394914,0.13218,1.07554,0.57227,-0.42650,0.50125,0.64940,0.38094,-0.63717,0.60102,-0.03186,
1413394914,0.06241,1.13433,0.57598,-0.43836,0.47063,0.67077,0.36934,-0.71362,0.58646,0.12260,
1413394915,-0.01648,1.19178,0.59292,-0.45012,0.44683,0.68657,0.35547,-0.82080,0.56501,0.22026,
1413394915,-0.10201,1.24428,0.60715,-0.46837,0.43692,0.69203,0.33290,-0.87081,0.52728,0.11129,
1413394915,-0.19023,1.29106,0.61498,-0.48396,0.42751,0.69686,0.31208,-0.91054,0.49728,0.01267,
1413394915,-0.28207,1.33647,0.61153,-0.49463,0.41490,0.70366,0.29675,-0.92662,0.48630,-0.07438,
1413394915,-0.37543,1.37909,0.59548,0.50138,-0.39464,-0.71220,-0.29266,-0.93662,0.44204,-0.19611,
1413394915,-0.46982,1.41700,0.56960,0.50713,-0.36680,-0.72210,-0.29469,-0.97560,0.35677,-0.27216,
1413394915,-0.56894,1.44523,0.54261,0.51088,-0.33379,-0.73558,-0.29411,-1.03820,0.26845,-0.23556,
1413394915,-0.67453,1.46310,0.52009,0.51270,-0.29755,-0.75139,-0.28986,-1.12373,0.14377,-0.21009,
1413394915,-0.78898,1.46667,0.50135,0.51839,-0.26226,-0.76392,-0.28091,-1.19633,-0.01472,-0.17037,
1413394915,-0.91052,1.45538,0.48670,0.52813,-0.22819,-0.77271,-0.26819,-1.26835,-0.18737,-0.12497,
1413394916,-1.04010,1.42546,0.47589,0.54448,-0.19789,-0.77672,-0.24716,-1.35351,-0.39280,-0.09767,
1413394916,-1.17632,1.37724,0.46769,0.57284,-0.17897,-0.77415,-0.20128,-1.36710,-0.56420,-0.08893,
1413394916,-1.31272,1.31534,0.46090,0.59760,-0.15689,-0.77173,-0.15062,-1.31150,-0.68703,-0.05801,
1413394916,-1.44115,1.24639,0.46010,0.62157,-0.12328,-0.76505,-0.11469,-1.19543,-0.76820,-0.00443,
1413394916,-1.55594,1.17033,0.46056,0.63751,-0.08705,-0.76061,-0.08643,-1.04286,-0.81121,0.01365,
1413394916,-1.65541,1.08853,0.46273,0.64428,-0.05629,-0.76044,-0.05886,-0.87028,-0.84510,0.03460,
1413394916,-1.73767,1.00286,0.46680,0.64467,-0.03186,-0.76303,-0.03418,-0.67979,-0.88081,0.04002,
1413394916,-1.80269,0.91415,0.46946,0.62509,-0.01022,-0.78038,-0.01292,-0.54994,-0.89372,0.05677,
1413394916,-1.85591,0.82426,0.47465,0.60273,0.00836,-0.79779,0.01296,-0.46426,-0.89868,0.05954,
1413394916,-1.89803,0.73479,0.47310,0.58621,0.01578,-0.80806,0.05611,-0.41553,-0.87584,-0.03988,
1413394917,-1.97338,0.66395,0.45522,0.57590,0.01968,-0.81030,0.10660,-0.48064,-0.75372,-0.14218,
1413394917,-1.98635,0.58088,0.44492,0.57733,0.02368,-0.79986,0.16233,-0.43300,-0.61891,-0.23568,
1413394917,-2.02837,0.52945,0.41489,0.56907,0.05382,-0.79700,0.19506,-0.43967,-0.39771,-0.33786,
1413394917,-2.12198,0.49286,0.32614,0.53746,0.15246,-0.80147,0.21339,-0.52138,-0.00582,-0.52546,
1413394917,-2.23910,0.50739,0.22153,0.51605,0.27063,-0.78634,0.20524,-0.63585,0.10000,-0.49947,
1413394917,-2.36281,0.49280,0.12265,-0.49227,-0.35780,0.76501,-0.21072,-0.69501,-0.06318,-0.43602,
1413394918,-2.52078,0.43420,0.04142,-0.49081,-0.39572,0.74415,-0.22079,-0.78031,-0.33907,-0.37729,
1413394918,-2.67898,0.33088,-0.00820,0.51182,0.41266,-0.72213,0.21515,-0.73810,-0.65148,-0.17518,
1413394918,-2.79887,0.17987,-0.01908,0.53105,0.43754,-0.69885,0.19531,-0.48121,-0.94265,-0.02952,
1413394918,-2.85543,-0.03052,-0.03912,0.50975,0.44363,-0.69865,0.23503,-0.18213,-1.19199,-0.18122,
1413394918,-2.87656,-0.27791,-0.06775,-0.45946,-0.43617,0.70927,-0.30917,-0.10565,-1.30376,-0.15161,
1413394919,-2.90666,-0.53464,-0.08125,-0.42617,-0.44575,0.69964,-0.36082,-0.32170,-1.31401,-0.05072,
1413394919,-2.99016,-0.79465,-0.09040,-0.43061,-0.49803,0.65813,-0.36524,-0.49626,-1.29516,-0.00693,
1413394919,-3.08879,-1.04823,-0.07650,-0.46088,-0.53638,0.60136,-0.37184,-0.44873,-1.25102,0.17091,
1413394919,-3.16573,-1.28274,-0.01014,-0.45598,-0.54599,0.56492,-0.41815,-0.28333,-1.03402,0.52138,
1413394919,-3.21780,-1.46473,0.11704,0.44593,0.56973,-0.51652,0.45800,-0.19343,-0.72121,0.69933,
1413394920,-3.24391,-1.57429,0.25965,0.43831,0.62308,-0.46250,0.45359,-0.02497,-0.34856,0.62855,
1413394920,-3.22995,-1.63405,0.36570,0.35944,0.67329,-0.46034,0.45340,0.17993,-0.18223,0.44225,
1413394920,-3.18350,-1.68453,0.43955,0.27884,0.70995,-0.44938,0.46506,0.28739,-0.26022,0.29854,
1413394920,-3.12199,-1.75487,0.47257,0.22387,0.75081,-0.39693,0.47814,0.35781,-0.42144,0.05626,
1413394920,-3.04759,-1.86861,0.45603,0.19733,0.78502,-0.32186,0.49114,0.45326,-0.59236,-0.10738,
1413394921,-2.94141,-1.99314,0.42695,0.20112,0.79854,-0.24427,0.51207,0.62449,-0.61193,-0.07297,
1413394921,-2.79847,-2.10026,0.40531,0.21669,0.80674,-0.19594,0.51364,0.82813,-0.44047,-0.02767,
1413394921,-2.60861,-2.17274,0.38592,0.20051,0.81024,-0.20249,0.51215,1.04807,-0.24751,-0.13610,
1413394921,-2.37108,-2.22562,0.34941,0.17334,0.79829,-0.23796,0.52542,1.22691,-0.17230,-0.26082,
1413394921,-2.11071,-2.27820,0.27687,0.12412,0.77636,-0.29652,0.54216,1.26346,-0.25292,-0.48994,
1413394922,-1.86719,-2.37295,0.16462,0.09801,0.76951,-0.33619,0.53406,1.12533,-0.64500,-0.59705,
1413394922,-1.65877,-2.52256,0.04870,0.18517,0.77525,-0.28799,0.53081,1.06974,-0.85670,-0.54222,
1413394922,-1.44247,-2.67665,-0.05146,0.20139,0.75552,-0.24953,0.57129,1.11311,-0.72989,-0.40304,
1413394922,-1.22422,-2.79194,-0.11937,0.15464,0.75142,-0.21267,0.60516,0.90809,-0.55325,-0.09665,
1413394922,-1.08417,-2.90609,-0.09892,0.13345,0.79642,-0.14865,0.57080,0.71595,-0.49240,0.24117,
1413394923,-0.92942,-2.99864,-0.02328,0.11964,0.81502,-0.11125,0.55593,0.79162,-0.34329,0.61873,
1413394923,-0.74889,-3.06579,0.08676,0.07838,0.81964,-0.12038,0.55458,0.86197,-0.29993,0.60903,
1413394923,-0.57289,-3.12431,0.20706,0.06809,0.82958,-0.12323,0.54035,0.95425,-0.34396,0.60392,
1413394923,-0.37826,-3.19566,0.30592,0.07236,0.83469,-0.12207,0.53212,1.10589,-0.39833,0.44129,
1413394923,-0.14930,-3.27131,0.39277,0.10046,0.82133,-0.10446,0.55173,1.22316,-0.33729,0.44441,
1413394924,0.10220,-3.32672,0.47646,0.07034,0.83395,-0.09993,0.53814,1.33739,-0.24107,0.43379,
1413394924,0.39301,-3.37179,0.54540,0.05514,0.83310,-0.04816,0.54825,1.49131,-0.19128,0.28472,
1413394924,0.70001,-3.39883,0.57343,0.02986,0.82418,0.01200,0.56541,1.53503,-0.06680,0.07062,
1413394924,0.99783,-3.39386,0.56168,-0.01649,0.81672,0.06290,0.57335,1.49097,0.09258,-0.03186,
1413394924,1.29155,-3.36411,0.55701,-0.08881,0.81427,0.10135,0.56462,1.45443,0.15339,0.02978,
1413394925,1.57609,-3.33556,0.56192,-0.13153,0.80123,0.15827,0.56186,1.43344,0.11524,0.06659,
1413394925,1.85959,-3.31210,0.57394,-0.15524,0.78168,0.23187,0.55778,1.38932,0.13620,0.13680,
1413394925,2.05503,-3.28918,0.58882,-0.16608,0.75185,0.28539,0.57069,1.27521,0.18092,0.17454,
1413394925,2.19024,-3.27032,0.60509,-0.16663,0.73251,0.31389,0.58063,1.16717,0.23077,0.20082,
1413394925,2.28657,-3.24795,0.62032,-0.16296,0.72253,0.33655,0.58148,0.97852,0.27464,0.17103,
1413394925,2.36833,-3.21430,0.63755,-0.16224,0.72131,0.35753,0.57058,0.78933,0.36693,0.19758,
1413394925,2.42263,-3.17104,0.65754,-0.16089,0.71964,0.37681,0.56058,0.61447,0.48496,0.17793,
1413394925,2.43746,-3.12180,0.67352,-0.16306,0.71678,0.38787,0.55606,0.43327,0.59560,0.07900,
1413394926,2.44730,-3.05824,0.67669,-0.17555,0.71916,0.38627,0.55026,0.28503,0.72204,-0.01322,
1413394926,2.45696,-2.98247,0.66916,-0.18738,0.72091,0.38388,0.54573,0.14772,0.82147,-0.11259,
1413394926,2.45591,-2.89907,0.65606,-0.20634,0.72614,0.37534,0.53784,0.02898,0.90102,-0.16837,
1413394926,2.44969,-2.80607,0.64341,-0.22887,0.73432,0.36056,0.52764,-0.03870,0.95828,-0.13881,
1413394926,2.44283,-2.70352,0.63272,-0.24166,0.74005,0.35137,0.52007,-0.06235,0.99243,-0.11055,
1413394926,2.43372,-2.60211,0.62376,-0.24661,0.74052,0.35267,0.51617,-0.06443,1.01324,-0.09549,
1413394926,2.42529,-2.50121,0.61358,-0.24056,0.73649,0.36537,0.51597,-0.07247,1.01756,-0.09148,
1413394926,2.41470,-2.39940,0.60331,-0.23122,0.73188,0.37807,0.51764,-0.10179,1.06190,-0.07676,
1413394926,2.40088,-2.29235,0.59601,-0.23090,0.73237,0.38241,0.51389,-0.14228,1.11256,-0.08180,
1413394926,2.42297,-2.18501,0.57026,-0.24227,0.73680,0.38613,0.49934,-0.04824,1.15522,-0.10682,
1413394927,2.37463,-2.05986,0.58205,-0.24404,0.74043,0.38341,0.49518,-0.14055,1.24906,-0.03895,
1413394927,2.35893,-1.93565,0.57915,-0.26282,0.73568,0.38960,0.48776,-0.13823,1.31554,-0.02296,
1413394927,2.34559,-1.80607,0.57762,-0.29611,0.72733,0.39698,0.47510,-0.11866,1.34042,-0.02290,
1413394927,2.33631,-1.67435,0.57673,-0.33522,0.71811,0.40656,0.45459,-0.05079,1.32438,0.00775,
1413394927,2.33691,-1.54636,0.57854,-0.37355,0.70725,0.41715,0.43155,0.06982,1.27674,-0.01693,
1413394927,2.35281,-1.42793,0.57376,-0.39844,0.69573,0.43203,0.41298,0.25192,1.20927,-0.08637,
1413394927,2.38533,-1.31578,0.55760,-0.39622,0.67487,0.45891,0.42065,0.41974,1.15491,-0.18108,
1413394927,2.43009,-1.20787,0.53451,-0.38145,0.65363,0.48713,0.43585,0.50814,1.10324,-0.18410,
1413394927,2.48103,-1.10561,0.51859,-0.36719,0.63744,0.50764,0.44849,0.54031,1.06367,-0.05372,
1413394927,2.53149,-1.00686,0.51666,-0.35857,0.63371,0.51890,0.44786,0.51028,1.07584,0.06432,
1413394928,2.57984,-0.90184,0.53030,-0.35834,0.63572,0.52117,0.44253,0.47691,1.06045,0.19639,
1413394928,2.62550,-0.80079,0.55745,-0.35894,0.63987,0.52074,0.43653,0.45900,1.05300,0.31786,
1413394928,2.66938,-0.69549,0.59356,-0.36075,0.63991,0.52146,0.43413,0.43888,1.06853,0.35342,
1413394928,2.71291,-0.58939,0.63164,-0.36319,0.63520,0.52328,0.43680,0.42907,1.08738,0.31989,
1413394928,2.75251,-0.48668,0.65728,-0.36357,0.63212,0.52527,0.43857,0.40843,1.09025,0.20542,
1413394928,2.79256,-0.37503,0.67399,-0.36497,0.63164,0.52554,0.43776,0.40019,1.10747,0.11493,
1413394928,2.83052,-0.26352,0.68234,-0.36275,0.62313,0.52803,0.44867,0.37374,1.11911,0.04741,
1413394928,2.86602,-0.15236,0.68380,-0.36280,0.60952,0.52823,0.46673,0.31403,1.11055,-0.00624,
1413394928,2.89369,-0.04479,0.68299,-0.36512,0.59664,0.52570,0.48410,0.23482,1.05524,0.00935,
1413394928,2.91099,0.05717,0.68204,-0.36932,0.59273,0.52139,0.49033,0.12128,0.97954,0.00866,
1413394929,2.91778,0.15136,0.68294,-0.37828,0.60513,0.51372,0.47625,0.02819,0.89287,0.02339,
1413394929,2.91866,0.23631,0.68742,-0.38297,0.61537,0.50871,0.46460,-0.01668,0.81881,0.05080,
1413394929,2.91686,0.31652,0.69609,-0.38371,0.62207,0.50573,0.45829,-0.02924,0.76891,0.08064,
1413394929,2.91263,0.39079,0.70471,-0.38121,0.62503,0.50511,0.45703,-0.03824,0.72206,0.05101,
1413394929,2.90878,0.46223,0.70621,-0.37262,0.62202,0.50894,0.46392,-0.04998,0.70607,-0.03266,
1413394929,2.90070,0.53090,0.69750,-0.36827,0.62204,0.50982,0.46639,-0.08837,0.65534,-0.13899,
1413394929,2.88980,0.59442,0.68131,-0.37210,0.62004,0.50617,0.46998,-0.13309,0.61858,-0.16119,
1413394929,2.87438,0.65207,0.66629,-0.38055,0.61539,0.49937,0.47655,-0.17928,0.55156,-0.14554,
1413394929,2.85474,0.70343,0.65466,-0.39223,0.61579,0.49064,0.47564,-0.20545,0.46781,-0.11234,
1413394929,2.83463,0.74582,0.64772,-0.39958,0.61924,0.48520,0.47060,-0.19957,0.37068,-0.06629,
1413394930,2.81397,0.77767,0.64335,-0.39720,0.62773,0.48696,0.45941,-0.18349,0.28528,-0.06039,
1413394930,2.79725,0.80209,0.63865,-0.38664,0.64024,0.49427,0.44307,-0.14916,0.23213,-0.03637,
1413394930,2.78401,0.82337,0.63766,-0.37379,0.64497,0.50190,0.43863,-0.11150,0.22592,0.00295,
1413394930,2.77303,0.84509,0.63373,-0.36557,0.64448,0.50657,0.44091,-0.09207,0.24082,-0.06000,
1413394930,2.76341,0.86700,0.62236,-0.36580,0.64048,0.50564,0.44755,-0.09306,0.24358,-0.13925,
1413394930,2.75423,0.88825,0.60342,-0.37237,0.63247,0.50007,0.45963,-0.09500,0.21869,-0.23460,
1413394930,2.74532,0.90691,0.57529,-0.37662,0.62456,0.49657,0.47065,-0.10902,0.14859,-0.29244,
1413394930,2.73311,0.91871,0.54923,-0.38158,0.61565,0.49213,0.48288,-0.15197,0.08216,-0.24818,
1413394930,2.71643,0.92341,0.52932,-0.39533,0.60922,0.48162,0.49051,-0.18826,-0.01955,-0.20267,
1413394930,2.69727,0.91674,0.50932,-0.39933,0.62205,0.47904,0.47341,-0.19513,-0.12815,-0.23308,
1413394931,2.67975,0.90171,0.48595,-0.38164,0.65171,0.49138,0.43378,-0.15842,-0.17493,-0.26853,
1413394931,2.66678,0.88450,0.45401,-0.35611,0.68335,0.50581,0.38778,-0.09661,-0.16697,-0.38125,
1413394931,2.66251,0.87505,0.41420,-0.33031,0.70000,0.51924,0.36233,0.03219,-0.00024,-0.39601,
1413394931,2.67125,0.88675,0.37787,-0.31980,0.68899,0.52674,0.38154,0.13101,0.22458,-0.35339,
1413394931,2.68657,0.91523,0.34574,-0.33110,0.66394,0.52019,0.42304,0.16373,0.37500,-0.28489,
1413394931,2.70183,0.95448,0.32086,-0.35450,0.63556,0.50439,0.46474,0.13886,0.40726,-0.21909,
1413394931,2.71227,0.99060,0.30556,-0.36949,0.61854,0.49225,0.48844,0.07758,0.33945,-0.10248,
1413394931,2.71610,1.01567,0.30298,-0.37410,0.61118,0.48658,0.49974,0.00942,0.24006,0.05525,
1413394931,2.71157,1.02661,0.32082,-0.38015,0.60547,0.48047,0.50798,-0.06489,0.14344,0.30749,
1413394931,2.69802,1.02718,0.35554,-0.38784,0.60285,0.47295,0.51232,-0.15405,-0.02138,0.37445,
1413394932,2.67780,1.01382,0.38588,-0.37367,0.61803,0.48164,0.49642,-0.20953,-0.14348,0.27570,
1413394932,2.65251,0.99206,0.40538,-0.35366,0.63414,0.49516,0.47708,-0.25419,-0.20393,0.18835,
1413394932,2.62288,0.96854,0.41740,-0.33867,0.63697,0.51130,0.46705,-0.31492,-0.19983,0.11795,
1413394932,2.58630,0.94844,0.42365,-0.32775,0.62476,0.53502,0.46476,-0.40441,-0.16140,0.05056,
1413394932,2.54091,0.93587,0.42365,-0.33368,0.60956,0.55717,0.45461,-0.51219,-0.09028,-0.03764,
1413394932,2.48419,0.92941,0.42208,-0.36002,0.59324,0.57286,0.43622,-0.61579,-0.02303,0.03170,
1413394932,2.41857,0.92718,0.43286,-0.39900,0.56803,0.58431,0.42038,-0.69256,-0.00450,0.19322,
1413394932,2.34839,0.92634,0.45882,-0.43979,0.54184,0.59470,0.39916,-0.71961,-0.00777,0.33947,
1413394932,2.27813,0.92352,0.49689,-0.47844,0.51600,0.60430,0.37370,-0.68920,-0.04645,0.43458,
1413394932,2.21413,0.91634,0.54031,0.50745,-0.48346,-0.61800,-0.35615,-0.61434,-0.10265,0.42534,
1413394933,2.15431,0.89919,0.57662,0.52990,-0.44701,-0.63227,-0.34587,-0.53800,-0.20368,0.31521,
1413394933,2.10343,0.87015,0.60039,0.54567,-0.41299,-0.64755,-0.33521,-0.46564,-0.32070,0.18780,
1413394933,2.06143,0.83012,0.60829,0.55296,-0.38562,-0.66665,-0.31797,-0.39138,-0.44179,0.08257,
1413394933,2.02742,0.78119,0.61360,0.54886,-0.36540,-0.69159,-0.29486,-0.32894,-0.54134,0.09447,
1413394933,2.00001,0.72304,0.62062,0.53747,-0.35283,-0.71816,-0.26623,-0.28344,-0.60419,0.09403,
1413394933,1.97404,0.66041,0.62809,0.52869,-0.34072,-0.73915,-0.24096,-0.28122,-0.60758,0.05191,
1413394933,1.94793,0.59930,0.62863,0.52698,-0.32453,-0.75383,-0.22071,-0.29256,-0.59156,-0.01994,
1413394933,1.92218,0.54149,0.62048,0.53271,-0.30341,-0.76332,-0.20373,-0.30372,-0.55840,-0.10742,
1413394933,1.89445,0.48379,0.60291,0.54287,-0.28026,-0.76857,-0.18987,-0.30368,-0.54488,-0.20834,
1413394933,1.86682,0.43100,0.57547,0.55244,-0.25710,-0.77259,-0.17836,-0.29424,-0.53352,-0.33131,
1413394934,1.83999,0.38000,0.53851,0.56001,-0.23581,-0.77661,-0.16632,-0.28336,-0.52446,-0.43783,
1413394934,1.81316,0.32938,0.49511,0.56750,-0.21521,-0.77991,-0.15283,-0.28075,-0.51758,-0.44477,
1413394934,1.78591,0.27984,0.45430,0.58090,-0.19388,-0.77787,-0.14103,-0.26926,-0.50648,-0.37763,
1413394934,1.76317,0.22923,0.41796,0.59342,-0.17650,-0.77437,-0.13061,-0.20481,-0.51695,-0.34663,
1413394934,1.74394,0.17732,0.38318,0.59453,-0.16251,-0.77817,-0.12074,-0.14694,-0.54107,-0.36360,
1413394934,1.73129,0.12289,0.35011,0.58260,-0.14736,-0.79203,-0.10743,-0.10988,-0.56002,-0.31878,
1413394934,1.71942,0.06763,0.32290,0.57906,-0.12885,-0.79988,-0.09104,-0.13596,-0.55813,-0.23115,
1413394934,1.70635,0.01290,0.30028,0.59184,-0.10525,-0.79560,-0.07530,-0.12284,-0.56172,-0.25278,
1413394934,1.69745,-0.04402,0.26889,0.59850,-0.07904,-0.79509,-0.05818,-0.09341,-0.58104,-0.37896,
1413394934,1.69508,-0.10163,0.22343,0.59347,-0.05564,-0.80228,-0.03239,-0.04402,-0.58237,-0.50619,
1413394935,1.69335,-0.15914,0.16622,0.58627,-0.03715,-0.80921,-0.00938,-0.02449,-0.54055,-0.60857,
1413394935,1.69322,-0.21297,0.10235,0.58174,-0.01842,-0.81316,0.00037,-0.01730,-0.51235,-0.63577,
1413394935,1.69573,-0.26360,0.04618,0.58032,-0.00282,-0.81438,0.00410,0.02359,-0.48150,-0.50101,
1413394935,1.70529,-0.31651,0.00467,0.58195,0.00307,-0.81314,0.01167,0.04781,-0.46649,-0.34945,
1413394935,1.70692,-0.36154,-0.01945,0.58405,0.00586,-0.81156,0.01486,0.03871,-0.44419,-0.19456,
1413394935,1.70762,-0.40420,-0.02594,0.58746,0.00677,-0.80907,0.01570,0.01966,-0.41968,-0.02382,
1413394935,1.70924,-0.44330,-0.01955,0.59372,0.00249,-0.80449,0.01721,0.03089,-0.38132,0.07208,
1413394935,1.71493,-0.47849,-0.01284,0.60028,-0.00763,-0.79963,0.01421,0.07629,-0.34313,0.02166,
1413394935,1.72660,-0.51068,-0.01388,0.60693,-0.01732,-0.79453,0.00717,0.14088,-0.30580,-0.06446,
1413394935,1.74305,-0.54191,-0.02533,0.61384,-0.02291,-0.78909,-0.00310,0.18619,-0.29014,-0.17881,
1413394936,1.76500,-0.56967,-0.04883,0.61103,-0.02656,-0.79106,-0.01236,0.24468,-0.28537,-0.30296,
1413394936,1.79331,-0.59882,-0.08058,0.60050,-0.03040,-0.79882,-0.01894,0.29735,-0.29400,-0.32029,
1413394936,1.82540,-0.62950,-0.10659,0.59430,-0.03392,-0.80315,-0.02454,0.34342,-0.30327,-0.19106,
1413394936,1.86088,-0.65994,-0.11944,0.59509,-0.03588,-0.80230,-0.02977,0.31536,-0.30946,-0.04158,
1413394936,1.89754,-0.69112,-0.11912,0.59472,-0.03964,-0.80236,-0.03074,0.36545,-0.32128,0.01126,
1413394936,1.93746,-0.72216,-0.12427,0.58734,-0.04085,-0.80770,-0.03141,0.39223,-0.33079,-0.11276,
1413394936,1.98042,-0.75660,-0.14456,0.56735,-0.03482,-0.82232,-0.02615,0.39606,-0.36207,-0.25194,
1413394936,2.03608,-0.81283,-0.18702,0.55628,-0.00338,-0.83098,-0.00405,0.31487,-0.40448,-0.31097,
1413394936,2.08061,-0.87647,-0.23087,0.57450,0.05588,-0.81597,0.03199,0.26952,-0.45345,-0.27883,
1413394937,2.13630,-0.97495,-0.27559,0.57920,0.15929,-0.79530,0.08163,0.30168,-0.52844,-0.19391,
1413394937,2.20130,-1.08736,-0.30635,0.55865,0.23235,-0.78442,0.13642,0.33191,-0.59698,-0.10761,
1413394937,2.27666,-1.21502,-0.32712,0.53614,0.29479,-0.77160,0.17404,0.36897,-0.70459,-0.10472,
1413394937,2.34967,-1.36991,-0.34402,0.51083,0.35802,-0.75284,0.21000,0.35199,-0.83038,-0.09175,
1413394937,2.38837,-1.45405,-0.35582,-0.49435,-0.37574,0.74875,-0.23198,0.32432,-0.89508,-0.08237,
1413394937,2.43249,-1.59270,-0.36630,-0.48279,-0.38843,0.74192,-0.25611,0.24505,-0.94864,-0.09186,
1413394938,2.45494,-1.79258,-0.37326,-0.48454,-0.39247,0.73417,-0.26865,0.12305,-1.02344,-0.07569,
1413394938,2.46703,-1.99905,-0.37396,-0.49002,-0.37917,0.73504,-0.27536,0.02025,-1.03459,-0.02971,
1413394938,2.43868,-2.19127,-0.35566,-0.48323,-0.34430,0.75676,-0.27435,-0.14418,-1.00675,0.08253,
1413394938,2.38233,-2.37284,-0.29902,-0.47694,-0.31178,0.77720,-0.26698,-0.45339,-0.96365,0.42825,
1413394938,2.27049,-2.56369,-0.17842,0.50953,0.28966,-0.77532,0.23528,-0.67878,-0.90057,0.67472,
1413394939,2.12736,-2.75382,-0.05983,0.53112,0.26334,-0.78312,0.18786,-0.75994,-0.88749,0.47745,
1413394939,1.97465,-2.92794,0.01131,0.53080,0.20739,-0.80784,0.15044,-0.79604,-0.88030,0.23853,
1413394939,1.81608,-3.08414,0.04661,0.54169,0.10168,-0.82118,0.14797,-0.89025,-0.74831,0.07376,
1413394939,1.63057,-3.20420,0.04527,0.55906,0.01752,-0.82139,0.11164,-0.96299,-0.47780,-0.09909,
1413394939,1.44037,-3.27104,0.02240,0.56854,-0.00651,-0.82150,0.04316,-0.99287,-0.24191,0.01728,
1413394940,1.23971,-3.31741,0.04832,0.57789,-0.01413,-0.81595,0.00855,-0.98898,-0.22820,0.26355,
1413394940,1.03990,-3.35309,0.11419,0.57640,-0.07056,-0.81350,0.03159,-0.97633,-0.07024,0.33404,
1413394940,0.84210,-3.34634,0.16018,0.55230,-0.07714,-0.82983,-0.01979,-0.98906,0.11747,0.10143,
1413394940,0.63217,-3.32041,0.16355,0.55069,-0.11643,-0.82496,-0.05117,-1.07719,0.20029,-0.12381,
1413394940,0.40688,-3.27163,0.12901,0.56340,-0.17559,-0.80249,-0.08809,-1.07981,0.29060,-0.26605,
1413394941,0.18832,-3.20101,0.09384,0.55474,-0.21455,-0.78868,-0.15564,-1.06291,0.34675,-0.16976,
1413394941,-0.03263,-3.14284,0.09300,0.54157,-0.23863,-0.78144,-0.19775,-1.13597,0.21291,0.09112,
1413394941,-0.21408,-3.11890,0.12056,0.54209,-0.27166,-0.77511,-0.17763,-1.17231,0.18647,0.22404,
1413394941,-0.32932,-3.09936,0.14472,0.53603,-0.30064,-0.77313,-0.15672,-1.15228,0.23964,0.23754,
1413394941,-0.54807,-3.02903,0.20713,0.52108,-0.33898,-0.77074,-0.13975,-1.09095,0.50304,0.34534,
1413394942,-0.75547,-2.89791,0.28491,0.50446,-0.32294,-0.78148,-0.17472,-1.09682,0.80197,0.43880,
1413394942,-1.00160,-2.72563,0.36799,-0.49966,0.29696,0.78182,0.22564,-1.24203,0.86858,0.42412,
1413394942,-1.12521,-2.64019,0.40940,0.50818,-0.30284,-0.77155,-0.23398,-1.31719,0.84602,0.39614,
1413394942,-1.26817,-2.55509,0.44574,0.52407,-0.32879,-0.75621,-0.21308,-1.35700,0.82868,0.37265,
1413394942,-1.39047,-2.46709,0.48166,0.53883,-0.36179,-0.73939,-0.17907,-1.29600,0.88621,0.38467,
1413394942,-1.50289,-2.37655,0.52330,0.54972,-0.39154,-0.72299,-0.14762,-1.16969,1.00897,0.41166,
1413394942,-1.59111,-2.26189,0.56765,0.55503,-0.41777,-0.70851,-0.12418,-0.93924,1.22218,0.47252,
1413394942,-1.66889,-2.12903,0.61622,0.55378,-0.44259,-0.69593,-0.11454,-0.68149,1.45520,0.51792,
1413394942,-1.71696,-1.97498,0.67288,0.54822,-0.46203,-0.68576,-0.12537,-0.40853,1.69365,0.57005,
1413394943,-1.74605,-1.79573,0.72789,0.54200,-0.47842,-0.67382,-0.15266,-0.17507,1.87340,0.47585,
1413394943,-1.75602,-1.59889,0.76487,0.53441,-0.49680,-0.65864,-0.18384,0.01966,2.01707,0.30502,
1413394943,-1.74559,-1.39328,0.78733,0.52693,-0.51363,-0.63964,-0.22224,0.20775,2.10112,0.13651,
1413394943,-1.71917,-1.18287,0.79298,0.51433,-0.51329,-0.62387,-0.28772,0.36217,2.11304,-0.00795,
1413394943,-1.66932,-0.98701,0.77857,-0.49762,0.49980,0.60659,0.36691,0.44752,2.00889,-0.22718,
1413394943,-1.62454,-0.79217,0.74137,-0.47998,0.48974,0.58466,0.43353,0.43970,1.84665,-0.43656,
1413394943,-1.58016,-0.61969,0.68933,-0.46258,0.49367,0.56024,0.47796,0.37636,1.64056,-0.54162,
1413394943,-1.54266,-0.46620,0.63437,-0.44487,0.50583,0.53455,0.51038,0.27487,1.38214,-0.63649,
1413394943,-1.52244,-0.33489,0.56827,-0.42624,0.52351,0.50858,0.53441,0.14073,1.10857,-0.66280,
1413394943,-1.51608,-0.23466,0.50879,-0.40606,0.54502,0.48544,0.54993,-0.03493,0.77746,-0.54432,
1413394944,-1.52891,-0.15934,0.46156,-0.37904,0.56737,0.46858,0.56111,-0.21583,0.51049,-0.43548,
1413394944,-1.56157,-0.11446,0.42776,-0.34991,0.59682,0.45799,0.55821,-0.42240,0.30284,-0.31671,
1413394944,-1.61235,-0.08800,0.39932,-0.32900,0.63163,0.44969,0.53906,-0.58273,0.17065,-0.29512,
1413394944,-1.67717,-0.06880,0.37290,-0.32014,0.65739,0.43767,0.52326,-0.69006,0.11735,-0.32747,
1413394944,-1.74808,-0.06237,0.34605,-0.32954,0.67499,0.42004,0.50928,-0.73668,0.06442,-0.38258,
1413394944,-1.82499,-0.05832,0.30923,-0.33448,0.68779,0.41016,0.49682,-0.72901,0.00690,-0.38103,
1413394944,-1.89785,-0.06056,0.27718,-0.32672,0.69140,0.41338,0.49431,-0.70301,-0.03950,-0.30298,
1413394944,-1.96818,-0.06673,0.25421,-0.32064,0.69238,0.41615,0.49459,-0.67344,-0.07306,-0.21614,
1413394944,-2.03438,-0.07447,0.23784,-0.31262,0.70057,0.41668,0.48770,-0.62893,-0.07064,-0.12482,
1413394944,-2.09485,-0.08090,0.23442,-0.29885,0.71148,0.41995,0.47763,-0.56822,-0.05571,0.09167,
1413394945,-2.15068,-0.08467,0.24015,-0.27771,0.72525,0.41867,0.47076,-0.50836,-0.01784,0.08456,
1413394945,-2.19887,-0.08468,0.23756,-0.26348,0.74617,0.40095,0.46157,-0.43329,0.04159,-0.03384,
1413394945,-2.23802,-0.07990,0.22456,-0.24502,0.77162,0.37724,0.44973,-0.32470,0.11517,-0.15516,
1413394945,-2.26426,-0.06876,0.20154,-0.22309,0.79556,0.34823,0.44277,-0.18879,0.20419,-0.23284,
1413394945,-2.27381,-0.04644,0.17463,-0.20166,0.81410,0.31437,0.44469,-0.00663,0.30766,-0.27461,
1413394945,-2.26517,-0.01246,0.14414,-0.17952,0.82573,0.27692,0.45745,0.17874,0.40491,-0.30912,
1413394945,-2.24139,0.03026,0.11102,-0.15215,0.82776,0.24240,0.48261,0.34508,0.48190,-0.32966,
1413394945,-2.20438,0.07883,0.07684,-0.12361,0.82649,0.20890,0.50794,0.45817,0.55600,-0.31179,
1413394945,-2.15657,0.13567,0.04664,-0.09568,0.82351,0.17409,0.53139,0.53965,0.62721,-0.25060,
1413394945,-2.10090,0.20037,0.02243,-0.07153,0.81267,0.13783,0.56165,0.56558,0.68125,-0.22253,
1413394946,-2.04535,0.26996,0.00129,-0.06563,0.80315,0.08810,0.58556,0.54156,0.70766,-0.22203,
1413394946,-1.99371,0.33755,-0.01977,-0.06541,0.79993,0.03308,0.59560,0.48757,0.66190,-0.22194,
1413394946,-1.94642,0.39793,-0.03775,-0.05997,0.79859,-0.02017,0.59854,0.44405,0.55440,-0.16103,
1413394946,-1.90578,0.44429,-0.05313,-0.04633,0.79773,-0.07066,0.59706,0.40086,0.39984,-0.14615,
1413394946,-1.87037,0.47376,-0.06875,-0.02700,0.79352,-0.12131,0.59572,0.31353,0.23282,-0.14678,
1413394946,-1.84389,0.48618,-0.08181,0.00515,0.78817,-0.16607,0.59260,0.23091,0.04733,-0.09206,
1413394946,-1.81980,0.47520,-0.09091,0.07676,0.77883,-0.21939,0.58258,0.08101,-0.15366,-0.01483,
1413394946,-1.81576,0.45493,-0.09409,0.11741,0.76534,-0.25924,0.57730,0.00638,-0.23254,-0.03004,
1413394946,-1.83075,0.39560,-0.09790,0.17267,0.73042,-0.35341,0.55837,-0.18063,-0.36789,-0.00312,
1413394947,-1.89559,0.30898,-0.10044,0.24089,0.68593,-0.43168,0.53397,-0.42872,-0.48443,0.04491,
1413394947,-1.99519,0.21324,-0.09239,0.33479,0.63489,-0.48761,0.49706,-0.56884,-0.45692,0.05540,
1413394947,-2.11732,0.13286,-0.07774,0.40735,0.57334,-0.54963,0.45084,-0.62563,-0.33542,0.13299,
1413394947,-2.23222,0.07417,-0.02166,-0.45212,-0.51705,0.61473,-0.38775,-0.58459,-0.17491,0.41989,
1413394947,-2.33624,0.03499,0.09281,-0.49476,-0.46009,0.64910,-0.34957,-0.47156,-0.12197,0.70368,
1413394948,-2.37465,-0.02647,0.22672,-0.48211,-0.45025,0.68219,-0.31538,-0.32763,-0.12385,0.56936,
1413394948,-2.39971,-0.05934,0.31749,-0.43590,-0.47895,0.70453,-0.29025,-0.26854,-0.28780,0.43931,
1413394948,-2.40140,-0.13093,0.41531,-0.40776,-0.52060,0.68563,-0.30432,-0.25075,-0.62162,0.60954,
1413394948,-2.45576,-0.28716,0.52791,-0.39592,-0.55650,0.65639,-0.32048,-0.30890,-0.95570,0.52119,
1413394948,-2.50810,-0.49165,0.61168,-0.46149,-0.53933,0.58938,-0.38573,-0.25358,-1.01775,0.37769,
1413394949,-2.54789,-0.66949,0.68005,0.51371,0.50222,-0.53797,0.44099,-0.11778,-0.67170,0.35579,
1413394949,-2.53611,-0.74379,0.73818,0.51287,0.50241,-0.54352,0.43490,0.06687,-0.13618,0.38786,
1413394949,-2.48761,-0.71959,0.78739,-0.44805,-0.54656,0.60588,-0.36529,0.22412,0.15249,0.18629,
1413394949,-2.41490,-0.66852,0.78385,-0.38591,-0.57778,0.65250,-0.30246,0.32017,-0.01345,-0.01587,
1413394949,-2.34226,-0.71541,0.76698,-0.37226,-0.58045,0.66522,-0.28632,0.36021,-0.53464,-0.04219,
1413394950,-2.26517,-0.86608,0.77954,-0.45573,-0.53815,0.61346,-0.35548,0.43127,-0.84588,0.12434,
1413394950,-2.16624,-1.01726,0.79583,0.50137,0.49727,-0.57602,0.41177,0.57568,-0.61480,0.04744,
1413394950,-2.04372,-1.11173,0.80813,-0.46863,-0.49512,0.58058,-0.44516,0.63101,-0.27081,0.05119,
1413394950,-1.93341,-1.13018,0.81810,-0.39276,-0.52711,0.60069,-0.45505,0.45908,0.00314,0.00249,
1413394950,-1.87387,-1.13596,0.82647,-0.35606,-0.60018,0.60942,-0.37631,0.24382,-0.11129,0.09243,
1413394951,-1.82911,-1.19660,0.85289,0.35626,0.62600,-0.60242,0.34393,0.27329,-0.54012,0.22264,
1413394951,-1.76798,-1.33642,0.90421,0.42224,0.59656,-0.54164,0.41527,0.41684,-0.73934,0.29033,
1413394951,-1.67577,-1.45342,0.96235,0.46860,0.56130,-0.46070,0.50309,0.53523,-0.34557,0.28750,
1413394951,-1.56220,-1.45555,1.01596,0.42034,0.58128,-0.44153,0.53896,0.52708,0.28524,0.23032,
1413394951,-1.47272,-1.35964,1.06067,0.30838,0.66943,-0.49118,0.46424,0.38308,0.54610,0.22435,
1413394952,-1.39781,-1.28138,1.12177,0.23539,0.72029,-0.52952,0.38129,0.40966,0.14241,0.34739,
1413394952,-1.30334,-1.33754,1.21970,0.25738,0.71695,-0.52294,0.38246,0.54862,-0.68340,0.59311,
1413394952,-1.17370,-1.47952,1.34422,0.34416,0.65942,-0.47200,0.47321,0.65098,-0.88560,0.57539,
1413394952,-1.04455,-1.65168,1.42619,0.37428,0.62428,-0.45040,0.51704,0.61670,-0.67170,0.20255,
1413394952,-0.91684,-1.75263,1.43932,0.30837,0.65625,-0.48077,0.49306,0.56963,-0.52182,0.01209,
1413394953,-0.81252,-1.85593,1.46706,0.28649,0.69224,-0.46728,0.46944,0.46270,-0.62166,0.27030,
1413394953,-0.72480,-1.97295,1.54331,0.31974,0.68321,-0.42520,0.50020,0.49153,-0.68164,0.31855,
1413394953,-0.64716,-2.07779,1.59265,0.35485,0.64022,-0.38406,0.56276,0.40933,-0.41032,0.09710,
1413394953,-0.58269,-2.11131,1.61082,0.36938,0.61782,-0.36850,0.58827,0.21215,0.13920,0.26447,
1413394953,-0.56641,-2.01107,1.68532,0.37155,0.61367,-0.37141,0.58942,-0.02842,0.76981,0.34110,
1413394954,-0.58233,-1.82296,1.67606,0.31172,0.69925,-0.43162,0.47706,-0.09893,1.00639,-0.38135,
1413394954,-0.57658,-1.65017,1.54911,0.26811,0.74374,-0.46577,0.39753,0.06051,0.80673,-0.95814,
1413394954,-0.54137,-1.52689,1.35163,0.29462,0.72279,-0.44749,0.43649,0.31475,0.46654,-0.91709,
1413394954,-0.49313,-1.41610,1.17378,0.34549,0.67052,-0.40090,0.51992,0.37867,0.52370,-0.85881,
1413394954,-0.42157,-1.28981,1.01759,0.35764,0.64519,-0.38482,0.55475,0.30584,0.87072,-0.64235,
1413394955,-0.37542,-1.06525,0.90254,0.29008,0.69707,-0.44335,0.48310,0.22443,1.11509,-0.54358,
1413394955,-0.32924,-0.86539,0.79241,0.23481,0.72893,-0.49619,0.40906,0.26948,0.75546,-0.54913,
1413394955,-0.26693,-0.75531,0.67982,0.29735,0.70443,-0.45661,0.45482,0.40240,0.38678,-0.55788,
1413394955,-0.17728,-0.66483,0.56934,0.33304,0.67715,-0.38807,0.52911,0.46404,0.51798,-0.50848,
1413394955,-0.09407,-0.53466,0.48272,0.23841,0.70663,-0.38733,0.54204,0.36798,0.70163,-0.32869,
1413394956,-0.04490,-0.42099,0.44897,0.14914,0.76658,-0.40734,0.47347,0.19623,0.28869,0.02253,
1413394956,0.00171,-0.41035,0.47340,0.20125,0.78818,-0.36277,0.45461,0.38164,-0.21175,0.19989,
1413394956,0.03446,-0.44054,0.49516,0.22789,0.77395,-0.34611,0.47883,0.49646,-0.32733,0.24789,
1413394956,0.10444,-0.49992,0.53469,0.26098,0.73349,-0.32326,0.53794,0.58008,-0.31874,0.29079,
1413394956,0.20213,-0.53949,0.59009,0.25642,0.69882,-0.29557,0.59879,0.44806,-0.02680,0.24329,
1413394957,0.26809,-0.52052,0.61845,0.19471,0.73050,-0.27191,0.59542,0.21833,0.20189,0.01796,
1413394957,0.29265,-0.49037,0.61020,0.15884,0.79003,-0.24962,0.53694,0.13003,0.20080,-0.09080,
1413394957,0.29609,-0.42879,0.57175,0.14080,0.82309,-0.24083,0.49467,0.18674,0.17379,-0.06173,
1413394957,0.30789,-0.46177,0.57554,0.13197,0.83646,-0.22911,0.48002,0.35667,0.02191,0.05540,
1413394957,0.38525,-0.52391,0.56666,0.13515,0.82816,-0.21921,0.49783,0.54599,-0.11485,0.09383,
1413394957,0.44376,-0.55867,0.57003,0.14149,0.81332,-0.20999,0.52382,0.65919,-0.19064,0.14520,
1413394957,0.49106,-0.58371,0.59435,0.14657,0.78828,-0.20341,0.56193,0.67075,-0.19682,0.19015,
1413394957,0.54807,-0.60186,0.61630,0.15164,0.75960,-0.19747,0.60085,0.60137,-0.15506,0.20506,
1413394957,0.59627,-0.61315,0.63986,0.15234,0.72722,-0.19415,0.64051,0.44202,-0.08249,0.24033,
1413394957,0.62435,-0.61569,0.66366,0.15100,0.70881,-0.19258,0.66159,0.20140,0.01627,0.20593,
1413394958,0.63184,-0.61010,0.68392,0.13875,0.72484,-0.19869,0.64488,-0.02864,0.10468,0.16721,
1413394958,0.62599,-0.59836,0.70259,0.12413,0.76323,-0.20250,0.60089,-0.18197,0.15119,0.15007,
1413394958,0.61207,-0.58482,0.71486,0.10974,0.80409,-0.20072,0.54873,-0.19905,0.13618,0.05232,
1413394958,0.60916,-0.57611,0.72129,0.09514,0.82869,-0.19504,0.51592,-0.10145,0.07498,0.04548,
1413394958,0.60226,-0.57409,0.72439,0.08244,0.83072,-0.18292,0.51927,0.02703,-0.00290,0.01423,
1413394958,0.61053,-0.58271,0.72731,0.06843,0.81435,-0.16506,0.55218,0.10657,-0.08929,0.01024,
1413394958,0.62368,-0.59411,0.73040,0.05853,0.78579,-0.13853,0.59993,0.09771,-0.13208,0.01982,
1413394958,0.63141,-0.60842,0.73414,0.04729,0.75776,-0.10868,0.64168,-0.02875,-0.13657,0.03271,
1413394958,0.61976,-0.62416,0.74004,0.03679,0.73818,-0.07882,0.66897,-0.23074,-0.14786,0.03802,
1413394958,0.58559,-0.63807,0.74275,0.02281,0.76044,-0.05473,0.64669,-0.45035,-0.14498,-0.01847,
1413394959,0.53482,-0.65273,0.74293,0.00675,0.80709,-0.03567,0.58931,-0.57081,-0.14900,-0.02130,
1413394959,0.47941,-0.66862,0.74103,-0.00877,0.85285,-0.01912,0.52174,-0.51942,-0.16659,0.00701,
1413394959,0.43662,-0.68566,0.74493,-0.02101,0.87778,-0.00280,0.47859,-0.31025,-0.18756,0.07380,
1413394959,0.42023,-0.70656,0.75357,-0.02587,0.88395,0.01887,0.46649,-0.02339,-0.20624,0.11157,
1413394959,0.42883,-0.72546,0.76766,-0.01985,0.87152,0.04940,0.48746,0.23535,-0.17556,0.17786,
1413394959,0.46164,-0.74039,0.78866,-0.02055,0.84125,0.07548,0.53496,0.38327,-0.09607,0.20219,
1413394959,0.50001,-0.74626,0.80910,-0.03606,0.80703,0.09076,0.58238,0.40660,-0.02229,0.21429,
1413394959,0.53888,-0.74511,0.83005,-0.06071,0.76982,0.09853,0.62768,0.31033,0.01663,0.24056,
1413394959,0.56360,-0.74395,0.85090,-0.08084,0.74646,0.10786,0.65164,0.13994,0.00229,0.17236,
1413394959,0.56951,-0.74477,0.86471,-0.09072,0.77233,0.12318,0.61653,-0.03063,-0.01550,0.10470,
1413394960,0.56260,-0.74903,0.87615,-0.09386,0.81637,0.14197,0.55189,-0.08086,-0.01289,0.10082,
1413394960,0.56265,-0.75010,0.88666,-0.09681,0.85006,0.16060,0.49217,0.02560,0.02171,0.16625,
1413394960,0.56748,-0.74462,0.89647,-0.09737,0.86189,0.18414,0.46235,0.21622,0.12122,0.15994,
1413394960,0.60143,-0.72624,0.91257,-0.09448,0.84526,0.21774,0.47875,0.42198,0.26177,0.14945,
1413394960,0.65195,-0.69354,0.92629,-0.11339,0.81298,0.23704,0.51964,0.52963,0.39776,0.08454,
1413394960,0.70803,-0.64970,0.93067,-0.15321,0.76960,0.24387,0.56988,0.51479,0.47058,0.00571,
1413394960,0.75546,-0.60187,0.92758,-0.19130,0.73151,0.25437,0.60299,0.40444,0.45183,-0.05466,
1413394960,0.79081,-0.56092,0.92276,-0.21870,0.71377,0.27559,0.60561,0.24988,0.37783,-0.05972,
1413394960,0.81072,-0.52415,0.91940,-0.23679,0.71617,0.30471,0.58154,0.11468,0.29273,-0.10734,
1413394960,0.81452,-0.49667,0.90557,-0.24411,0.73067,0.34182,0.53824,0.03274,0.23163,-0.20951,
1413394961,0.81323,-0.47782,0.87640,-0.24408,0.74980,0.38173,0.48219,0.01745,0.24639,-0.30786,
1413394961,0.82116,-0.44915,0.84275,-0.24397,0.75953,0.41703,0.43551,0.10767,0.34514,-0.35170,
1413394961,0.83749,-0.40557,0.81251,-0.24908,0.74678,0.44783,0.42395,0.22367,0.54711,-0.23482,
1413394961,0.86544,-0.34015,0.79626,-0.27513,0.71240,0.45925,0.45373,0.28369,0.71183,-0.13157,
1413394961,0.89514,-0.26632,0.78645,-0.31184,0.67620,0.45222,0.49093,0.28899,0.74411,-0.09048,
1413394961,0.91903,-0.19430,0.78138,-0.33948,0.65022,0.44054,0.51758,0.23107,0.67281,-0.07669,
1413394961,0.93654,-0.13490,0.77274,-0.34915,0.64263,0.43651,0.52400,0.17350,0.54306,-0.15219,
1413394961,0.94884,-0.08265,0.75954,-0.33139,0.66244,0.44894,0.49980,0.11009,0.45277,-0.17970,
1413394961,0.95777,-0.03610,0.74377,-0.30345,0.69123,0.46861,0.45882,0.08873,0.46058,-0.18048,
1413394961,0.96639,0.01597,0.73112,-0.27603,0.70360,0.48641,0.43837,0.11369,0.58349,-0.09493,
1413394962,0.97401,0.08725,0.72806,-0.26502,0.68870,0.49525,0.45846,0.09028,0.75566,-0.02736,
1413394962,0.97876,0.16916,0.72959,-0.28434,0.66649,0.48365,0.49095,0.00732,0.85574,-0.00086,
1413394962,0.97541,0.25096,0.73062,-0.32236,0.64298,0.45735,0.52296,-0.08730,0.82415,-0.00026,
1413394962,0.96242,0.32760,0.73257,-0.35267,0.63022,0.43243,0.53987,-0.17571,0.70898,-0.00692,
1413394962,0.94095,0.39095,0.73460,-0.36839,0.62991,0.41758,0.54141,-0.26683,0.53910,-0.02309,
1413394962,0.91757,0.43915,0.73469,-0.36407,0.64893,0.41956,0.51991,-0.31228,0.36114,-0.04839,
1413394962,0.88813,0.47117,0.73396,-0.33591,0.67217,0.43740,0.49399,-0.32137,0.27775,-0.01537,
1413394962,0.85788,0.49872,0.73633,-0.31205,0.68835,0.45089,0.47487,-0.32359,0.27198,0.04082,
1413394962,0.82652,0.52764,0.74519,-0.30339,0.69038,0.45416,0.47441,-0.31148,0.32815,0.13002,
1413394962,0.79566,0.56189,0.76646,-0.32199,0.66542,0.43929,0.51046,-0.34427,0.34228,0.24219,
1413394963,0.75919,0.59142,0.79224,-0.34885,0.63278,0.41767,0.55085,-0.42293,0.23355,0.23969,
1413394963,0.71218,0.60397,0.81176,-0.36330,0.62447,0.40734,0.55868,-0.52915,0.04891,0.15370,
1413394963,0.65568,0.59790,0.82272,-0.35370,0.64966,0.41839,0.52706,-0.60025,-0.12649,0.10191,
1413394963,0.59530,0.58167,0.82811,-0.33340,0.67838,0.43788,0.48673,-0.61268,-0.18275,0.02851,
1413394963,0.53461,0.56177,0.82927,-0.31693,0.68752,0.45884,0.46511,-0.60014,-0.17373,0.01095,
1413394963,0.47242,0.54401,0.83159,-0.32579,0.66903,0.46184,0.48267,-0.58604,-0.11345,0.04882,
1413394963,0.41151,0.52887,0.83117,-0.35240,0.63747,0.44967,0.51696,-0.62046,-0.18499,-0.06192,
1413394963,0.34635,0.50438,0.81640,-0.36862,0.62068,0.44212,0.53236,-0.67565,-0.29895,-0.23051,
1413394963,0.27851,0.46287,0.78295,-0.35527,0.63505,0.45582,0.51256,-0.72378,-0.42213,-0.40071,
1413394963,0.20363,0.42048,0.73585,-0.32576,0.66438,0.47803,0.47326,-0.74683,-0.44536,-0.47470,
1413394964,0.13085,0.37412,0.68459,-0.29794,0.68745,0.49570,0.43923,-0.74616,-0.39912,-0.48075,
1413394964,0.05417,0.34272,0.63949,-0.29289,0.69002,0.49617,0.43807,-0.71633,-0.22719,-0.32827,
1413394964,-0.02038,0.32615,0.60679,-0.31366,0.66781,0.48032,0.47428,-0.72517,-0.12398,-0.27036,
1413394964,-0.10075,0.31179,0.57267,-0.34315,0.64219,0.45660,0.51123,-0.77237,-0.15550,-0.31839,
1413394964,-0.17910,0.28981,0.53630,-0.35472,0.64564,0.44601,0.50833,-0.82154,-0.25069,-0.41519,
1413394964,-0.26308,0.26034,0.49329,-0.33166,0.67248,0.45931,0.47624,-0.83927,-0.30274,-0.41762,
1413394964,-0.34378,0.23298,0.45548,-0.30072,0.69863,0.47679,0.44064,-0.81361,-0.24954,-0.35837,
1413394964,-0.42171,0.21920,0.42895,-0.28526,0.70420,0.48402,0.43411,-0.74606,-0.06697,-0.17803,
1413394964,-0.50351,0.21498,0.41050,-0.30020,0.68483,0.47337,0.46562,-0.74691,0.06154,-0.06887,
1413394964,-0.58038,0.21835,0.40568,-0.33596,0.65699,0.44866,0.50419,-0.77470,0.05330,-0.02931,
1413394965,-0.66247,0.21638,0.39866,-0.36104,0.64582,0.43088,0.51663,-0.81339,-0.05510,-0.09682,
1413394965,-0.74566,0.20328,0.38839,-0.35902,0.67038,0.43488,0.48226,-0.81220,-0.16228,-0.13178,
1413394965,-0.82509,0.18422,0.37992,-0.33832,0.70388,0.44983,0.43330,-0.74470,-0.18081,-0.07611,
1413394965,-0.89430,0.16974,0.37729,-0.31814,0.72956,0.46002,0.39358,-0.60399,-0.07897,0.00819,
1413394965,-0.94531,0.16815,0.38234,-0.31357,0.74681,0.45713,0.36739,-0.40376,0.09060,0.08956,
1413394965,-0.97183,0.18805,0.39900,-0.32207,0.73593,0.45006,0.39004,-0.14943,0.29240,0.24193,
1413394965,-0.97843,0.21585,0.42802,-0.34217,0.69747,0.44389,0.44656,-0.05211,0.35762,0.30824,
1413394965,-0.98318,0.24860,0.45861,-0.37039,0.65564,0.43904,0.49009,-0.03729,0.31586,0.29932,
1413394965,-0.98836,0.27250,0.48266,-0.37753,0.63190,0.45767,0.49871,-0.07033,0.19705,0.21057,
1413394965,-0.99756,0.28402,0.50160,-0.37169,0.62657,0.49122,0.47744,-0.11961,0.11021,0.19875,
1413394966,-1.01120,0.28682,0.52501,-0.38098,0.61435,0.51648,0.45900,-0.15831,0.07077,0.26687,
1413394966,-1.02677,0.28255,0.55389,-0.41842,0.58813,0.52584,0.45003,-0.18548,-0.01286,0.32942,
1413394966,-1.04453,0.27292,0.58460,-0.45249,0.55820,0.53875,0.43979,-0.18375,-0.14063,0.23690,
1413394966,-1.05950,0.25154,0.60140,-0.45507,0.53923,0.57310,0.41677,-0.15944,-0.25423,0.07999,
1413394966,-1.07534,0.22450,0.60852,-0.45842,0.51616,0.60239,0.40070,-0.16785,-0.31974,0.06869,
1413394966,-1.09180,0.18839,0.61599,-0.49149,0.48195,0.60553,0.39937,-0.16227,-0.42601,0.03339,
1413394966,-1.10621,0.13865,0.61446,0.51187,-0.45875,-0.61466,-0.38695,-0.13581,-0.56970,-0.12517,
1413394966,-1.11996,0.07591,0.59592,-0.49406,0.45894,0.65030,0.34983,-0.12255,-0.68712,-0.24429,
1413394966,-1.13200,0.00484,0.56854,-0.45342,0.46862,0.69716,0.29795,-0.13196,-0.69610,-0.30544,
1413394966,-1.14912,-0.06016,0.53991,-0.41873,0.47141,0.73382,0.25287,-0.19279,-0.55011,-0.24728,
1413394967,-1.17404,-0.10207,0.52493,-0.42967,0.45426,0.74201,0.24176,-0.29268,-0.28746,-0.08334,
1413394967,-1.20458,-0.12234,0.52101,-0.47714,0.42188,0.72639,0.25829,-0.34557,-0.13173,0.00730,
1413394967,-1.24274,-0.13341,0.52130,0.53006,-0.38595,-0.70235,-0.27710,-0.34877,-0.13473,-0.01479,
1413394967,-1.26674,-0.15457,0.51273,0.56239,-0.35912,-0.69149,-0.27676,-0.26936,-0.21972,-0.06537,
1413394967,-1.29160,-0.18089,0.50286,0.55420,-0.34533,-0.71125,-0.26024,-0.20406,-0.29838,-0.11687,
1413394967,-1.30392,-0.21548,0.49120,0.52045,-0.33703,-0.74952,-0.23186,-0.18313,-0.32180,-0.10254,
1413394967,-1.32679,-0.24561,0.48391,-0.49220,0.32367,0.78055,0.20908,-0.24715,-0.28309,0.00923,
1413394967,-1.35575,-0.27119,0.49325,0.50960,-0.29949,-0.78136,-0.20025,-0.35683,-0.20799,0.15147,
1413394967,-1.39327,-0.29032,0.51205,0.55610,-0.26928,-0.76056,-0.19945,-0.38527,-0.19597,0.23096,
1413394967,-1.43046,-0.30869,0.53442,0.60461,-0.24010,-0.73372,-0.19610,-0.30854,-0.26560,0.22969,
1413394968,-1.45819,-0.33591,0.54926,0.61421,-0.22529,-0.73653,-0.17179,-0.18014,-0.34799,0.14512,
1413394968,-1.47107,-0.37328,0.56072,0.57733,-0.21386,-0.77472,-0.14406,-0.08441,-0.39084,0.11459,
1413394968,-1.46877,-0.41782,0.57476,0.54614,-0.19760,-0.80503,-0.12087,-0.07631,-0.37541,0.22678,
1413394968,-1.47156,-0.45903,0.60130,0.55598,-0.17254,-0.80591,-0.10783,-0.12469,-0.35635,0.31553,
1413394968,-1.47873,-0.49929,0.63496,0.58935,-0.14084,-0.78944,-0.09807,-0.11926,-0.36527,0.36974,
1413394968,-1.47698,-0.54382,0.66520,0.60507,-0.11089,-0.78413,-0.08209,-0.02686,-0.40278,0.25014,
1413394968,-1.47520,-0.58385,0.67844,0.58133,-0.09034,-0.80634,-0.06097,0.03898,-0.40248,0.07629,
1413394968,-1.47581,-0.62040,0.68019,0.55533,-0.07680,-0.82687,-0.04472,0.00372,-0.38256,0.01677,
1413394968,-1.48054,-0.65681,0.67862,0.55258,-0.06300,-0.83033,-0.03525,-0.05045,-0.37412,-0.06529,
1413394968,-1.49143,-0.69329,0.67122,0.55785,-0.04781,-0.82818,-0.02533,-0.11435,-0.35258,-0.10130,
1413394969,-1.50518,-0.72824,0.66283,0.55777,-0.03443,-0.82918,-0.01276,-0.16435,-0.34430,-0.10523,
1413394969,-1.52641,-0.76069,0.65505,0.54766,-0.02419,-0.83632,-0.00686,-0.23882,-0.31658,-0.08704,
1413394969,-1.55492,-0.79107,0.65002,0.54630,-0.00788,-0.83739,-0.01663,-0.31893,-0.30036,-0.03024,
1413394969,-1.59144,-0.82419,0.64815,0.55390,0.00085,-0.83227,-0.02274,-0.39914,-0.34314,-0.01219,
1413394969,-1.63497,-0.86149,0.64849,0.56593,0.00020,-0.82436,-0.01236,-0.44948,-0.39101,0.01458,
1413394969,-1.68054,-0.90195,0.65066,0.58127,0.00281,-0.81369,0.00383,-0.45884,-0.41395,0.01056,
1413394969,-1.76990,-0.98087,0.62916,0.59937,0.01847,-0.79976,0.02827,-0.41442,-0.37366,-0.28486,
1413394969,-1.83820,-1.04968,0.55450,0.62066,0.03140,-0.78275,0.03323,-0.25773,-0.31504,-0.44256,
1413394970,-1.86623,-1.11282,0.46247,0.59465,0.05528,-0.80208,-0.00142,-0.06805,-0.33929,-0.42779,
1413394970,-1.87837,-1.20760,0.39055,0.57168,0.06894,-0.81704,-0.02961,-0.04427,-0.57597,-0.31960,
1413394970,-1.90163,-1.34737,0.35563,0.55111,0.04252,-0.83334,-0.00301,-0.15885,-0.78303,-0.04419,
1413394970,-1.95077,-1.50576,0.38214,0.55829,0.02710,-0.82907,0.01481,-0.30820,-0.82113,0.16190,
1413394970,-2.01756,-1.66051,0.40731,0.61466,0.00292,-0.78721,0.04982,-0.28939,-0.74532,-0.00846,
1413394971,-2.05712,-1.78738,0.38695,0.62224,-0.02429,-0.77704,0.09185,-0.09163,-0.49377,-0.18515,
1413394971,-2.05750,-1.85285,0.35120,0.61840,-0.00319,-0.78392,0.05512,0.12180,-0.14484,-0.16815,
1413394971,-2.02160,-1.87792,0.34274,0.57527,0.02844,-0.81747,-0.00093,0.20627,-0.11965,0.11864,
1413394971,-1.98803,-1.91283,0.38018,0.53479,0.02173,-0.84470,-0.00415,0.10034,-0.22064,0.13391,
1413394971,-1.99827,-1.96382,0.39420,-0.49151,-0.01312,0.87077,0.00028,-0.23674,-0.28390,0.01289,
1413394972,-2.09637,-2.01848,0.41247,0.50545,-0.01220,-0.86232,0.02793,-0.69216,-0.25017,0.15374,
1413394972,-2.25591,-2.04633,0.44907,0.57331,-0.04014,-0.81748,0.03776,-0.85371,-0.03558,0.18494,
1413394972,-2.41697,-2.02748,0.47693,0.62271,-0.07806,-0.77839,0.01572,-0.71294,0.20947,0.06139,
1413394972,-2.52962,-1.96215,0.46883,0.63670,-0.13849,-0.75786,-0.03300,-0.39663,0.39676,-0.14450,
1413394972,-2.57698,-1.86191,0.42979,0.62454,-0.22053,-0.74357,-0.09176,-0.04956,0.54636,-0.27596,
1413394973,-2.55444,-1.73751,0.37692,0.56420,-0.30818,-0.74922,-0.15928,0.22497,0.67289,-0.22852,
1413394973,-2.50506,-1.59161,0.34694,0.51347,-0.36645,-0.73058,-0.26138,0.25464,0.72549,-0.07815,
1413394973,-2.47292,-1.48594,0.33615,-0.48673,0.41501,0.69958,0.31850,0.18807,0.66483,-0.06699,
1413394973,-2.45938,-1.42017,0.32885,-0.47077,0.45338,0.67466,0.34301,0.13331,0.62842,-0.08135,
1413394973,-2.44921,-1.35765,0.32207,-0.45490,0.49619,0.64774,0.35678,0.08966,0.59697,-0.09240,
1413394973,-2.43531,-1.29766,0.31229,-0.43815,0.53544,0.61917,0.37144,0.08180,0.59452,-0.08157,
1413394973,-2.40182,-1.24494,0.30545,-0.42218,0.57124,0.58731,0.38796,0.12182,0.59431,-0.05002,
1413394974,-2.39756,-1.18076,0.30302,-0.40286,0.60270,0.55533,0.40751,0.12851,0.60307,-0.03967,
1413394974,-2.36054,-1.13944,0.30421,-0.38121,0.63400,0.52193,0.42463,0.17439,0.59302,-0.00910,
1413394974,-2.33046,-1.08503,0.30409,-0.35684,0.65895,0.48840,0.44712,0.21053,0.58522,0.03570,
1413394974,-2.30771,-1.02712,0.30604,-0.33277,0.68074,0.45191,0.47077,0.22078,0.58162,0.03109,
1413394974,-2.28781,-0.97552,0.30974,-0.30992,0.70296,0.41297,0.48914,0.21822,0.54635,0.03932,
1413394974,-2.26707,-0.92271,0.31584,-0.28681,0.72393,0.37429,0.50356,0.22476,0.51886,0.06713,
1413394974,-2.24475,-0.87235,0.32345,-0.26387,0.74296,0.33416,0.51646,0.22537,0.48177,0.08957,
1413394974,-2.22182,-0.82259,0.33184,-0.24400,0.75897,0.29159,0.52858,0.24265,0.44549,0.09075,
1413394974,-2.19609,-0.77559,0.34137,-0.22253,0.77477,0.24945,0.53664,0.26016,0.39828,0.10418,
1413394974,-2.16683,-0.73673,0.35140,-0.20223,0.79043,0.20574,0.54037,0.30544,0.34529,0.14441,
1413394975,-2.13211,-0.70037,0.36303,-0.17935,0.80211,0.16448,0.54535,0.36682,0.27356,0.15230,
1413394975,-2.09437,-0.67559,0.37730,-0.15430,0.80691,0.12639,0.55597,0.40352,0.18344,0.17414,
1413394975,-2.05325,-0.66066,0.39251,-0.12589,0.80520,0.09323,0.57194,0.42321,0.10519,0.16053,
1413394975,-2.01221,-0.65407,0.40447,-0.09600,0.80814,0.06470,0.57750,0.41495,0.03232,0.13989,
1413394975,-1.97269,-0.65379,0.41096,-0.06385,0.81188,0.04188,0.57881,0.40478,-0.01467,0.03989,
1413394975,-1.93388,-0.65551,0.40492,-0.03540,0.81424,0.02070,0.57908,0.39194,-0.02529,-0.10938,
1413394975,-1.89794,-0.65944,0.38761,-0.01050,0.80812,0.00312,0.58891,0.34943,-0.02960,-0.21026,
1413394975,-1.86375,-0.66284,0.35925,0.00652,0.79995,-0.01528,0.59983,0.30769,-0.02466,-0.31609,
1413394975,-1.83551,-0.66537,0.32312,0.02005,0.79461,-0.03352,0.60586,0.24086,-0.01393,-0.37915,
1413394975,-1.78072,-0.66451,0.29482,0.03405,0.79643,-0.04684,0.60195,0.27016,-0.00375,-0.34767,
1413394976,-1.79065,-0.66246,0.24902,0.05037,0.80000,-0.06016,0.59485,0.13484,0.03131,-0.33558,
1413394976,-1.77713,-0.65658,0.21548,0.06165,0.80781,-0.06882,0.58216,0.11286,0.07532,-0.29610,
1413394976,-1.75556,-0.63870,0.17728,0.06893,0.81557,-0.07714,0.56933,0.14389,0.14084,-0.22092,
1413394976,-1.73560,-0.62365,0.16022,0.06946,0.81788,-0.07952,0.56562,0.19083,0.17344,-0.12766,
1413394976,-1.69178,-0.58327,0.14508,0.07207,0.79903,-0.07538,0.59218,0.20224,0.24002,-0.06087,
1413394976,-1.65816,-0.52893,0.13258,0.07328,0.79565,-0.07018,0.59720,0.11284,0.31669,-0.08021,
1413394976,-1.64341,-0.45661,0.12108,0.07513,0.78428,-0.06520,0.61238,0.00131,0.41722,-0.04141,
1413394977,-1.65337,-0.38770,0.11653,0.07200,0.76788,-0.06553,0.63315,-0.16056,0.49740,-0.02274,
1413394977,-1.69475,-0.30775,0.11360,0.05012,0.76954,-0.07956,0.63164,-0.39625,0.54106,-0.05704,
1413394977,-1.73739,-0.25353,0.11126,0.03262,0.78971,-0.09318,0.60548,-0.49112,0.52791,-0.03716,
1413394977,-1.78596,-0.20325,0.10934,0.01547,0.82058,-0.10927,0.56077,-0.51971,0.43428,-0.00502,
1413394977,-1.85181,-0.15004,0.11690,-0.00077,0.85586,-0.13415,0.49951,-0.35167,0.22184,0.08595,
1413394977,-1.87749,-0.13648,0.13089,-0.00641,0.87120,-0.14916,0.46767,-0.12695,0.00700,0.18136,
1413394977,-1.84946,-0.17587,0.18732,0.04268,0.88272,-0.12454,0.45108,0.41478,-0.34836,0.37238,
1413394978,-1.69764,-0.26361,0.27435,0.07355,0.88112,-0.10495,0.45520,1.00599,-0.44347,0.47359,
1413394978,-1.42058,-0.36248,0.37782,0.08180,0.87111,-0.10014,0.47376,1.58488,-0.47252,0.56085,
1413394978,-1.06537,-0.45661,0.49133,0.09578,0.83468,-0.09011,0.53480,1.88404,-0.40522,0.55774,
1413394978,-0.77431,-0.51166,0.56722,0.10625,0.81451,-0.08298,0.56427,1.93608,-0.30103,0.46740,
1413394978,-0.57807,-0.53819,0.60569,0.10999,0.80968,-0.08045,0.57084,1.93663,-0.21668,0.33599,
1413394978,-0.38142,-0.55809,0.62983,0.11140,0.80881,-0.07900,0.57199,1.92504,-0.12823,0.21008,
1413394978,-0.18778,-0.57034,0.64798,0.10920,0.80863,-0.07843,0.57274,1.90580,-0.03287,0.07895,
1413394979,0.00590,-0.57358,0.65810,0.10186,0.80897,-0.08088,0.57327,1.91147,0.05498,0.05267,
1413394979,0.19927,-0.56848,0.66933,0.08956,0.80885,-0.08695,0.57462,1.89154,0.12278,0.06250,
1413394979,0.39150,-0.55803,0.68511,0.07347,0.80783,-0.09620,0.57685,1.86674,0.15731,0.11460,
1413394979,0.58367,-0.54425,0.70348,0.06287,0.80640,-0.10355,0.57883,1.84682,0.15683,0.16177,
1413394979,0.77314,-0.53108,0.72181,0.05825,0.80371,-0.10839,0.58215,1.81576,0.14234,0.13895,
1413394979,0.95384,-0.51774,0.73304,0.05876,0.79389,-0.11173,0.59482,1.76559,0.12277,0.05005,
1413394979,1.12390,-0.50568,0.73318,0.05786,0.77898,-0.11552,0.61360,1.66564,0.11796,-0.05220,
1413394979,1.29336,-0.49383,0.72678,0.05129,0.76089,-0.12178,0.63529,1.53555,0.10794,-0.12934,
1413394979,1.43936,-0.48413,0.71659,0.04101,0.74279,-0.12821,0.65586,1.35148,0.07158,-0.12579,
1413394979,1.55988,-0.48009,0.70922,0.03122,0.72207,-0.13091,0.67860,1.05659,0.01352,-0.04986,
1413394980,1.64287,-0.48102,0.71406,0.02895,0.70092,-0.12727,0.70120,0.68420,-0.03598,0.07797,
1413394980,1.68372,-0.48684,0.72955,0.03411,0.68939,-0.11832,0.71385,0.33801,-0.09187,0.21088,
1413394980,1.68195,-0.49226,0.75439,0.04720,0.69999,-0.10590,0.70468,-0.13172,-0.09311,0.29420,
1413394980,1.63008,-0.49946,0.78581,0.07472,0.73947,-0.09040,0.66289,-0.48023,-0.06720,0.37259,
1413394980,1.56364,-0.50101,0.82294,0.10018,0.77596,-0.07989,0.61764,-0.64035,0.00924,0.41202,
1413394980,1.48683,-0.49255,0.85729,0.11217,0.79386,-0.07848,0.59249,-0.70550,0.12306,0.36696,
1413394980,1.40596,-0.47338,0.88151,0.11789,0.79260,-0.07946,0.59294,-0.72792,0.22891,0.28033,
1413394980,1.32613,-0.43915,0.89442,0.11686,0.78361,-0.08367,0.60440,-0.77092,0.34527,0.15827,
1413394980,1.24645,-0.39379,0.89839,0.11139,0.77639,-0.09018,0.61374,-0.81226,0.45348,0.03917,
1413394980,1.15891,-0.34119,0.89485,0.10730,0.77993,-0.09539,0.60918,-0.87320,0.54879,-0.02044,
1413394981,1.06298,-0.28218,0.89126,0.09388,0.78949,-0.10618,0.59717,-0.93434,0.62107,-0.00302,
1413394981,0.96719,-0.21821,0.89267,0.08187,0.79759,-0.11610,0.58624,-0.94994,0.64302,0.04789,
1413394981,0.87226,-0.15208,0.90022,0.07551,0.80166,-0.12101,0.58051,-0.93711,0.64281,0.08936,
1413394981,0.77913,-0.08899,0.91138,0.07103,0.80387,-0.12361,0.57747,-0.92568,0.62043,0.12253,
1413394981,0.68666,-0.02262,0.92063,0.06939,0.80492,-0.12437,0.57604,-0.89833,0.59317,0.06864,
1413394981,0.59769,0.03533,0.92157,0.06400,0.80596,-0.12749,0.57452,-0.85663,0.56093,-0.02280,
1413394981,0.50899,0.08818,0.91327,0.05677,0.80651,-0.13208,0.57348,-0.84465,0.51368,-0.12269,
1413394981,0.42254,0.13188,0.89356,0.05088,0.80775,-0.13604,0.57135,-0.82534,0.43945,-0.22593,
1413394981,0.33685,0.16732,0.86658,0.05343,0.80863,-0.13551,0.57000,-0.80969,0.35421,-0.23750,
1413394981,0.25914,0.19363,0.84139,0.06690,0.81017,-0.12932,0.56783,-0.77707,0.28797,-0.21243,
1413394982,0.18397,0.21781,0.81956,0.07653,0.81062,-0.12696,0.56649,-0.73589,0.26338,-0.18481,
1413394982,0.11107,0.24214,0.79922,0.07873,0.81437,-0.13025,0.56003,-0.69972,0.23877,-0.19533,
1413394982,0.04503,0.26232,0.77913,0.08139,0.81818,-0.13817,0.55214,-0.64719,0.20661,-0.19889,
1413394982,-0.01117,0.27750,0.76093,0.08076,0.81904,-0.15396,0.54676,-0.58565,0.16226,-0.18451,
1413394982,-0.06188,0.28579,0.74653,0.08150,0.81635,-0.17262,0.54509,-0.50830,0.08399,-0.14608,
1413394982,-0.10212,0.28604,0.73690,0.08348,0.81078,-0.19571,0.54531,-0.44265,-0.00797,-0.11168,
1413394982,-0.13661,0.27671,0.73088,0.08670,0.80011,-0.22221,0.55040,-0.39042,-0.11489,-0.07517,
1413394982,-0.16638,0.25654,0.72863,0.09082,0.78750,-0.25189,0.55511,-0.37218,-0.25220,-0.03438,
1413394982,-0.20157,0.22478,0.72703,0.10110,0.77639,-0.28031,0.55536,-0.38914,-0.39537,-0.00772,
1413394982,-0.24438,0.17962,0.72897,0.11636,0.76406,-0.30830,0.55465,-0.43864,-0.53813,0.05895,
1413394983,-0.29375,0.11992,0.73728,0.13307,0.75180,-0.33627,0.55138,-0.51747,-0.67045,0.10725,
1413394983,-0.34928,0.04629,0.75046,0.15099,0.73803,-0.36320,0.54827,-0.59633,-0.80440,0.14603,
1413394983,-0.41319,-0.04062,0.76708,0.17176,0.72596,-0.38599,0.54267,-0.67753,-0.93027,0.18003,
1413394983,-0.48497,-0.13949,0.78535,0.19617,0.71388,-0.40600,0.53577,-0.75444,-1.03299,0.18417,
1413394983,-0.60551,-0.30448,0.81468,0.23307,0.69882,-0.42923,0.52258,-0.84676,-1.14864,0.20791,
1413394983,-0.77964,-0.54243,0.85801,0.27137,0.68959,-0.43797,0.50893,-0.87791,-1.22207,0.23524,
1413394983,-0.96067,-0.78576,0.90425,0.29091,0.68915,-0.43260,0.50328,-0.89496,-1.22233,0.23378,
1413394984,-1.13171,-1.02511,0.94471,0.31415,0.70384,-0.40968,0.48794,-0.81275,-1.14839,0.12097,
1413394984,-1.28878,-1.23747,0.93996,0.32729,0.71029,-0.39223,0.48428,-0.67945,-1.02581,-0.12804,
1413394984,-1.40385,-1.43649,0.89300,0.32576,0.71126,-0.38945,0.48613,-0.49603,-0.89922,-0.33531,
1413394984,-1.47325,-1.60592,0.82260,0.31581,0.71865,-0.37765,0.49112,-0.29603,-0.75726,-0.33241,
1413394984,-1.51198,-1.75464,0.76064,0.30153,0.73184,-0.37043,0.48607,-0.12017,-0.64921,-0.28789,
1413394985,-1.50976,-1.87497,0.71494,0.28539,0.74699,-0.35620,0.48340,0.10063,-0.55617,-0.22140,
1413394985,-1.46172,-1.98134,0.68198,0.26236,0.76428,-0.32687,0.49010,0.34773,-0.51050,-0.14982,
1413394985,-1.37518,-2.08502,0.65902,0.23139,0.77533,-0.29054,0.51080,0.53242,-0.47317,-0.07219,
1413394985,-1.25543,-2.18088,0.65205,0.21362,0.78553,-0.25660,0.52103,0.67233,-0.40901,0.02197,
1413394985,-1.10815,-2.24914,0.68530,0.17385,0.78685,-0.26450,0.52980,0.78667,-0.34163,0.27030,
1413394986,-0.94393,-2.33731,0.77513,0.14806,0.78479,-0.27356,0.53605,0.83364,-0.52658,0.58352,
1413394986,-0.77297,-2.45357,0.87772,0.18611,0.79233,-0.24226,0.52810,0.87759,-0.56271,0.39544,
1413394986,-0.58505,-2.55717,0.92644,0.20143,0.79349,-0.23260,0.52507,0.98278,-0.47885,0.14025,
1413394986,-0.37300,-2.64221,0.95243,0.19043,0.78811,-0.24586,0.53120,1.10604,-0.37665,0.15338,
1413394986,-0.14383,-2.72531,0.99421,0.15872,0.77980,-0.27263,0.54074,1.13900,-0.42036,0.26416,
1413394987,0.08381,-2.81684,1.05910,0.17556,0.78228,-0.26342,0.53649,1.14449,-0.48672,0.35046,
1413394987,0.32350,-2.91460,1.12437,0.20641,0.78835,-0.24134,0.52693,1.23828,-0.43908,0.33168,
1413394987,0.57720,-2.99200,1.18623,0.19299,0.77640,-0.25403,0.54353,1.28165,-0.32502,0.21475,
1413394987,0.83167,-3.06007,1.20629,0.16681,0.76568,-0.27524,0.55691,1.22918,-0.32695,-0.02275,
1413394987,1.07881,-3.13983,1.20592,0.20171,0.76326,-0.25287,0.55929,1.15144,-0.31799,-0.06184,
1413394988,1.32686,-3.19903,1.20743,0.23245,0.75937,-0.23131,0.56197,1.15644,-0.12078,0.01719,
1413394988,1.55807,-3.19653,1.22487,0.24133,0.74653,-0.22467,0.57791,1.11787,0.18561,0.10430,
1413394988,1.78838,-3.13150,1.26370,0.24593,0.73672,-0.22370,0.58883,1.02681,0.52502,0.20765,
1413394988,1.98366,-2.99708,1.31397,0.22559,0.72756,-0.24008,0.60177,0.86047,0.83093,0.23729,
1413394988,2.13763,-2.81949,1.36064,0.18681,0.71640,-0.29223,0.60537,0.57821,0.94244,0.13536,
1413394989,2.22101,-2.64212,1.37438,0.19183,0.69865,-0.36227,0.58639,0.22364,0.87036,0.01727,
1413394989,2.22172,-2.46940,1.36953,0.25160,0.68314,-0.40478,0.55332,-0.04400,0.83432,-0.10647,
1413394989,2.18652,-2.29705,1.34217,0.30066,0.67189,-0.41600,0.53396,-0.18997,0.91200,-0.17652,
1413394989,2.13094,-2.10341,1.31184,0.31714,0.67902,-0.42018,0.51167,-0.22298,0.99810,-0.13556,
1413394989,2.08044,-1.89198,1.29555,0.30462,0.68238,-0.42776,0.50852,-0.22730,1.06563,-0.09490,
1413394990,2.02026,-1.67449,1.27196,0.28711,0.68408,-0.43271,0.51221,-0.26479,1.06994,-0.21669,
1413394990,1.95825,-1.46244,1.21051,0.25314,0.69665,-0.42396,0.52044,-0.29735,1.01529,-0.41449,
1413394990,1.88911,-1.27376,1.11763,0.20352,0.73502,-0.37761,0.52511,-0.35010,0.85253,-0.50046,
1413394990,1.83586,-1.15331,1.03300,0.18345,0.76798,-0.30830,0.53058,-0.34263,0.76612,-0.62892,
1413394990,1.80056,-1.08118,0.96747,0.16726,0.78714,-0.25926,0.53406,-0.29343,0.71295,-0.64756,
1413394990,1.76105,-0.97166,0.87146,0.14089,0.80929,-0.19043,0.53753,-0.23013,0.68871,-0.63505,
1413394991,1.72070,-0.89950,0.81160,0.12079,0.81775,-0.16004,0.53951,-0.18574,0.68019,-0.60223,
1413394991,1.69890,-0.83914,0.75470,0.10190,0.82251,-0.14417,0.54066,-0.13123,0.65036,-0.56548,
1413394991,1.68245,-0.76561,0.70173,0.09142,0.82535,-0.13447,0.54070,-0.04308,0.62337,-0.52018,
1413394991,1.67364,-0.69708,0.65430,0.08601,0.82574,-0.13070,0.54192,0.05359,0.59728,-0.47508,
1413394991,1.67587,-0.63477,0.61492,0.08542,0.82562,-0.13045,0.54225,0.12389,0.57470,-0.41780,
1413394991,1.68616,-0.57424,0.57723,0.08747,0.82447,-0.13275,0.54312,0.20300,0.55268,-0.36854,
1413394991,1.70302,-0.51377,0.54225,0.08842,0.82272,-0.13808,0.54428,0.26595,0.53911,-0.32693,
1413394991,1.73401,-0.46302,0.51350,0.08702,0.81896,-0.14640,0.54800,0.33485,0.50450,-0.29348,
1413394991,1.76970,-0.41716,0.48797,0.08858,0.81611,-0.15999,0.54819,0.38470,0.45772,-0.26138,
1413394991,1.81036,-0.37861,0.46533,0.09583,0.81236,-0.17868,0.54677,0.43633,0.39144,-0.22287,
1413394992,1.85487,-0.34441,0.44443,0.10807,0.80639,-0.20085,0.54564,0.44503,0.32964,-0.20325,
1413394992,1.90087,-0.31606,0.42788,0.12475,0.79905,-0.22380,0.54394,0.48210,0.26324,-0.16925,
1413394992,1.95158,-0.29200,0.41424,0.14772,0.78837,-0.24205,0.54595,0.50701,0.20561,-0.12953,
1413394992,2.00381,-0.27203,0.40365,0.16740,0.77318,-0.25653,0.55530,0.52227,0.18869,-0.11796,
1413394992,2.05516,-0.25484,0.39327,0.17697,0.75909,-0.26905,0.56575,0.50875,0.18816,-0.10208,
1413394992,2.10205,-0.23784,0.38312,0.18111,0.74943,-0.28172,0.57113,0.45043,0.18239,-0.11315,
1413394992,2.14305,-0.22344,0.37201,0.17873,0.74429,-0.29988,0.56935,0.37600,0.15769,-0.10168,
1413394992,2.17511,-0.21013,0.36304,0.17586,0.74206,-0.32121,0.56147,0.29266,0.11402,-0.08878,
1413394992,2.19774,-0.20252,0.35865,0.18232,0.73955,-0.33872,0.55235,0.20733,0.04278,-0.03082,
1413394992,2.21367,-0.20234,0.35852,0.20137,0.73603,-0.35056,0.54297,0.14565,-0.02062,0.01146,
1413394993,2.22481,-0.20707,0.36177,0.23017,0.73526,-0.35460,0.52979,0.11311,-0.05786,0.04306,
1413394993,2.23900,-0.21167,0.36491,0.25608,0.73390,-0.35446,0.51978,0.13409,-0.04803,0.05987,
1413394993,2.25293,-0.21641,0.36947,0.26370,0.72650,-0.36014,0.52246,0.15277,-0.03150,0.05053,
1413394993,2.26865,-0.21945,0.37293,0.26005,0.71709,-0.37389,0.52761,0.14387,-0.01553,0.04441,
1413394993,2.28217,-0.22140,0.37769,0.25535,0.70936,-0.38961,0.52898,0.11920,-0.01488,0.03316,
1413394993,2.29255,-0.22368,0.37818,0.25425,0.70571,-0.39955,0.52697,0.08608,-0.02589,-0.04575,
1413394993,2.29947,-0.22807,0.36751,0.26016,0.70600,-0.40139,0.52227,0.05539,-0.04691,-0.15671,
1413394993,2.30306,-0.23358,0.34563,0.26717,0.70886,-0.39946,0.51631,0.04105,-0.05086,-0.24821,
1413394993,2.30618,-0.23989,0.31423,0.27723,0.71242,-0.39363,0.51055,0.03654,-0.05188,-0.32099,
1413394993,2.30933,-0.24472,0.28103,0.28548,0.71627,-0.38680,0.50581,0.05199,-0.03441,-0.32488,
1413394994,2.31570,-0.24828,0.24876,0.29078,0.71895,-0.38148,0.50302,0.09222,-0.00857,-0.30291,
1413394994,2.32552,-0.24935,0.21845,0.29126,0.71967,-0.37913,0.50349,0.12478,0.01880,-0.29424,
1413394994,2.33919,-0.24821,0.18831,0.28814,0.71675,-0.38476,0.50518,0.14632,0.03383,-0.31245,
1413394994,2.35453,-0.24599,0.15282,0.28493,0.70843,-0.39998,0.50691,0.14421,0.04030,-0.38658,
1413394994,2.36814,-0.24383,0.10958,0.28549,0.69613,-0.42220,0.50562,0.13005,0.03034,-0.46941,
1413394994,2.37898,-0.24296,0.06212,0.28898,0.67988,-0.44856,0.50303,0.08901,0.01217,-0.47035,
1413394994,2.38523,-0.24285,0.01768,0.29923,0.66297,-0.47377,0.49646,0.02423,0.01712,-0.40801,
1413394994,2.38315,-0.24351,-0.01313,0.31712,0.64501,-0.49568,0.48754,-0.05192,-0.02103,-0.27037,
1413394994,2.36292,-0.24519,-0.04748,0.36653,0.61882,-0.52871,0.45075,-0.12241,0.00904,-0.09493,
1413394995,2.34646,-0.24788,-0.04042,0.40504,0.60438,-0.54326,0.41898,-0.02933,0.01491,0.08107,
1413394995,2.35894,-0.25926,0.00901,0.42174,0.59391,-0.54748,0.41192,0.14427,0.01432,0.23934,
1413394995,2.40066,-0.25517,0.03946,0.41876,0.58550,-0.55099,0.42219,0.24662,0.07068,0.00929,
1413394995,2.45312,-0.23760,-0.00351,0.39012,0.57678,-0.56650,0.44069,0.25853,0.13067,-0.38473,
1413394995,2.49330,-0.21422,-0.08837,0.36715,0.59394,-0.57883,0.42118,0.16131,0.07774,-0.41617,
1413394996,2.52051,-0.21435,-0.17102,0.36861,0.60171,-0.57750,0.41056,0.12789,-0.08400,-0.38830,
1413394996,2.54182,-0.24326,-0.23630,0.38443,0.58988,-0.56657,0.42809,0.11511,-0.15917,-0.25404,
1413394996,2.56272,-0.27455,-0.30125,0.39599,0.58479,-0.56194,0.43063,0.08886,-0.07688,-0.33699,
1413394996,2.53469,-0.23693,-0.30051,0.38287,0.58249,-0.56707,0.43881,0.02610,0.01470,-0.22854,
1413394996,2.53294,-0.24125,-0.30657,0.40165,0.58510,-0.55087,0.43918,0.01763,-0.04010,-0.05897,
1413394997,2.54246,-0.23414,-0.30733,0.40442,0.58589,-0.54903,0.43789,0.01872,-0.01349,-0.00020,
1413394997,2.54346,-0.23203,-0.30892,0.40357,0.58623,-0.54963,0.43746,0.00673,-0.00477,-0.00036,
1413394997,2.54437,-0.22887,-0.30911,0.40335,0.58595,-0.54996,0.43762,0.00116,-0.00339,-0.00237,
1413394997,2.54403,-0.22951,-0.30878,0.40281,0.58607,-0.55006,0.43784,0.00044,0.00060,0.00026,
1413394997,2.54404,-0.22947,-0.30885,0.40279,0.58596,-0.54999,0.43809,0.00060,0.00024,0.00054,
1413394998,2.54415,-0.22940,-0.30891,0.40278,0.58595,-0.54998,0.43812,0.00227,0.00082,0.00027,
1413394998,2.54424,-0.22930,-0.30906,0.40276,0.58587,-0.55005,0.43817,0.00063,0.00111,0.00076,
1413394998,2.54427,-0.22926,-0.30918,0.40265,0.58582,-0.55012,0.43825,0.00105,-0.00353,0.00157,
1413394998,2.54428,-0.22937,-0.30957,0.40273,0.58566,-0.54994,0.43862,0.00264,-0.00113,-0.00298,
