1413393890655760640,0.14867,0.11890,0.30488,0.08576,0.77312,-0.06316,0.62525,
1413393890755760384,0.16197,0.14093,0.30516,0.08544,0.78173,-0.06035,0.61478,
1413393890855760640,0.17127,0.16419,0.30894,0.08729,0.79028,-0.06037,0.60348,
1413393891055760384,0.18561,0.21386,0.32908,0.09196,0.79728,-0.06038,0.59349,
1413393891255760384,0.20278,0.26896,0.35914,0.09285,0.79565,-0.06280,0.59529,
1413393891355760640,0.21171,0.29654,0.36145,0.09631,0.77721,-0.06101,0.61883,
1413393891455760384,0.21554,0.32543,0.35337,0.09930,0.73841,-0.05845,0.66444,
1413393891555760384,0.20278,0.35844,0.33919,0.10333,0.71298,-0.05790,0.69111,
1413393891755760384,0.09899,0.44381,0.31655,0.11128,0.71207,-0.05720,0.69087,
1413393891855760640,0.00124,0.49392,0.31773,0.10427,0.72241,-0.05128,0.68163,
1413393891955760384,-0.13908,0.53321,0.32939,0.07771,0.75136,-0.03634,0.65430,
1413393892055760384,-0.28324,0.57653,0.33972,0.06827,0.78273,-0.03453,0.61763,
1413393892155760640,-0.43109,0.62163,0.35549,0.06547,0.80273,-0.03418,0.59175,
1413393892255760384,-0.57651,0.66923,0.37234,0.06674,0.81172,-0.03389,0.57923,
1413393892355760640,-0.71778,0.71476,0.38151,0.06641,0.81626,-0.03442,0.57282,
1413393892455760384,-0.85093,0.76582,0.37924,0.06799,0.82006,-0.03688,0.56702,
1413393892555760384,-0.97787,0.81413,0.36627,0.06943,0.82238,-0.03872,0.56335,
1413393892655760640,-1.10614,0.84828,0.34772,0.06679,0.82979,-0.03473,0.55297,
1413393892755760384,-1.21967,0.90271,0.32426,0.06968,0.84308,-0.03890,0.53183,
1413393892855760640,-1.31901,0.96235,0.30270,0.07377,0.85706,-0.04348,0.50806,
1413393892955760384,-1.39950,1.02289,0.28924,0.07585,0.86885,-0.04731,0.48694,
1413393893055760384,-1.45415,1.07739,0.28053,0.07779,0.87522,-0.04800,0.47502,
1413393893155760640,-1.48112,1.13003,0.27748,0.07825,0.87454,-0.04895,0.47609,
1413393893255760384,-1.48244,1.18035,0.27856,0.08049,0.86795,-0.04839,0.48769,
1413393893355760640,-1.46034,1.22778,0.28388,0.07549,0.86263,-0.05539,0.49709,
1413393893455760384,-1.41938,1.26995,0.29398,0.06741,0.85839,-0.06343,0.50457,
1413393893555760384,-1.36401,1.30533,0.30626,0.05724,0.85697,-0.06674,0.50782,
1413393893655760640,-1.29524,1.33579,0.31970,0.04594,0.85607,-0.06875,0.51020,
1413393893755760384,-1.21028,1.35953,0.33365,0.03821,0.85356,-0.07281,0.51447,
1413393893855760640,-1.11142,1.37397,0.35153,0.03730,0.84679,-0.07283,0.52559,
1413393893955760384,-1.00205,1.37916,0.37145,0.04094,0.83522,-0.06851,0.54410,
1413393894055760384,-0.88692,1.37768,0.39161,0.04247,0.82751,-0.06504,0.55606,
1413393894155760640,-0.76827,1.36925,0.41286,0.04085,0.82433,-0.06409,0.56098,
1413393894255760384,-0.64654,1.35527,0.43443,0.03894,0.82348,-0.06487,0.56228,
1413393894355760640,-0.52369,1.33551,0.45199,0.03602,0.82283,-0.06577,0.56332,
1413393894455760384,-0.39966,1.30760,0.45206,0.03936,0.82249,-0.06331,0.56387,
1413393894555760384,-0.27389,1.27629,0.43775,0.04303,0.82068,-0.05922,0.56668,
1413393894655760640,-0.14718,1.23735,0.41487,0.04842,0.81889,-0.05577,0.56918,
1413393894755760384,-0.01943,1.19720,0.39292,0.05068,0.81725,-0.05266,0.57163,
1413393894855760640,0.10659,1.15167,0.37348,0.05106,0.81606,-0.05219,0.57334,
1413393894955760384,0.23233,1.10839,0.35932,0.05246,0.81137,-0.04899,0.58012,
1413393895055760384,0.35573,1.06559,0.34964,0.05253,0.80454,-0.04557,0.58982,
1413393895155760640,0.47463,1.02148,0.34206,0.05405,0.80434,-0.04256,0.59017,
1413393895255760384,0.58836,0.97692,0.33715,0.05392,0.80744,-0.04129,0.58602,
1413393895355760640,0.69908,0.93175,0.33022,0.05453,0.80563,-0.03994,0.58855,
1413393895455760384,0.80549,0.88323,0.31523,0.05654,0.80307,-0.03990,0.59186,
1413393895555760384,0.90703,0.83313,0.29375,0.06077,0.80196,-0.04553,0.59253,
1413393895655760640,1.00404,0.78444,0.27473,0.06744,0.80140,-0.05536,0.59173,
1413393895755760384,1.09522,0.73606,0.26095,0.08014,0.79652,-0.06689,0.59553,
1413393895855760640,1.18218,0.68880,0.25085,0.09465,0.79101,-0.08461,0.59848,
1413393895955760384,1.26108,0.64854,0.24305,0.11104,0.78692,-0.10759,0.59737,
1413393896055760384,1.33096,0.61340,0.23679,0.13287,0.78389,-0.13303,0.59175,
1413393896155760640,1.39727,0.58418,0.23235,0.15521,0.77685,-0.16117,0.58859,
1413393896255760384,1.46453,0.57018,0.23075,0.17528,0.76551,-0.18500,0.59081,
1413393896355760640,1.52913,0.56962,0.23048,0.19062,0.75387,-0.20604,0.59405,
1413393896455760384,1.58121,0.57258,0.23650,0.19745,0.73961,-0.23953,0.59718,
1413393896555760384,1.62108,0.58004,0.24616,0.19618,0.73099,-0.27935,0.59087,
1413393896655760640,1.65139,0.58586,0.25755,0.19548,0.72611,-0.31741,0.57775,
1413393896755760384,1.67008,0.58535,0.27326,0.19741,0.71763,-0.35841,0.56354,
1413393896855760640,1.67587,0.57657,0.28969,0.19981,0.70715,-0.39880,0.54861,
1413393896955760384,1.66722,0.55661,0.30551,0.20587,0.70087,-0.43814,0.52387,
1413393897055760384,1.64820,0.52493,0.31759,0.22319,0.70988,-0.46250,0.48203,
1413393897155760640,1.63194,0.47695,0.32376,0.25508,0.72308,-0.46336,0.44428,
1413393897255760384,1.62020,0.41550,0.32834,0.29916,0.72784,-0.44564,0.42679,
1413393897355760640,1.61800,0.34775,0.33269,0.34199,0.72155,-0.42146,0.42987,
1413393897455760384,1.63175,0.27761,0.33565,0.35216,0.70879,-0.41695,0.44694,
1413393897555760384,1.66211,0.21034,0.33802,0.34649,0.69826,-0.42046,0.46432,
1413393897655760640,1.70244,0.14602,0.33998,0.33654,0.69531,-0.42578,0.47116,
1413393897755760384,1.74790,0.08393,0.34430,0.33091,0.69651,-0.42738,0.47193,
1413393897855760640,1.79908,0.02474,0.35295,0.33249,0.69820,-0.42533,0.47017,
1413393897955760384,1.85630,-0.03432,0.36328,0.34131,0.69743,-0.42662,0.46379,
1413393898055760384,1.91920,-0.09068,0.37788,0.36055,0.69169,-0.43061,0.45404,
1413393898155760640,1.99220,-0.14301,0.39921,0.38749,0.67133,-0.43566,0.45757,
1413393898255760384,2.07475,-0.18449,0.42401,0.41135,0.63668,-0.44525,0.47663,
1413393898355760640,2.15967,-0.20859,0.44929,0.42429,0.59956,-0.45438,0.50402,
1413393898455760384,2.24765,-0.21386,0.47489,0.42922,0.56164,-0.46027,0.53711,
1413393898555760384,2.32862,-0.19382,0.48998,0.41127,0.54455,-0.47852,0.55257,
1413393898655760640,2.39928,-0.15249,0.48950,0.37374,0.56279,-0.51284,0.52970,
1413393898755760384,2.45524,-0.09636,0.47969,0.33362,0.59136,-0.54732,0.48932,
1413393898855760640,2.49772,-0.03906,0.46622,0.29490,0.62179,-0.57858,0.43779,
1413393898955760384,2.52568,0.00224,0.46103,0.27070,0.64312,-0.59872,0.39326,
1413393899055760384,2.54449,0.01324,0.46913,0.27176,0.66147,-0.60089,0.35712,
1413393899155760640,2.55920,-0.01569,0.49553,0.31429,0.66469,-0.57549,0.35809,
1413393899255760384,2.58038,-0.06964,0.53406,0.37738,0.63789,-0.53477,0.40584,
1413393899355760640,2.60485,-0.12204,0.58013,0.42848,0.59407,-0.49276,0.46976,
1413393899455760384,2.63611,-0.16472,0.62006,0.45628,0.55463,-0.46426,0.51832,
1413393899555760384,2.65915,-0.17022,0.66266,0.46390,0.51892,-0.44403,0.56423,
1413393899655760640,2.67987,-0.14250,0.69522,0.45017,0.50331,-0.44335,0.58947,
1413393899755760384,2.68904,-0.07618,0.71454,0.40928,0.52434,-0.47044,0.57987,
1413393899855760640,2.68077,0.01675,0.72585,0.35289,0.56168,-0.51217,0.54559,
1413393899955760384,2.65571,0.12038,0.72728,0.28948,0.60343,-0.55782,0.49083,
1413393900055760384,2.61132,0.21533,0.72590,0.24659,0.63077,-0.59058,0.43880,
1413393900155760640,2.55013,0.29186,0.72539,0.23652,0.64766,-0.60403,0.39969,
1413393900255760384,2.47757,0.33485,0.72378,0.25071,0.66365,-0.60090,0.36828,
1413393900355760640,2.40704,0.35995,0.71773,0.29139,0.67081,-0.58489,0.35071,
1413393900455760384,2.33671,0.34481,0.71047,0.34180,0.66360,-0.55639,0.36502,
1413393900555760384,2.27398,0.31685,0.70188,0.39035,0.64091,-0.52591,0.40035,
1413393900655760640,2.22334,0.28121,0.68247,0.43486,0.60410,-0.49467,0.44862,
1413393900755760384,2.17516,0.26216,0.65536,0.46084,0.56877,-0.47071,0.49251,
1413393900855760640,2.13777,0.25443,0.61655,0.45972,0.54846,-0.46807,0.51842,
1413393900955760384,2.09550,0.27910,0.57923,0.43079,0.55294,-0.48954,0.51868,
1413393901055760384,2.05040,0.33108,0.54430,0.38753,0.57023,-0.52251,0.50163,
1413393901155760640,1.99550,0.39184,0.51014,0.35274,0.60258,-0.54990,0.45834,
1413393901255760384,1.93614,0.45325,0.48504,0.33508,0.63527,-0.56311,0.40874,
1413393901355760640,1.87776,0.49801,0.46698,0.32700,0.65508,-0.56894,0.37449,
1413393901455760384,1.82357,0.52477,0.45570,0.32132,0.66569,-0.57329,0.35348,
1413393901555760384,1.77760,0.52670,0.44676,0.32272,0.67355,-0.57212,0.33892,
1413393901655760640,1.73648,0.50104,0.44501,0.34009,0.67648,-0.55929,0.33749,
1413393901755760384,1.71062,0.44808,0.45283,0.37472,0.66747,-0.53312,0.36034,
1413393901855760640,1.70133,0.38356,0.46437,0.39850,0.64774,-0.51725,0.39254,
1413393901955760384,1.69993,0.31510,0.47091,0.39970,0.63624,-0.51788,0.40896,
1413393902055760384,1.70241,0.24602,0.47676,0.39566,0.63292,-0.52122,0.41375,
1413393902255760384,1.74628,0.10200,0.49480,0.39718,0.63227,-0.52170,0.41268,
1413393902355760640,1.78015,0.03106,0.50218,0.39849,0.63240,-0.52110,0.41198,
1413393902455760384,1.82072,-0.04070,0.50299,0.40256,0.63018,-0.51828,0.41498,
1413393902555760384,1.86850,-0.11187,0.50120,0.40562,0.62761,-0.51611,0.41857,
1413393902755760384,1.99272,-0.25022,0.52557,0.40204,0.62822,-0.51962,0.41677,
1413393902855760640,2.06764,-0.31799,0.55524,0.38634,0.62529,-0.53191,0.42050,
1413393902955760384,2.14799,-0.38886,0.58574,0.36007,0.62280,-0.55155,0.42221,
1413393903055760384,2.22246,-0.46163,0.61785,0.34107,0.61894,-0.56548,0.42522,
1413393903155760640,2.29270,-0.54740,0.65273,0.34629,0.61609,-0.56270,0.42881,
1413393903255760384,2.35788,-0.64004,0.68654,0.36127,0.61311,-0.55460,0.43127,
1413393903355760640,2.42019,-0.73773,0.71606,0.37716,0.60682,-0.55354,0.42792,
1413393903455760384,2.47706,-0.83307,0.73384,0.39116,0.59113,-0.56524,0.42196,
1413393903555760384,2.52980,-0.92491,0.73077,-0.40283,-0.56691,0.58467,-0.41774,
1413393903655760640,2.57981,-1.01538,0.71911,-0.41772,-0.53539,0.60046,-0.42226,
1413393903755760384,2.62361,-1.10145,0.70719,-0.42903,-0.50716,0.61591,-0.42353,
1413393903855760640,2.66152,-1.18384,0.69789,-0.42962,-0.48669,0.63347,-0.42105,
1413393903955760384,2.69023,-1.25868,0.69253,-0.42488,-0.47048,0.64918,-0.42035,
1413393904155760640,2.70808,-1.38833,0.68588,-0.42888,-0.46285,0.65976,-0.40811,
1413393904255760384,2.70193,-1.44372,0.67452,-0.43336,-0.46936,0.66017,-0.39508,
1413393904355760640,2.68514,-1.49098,0.67619,-0.43954,-0.47228,0.65781,-0.38864,
1413393904455760384,2.65789,-1.53370,0.69332,-0.44383,-0.47020,0.65889,-0.38444,
1413393904555760384,2.61853,-1.57437,0.72790,-0.45242,-0.46551,0.66172,-0.37516,
1413393904655760640,2.57073,-1.60923,0.76177,-0.46084,-0.47179,0.67059,-0.33962,
1413393904755760384,2.52034,-1.64273,0.78481,-0.46255,-0.47363,0.68672,-0.30023,
1413393904855760640,2.47021,-1.68305,0.80074,-0.46729,-0.46557,0.70147,-0.26988,
1413393904955760384,2.42193,-1.73429,0.81183,-0.48515,-0.44595,0.70804,-0.25385,
1413393905055760384,2.37563,-1.79660,0.81682,0.51266,0.41712,-0.70832,0.24794,
1413393905155760640,2.33504,-1.86367,0.80975,0.53339,0.38780,-0.71228,0.24034,
1413393905255760384,2.30085,-1.93361,0.78940,0.54504,0.35637,-0.72167,0.23477,
1413393905355760640,2.27206,-2.00481,0.76473,0.55157,0.32467,-0.73356,0.22857,
1413393905455760384,2.24859,-2.07598,0.74318,0.55656,0.29610,-0.74504,0.21792,
1413393905555760384,2.22923,-2.14358,0.72533,0.55789,0.26667,-0.75802,0.20750,
1413393905655760640,2.21220,-2.20811,0.71003,0.55461,0.23303,-0.77325,0.20047,
1413393905755760384,2.19538,-2.26376,0.69984,0.55566,0.19765,-0.78367,0.19503,
1413393905855760640,2.17540,-2.31181,0.69172,0.55019,0.16275,-0.79635,0.19141,
1413393905955760384,2.14963,-2.34895,0.68529,0.53604,0.13416,-0.81335,0.18200,
1413393906055760384,2.11209,-2.37335,0.68677,0.53002,0.11649,-0.82470,0.15932,
1413393906155760640,2.06181,-2.38856,0.69218,0.54024,0.11212,-0.82504,0.12198,
1413393906255760384,2.00486,-2.39856,0.69154,0.56247,0.10916,-0.81489,0.08752,
1413393906355760640,1.94408,-2.40754,0.68067,0.58160,0.10329,-0.80445,0.06272,
1413393906455760384,1.88636,-2.41899,0.65855,0.59177,0.09344,-0.79919,0.04873,
1413393906555760384,1.83289,-2.43323,0.62357,0.59738,0.07860,-0.79696,0.04262,
1413393906655760640,1.78366,-2.44847,0.57780,0.60002,0.05614,-0.79664,0.04679,
1413393906755760384,1.73923,-2.46340,0.52909,0.59929,0.03025,-0.79752,0.06236,
1413393906955760384,1.66161,-2.47303,0.44381,0.60920,0.00779,-0.78982,0.07066,
1413393907155760640,1.61021,-2.45017,0.36730,0.60848,0.02512,-0.79219,0.03945,
1413393907255760384,1.59329,-2.43212,0.33151,0.60530,0.04104,-0.79480,0.01500,
1413393907355760640,1.58277,-2.41644,0.29876,0.60228,0.06226,-0.79567,-0.01694,
1413393907455760384,1.57635,-2.41189,0.27198,0.59648,0.06414,-0.79975,-0.02239,
1413393907555760384,1.57445,-2.42006,0.25832,0.59434,0.04844,-0.80275,-0.00083,
1413393907655760640,1.57453,-2.43566,0.25825,0.59424,0.03544,-0.80331,0.01762,
1413393907755760384,1.57725,-2.45219,0.25085,0.58969,0.02846,-0.80668,0.02678,
1413393908155760640,1.61132,-2.50151,0.07845,0.59677,0.03052,-0.80167,0.01594,
1413393908255760384,1.63074,-2.51175,0.04328,0.59257,0.03162,-0.80481,0.01202,
1413393908455760384,1.67988,-2.53854,0.00160,0.60483,0.02858,-0.79573,0.01368,
1413393908555760384,1.70970,-2.55410,-0.01895,0.59865,0.02687,-0.80044,0.01362,
1413393908655760640,1.74378,-2.56984,-0.03866,0.59058,0.02061,-0.80647,0.01992,
1413393908755760384,1.77876,-2.58401,-0.05632,0.58708,-0.00242,-0.80797,0.05014,
1413393908855760640,1.81357,-2.59041,-0.06335,0.59743,-0.01708,-0.79893,0.06707,
1413393908955760384,1.85025,-2.58338,-0.05439,0.60613,-0.00526,-0.79401,0.04612,
1413393909055760384,1.89154,-2.56718,-0.03507,0.60140,0.01058,-0.79865,0.01896,
1413393909155760640,1.93761,-2.54896,-0.00930,0.59568,0.01931,-0.80299,0.00057,
1413393909355760640,2.03785,-2.51962,0.02905,0.59629,0.02112,-0.80236,-0.01468,
1413393909555760384,2.14916,-2.50549,0.02403,0.59209,0.01632,-0.80551,-0.01807,
1413393909655760640,2.21019,-2.50250,0.00259,0.57840,0.01356,-0.81540,-0.01980,
1413393909755760384,2.27022,-2.50435,-0.02801,0.55936,0.00954,-0.82854,-0.02324,
1413393909855760640,2.32286,-2.50961,-0.06518,0.54480,0.00476,-0.83814,-0.02610,
1413393909955760384,2.36417,-2.51995,-0.10807,0.53296,-0.00017,-0.84562,-0.02955,
1413393910055760384,2.39363,-2.53353,-0.15376,0.52349,-0.00427,-0.85141,-0.03226,
1413393910155760640,2.40571,-2.55312,-0.18854,0.51562,-0.01140,-0.85619,-0.03083,
1413393910355760640,2.36760,-2.60417,-0.21018,0.50097,-0.02266,-0.86473,-0.02747,
1413393910455760384,2.31716,-2.63176,-0.20129,-0.49003,0.03573,0.87087,0.01314,
1413393910555760384,2.24575,-2.65773,-0.18982,-0.48416,0.04281,0.87393,0.00105,
1413393910655760640,2.15447,-2.67750,-0.18416,-0.49210,0.04058,0.86958,-0.00490,
1413393910755760384,2.04561,-2.69159,-0.18774,0.50776,-0.03790,-0.86056,0.01312,
1413393910855760640,1.92022,-2.69978,-0.20011,0.52213,-0.02803,-0.85226,0.01584,
1413393910955760384,1.78329,-2.70219,-0.21945,0.54168,-0.01397,-0.84031,0.01658,
1413393911055760384,1.63858,-2.70195,-0.24691,0.56115,0.00051,-0.82748,0.01964,
1413393911155760640,1.49202,-2.69997,-0.27927,0.57257,0.01216,-0.81936,0.02584,
1413393911255760384,1.34685,-2.69483,-0.31122,0.57900,0.02228,-0.81453,0.02823,
1413393911355760640,1.20380,-2.68664,-0.34297,0.58967,0.02901,-0.80663,0.02817,
1413393911455760384,1.06359,-2.67807,-0.36859,0.60665,0.03426,-0.79389,0.02302,
1413393911555760384,0.93419,-2.67053,-0.38919,0.61563,0.03733,-0.78698,0.01610,
1413393911655760640,0.81762,-2.66584,-0.39355,0.62397,0.03696,-0.78049,0.01186,
1413393911755760384,0.71517,-2.66587,-0.38559,0.62069,0.03435,-0.78327,0.00691,
1413393911855760640,0.62595,-2.67024,-0.36484,0.60172,0.03112,-0.79810,0.00343,
1413393911955760384,0.54399,-2.67888,-0.33160,0.57548,0.01449,-0.81747,0.01873,
1413393912055760384,0.45932,-2.68792,-0.28366,0.54058,-0.00265,-0.84060,0.03401,
1413393912155760640,0.36528,-2.69180,-0.22247,0.51555,-0.01360,-0.85582,0.04003,
1413393912255760384,0.25784,-2.68845,-0.15881,0.50107,-0.01937,-0.86428,0.03972,
1413393912355760640,0.13123,-2.67724,-0.09329,-0.49951,0.02339,0.86519,-0.03734,
1413393912455760384,-0.01341,-2.65823,-0.02441,0.51956,-0.02518,-0.85338,0.03429,
1413393912555760384,-0.17283,-2.63318,0.04212,0.54669,-0.02413,-0.83639,0.03162,
1413393912655760640,-0.33668,-2.60285,0.09513,0.56491,-0.02015,-0.82441,0.02858,
1413393912755760384,-0.49971,-2.56818,0.13604,0.58069,-0.01363,-0.81368,0.02335,
1413393912855760640,-0.65891,-2.52755,0.16770,0.59210,-0.01032,-0.80567,0.01429,
1413393912955760384,-0.81667,-2.48311,0.18681,0.59654,-0.01649,-0.80241,0.00348,
1413393913055760384,-0.96970,-2.43983,0.19316,0.59782,-0.03786,-0.80073,-0.00129,
1413393913155760640,-1.10983,-2.38797,0.19608,0.60420,-0.06672,-0.79402,-0.00397,
1413393913255760384,-1.24548,-2.33310,0.19093,0.60993,-0.10021,-0.78604,-0.00925,
1413393913355760640,-1.36866,-2.27211,0.17638,0.60755,-0.13443,-0.78254,-0.02123,
1413393913455760384,-1.47750,-2.20223,0.15841,0.60568,-0.17221,-0.77612,-0.03359,
1413393913555760384,-1.57464,-2.12052,0.14831,0.60937,-0.20758,-0.76323,-0.05537,
1413393913655760640,-1.65755,-2.02544,0.14644,0.61476,-0.23808,-0.74701,-0.08583,
1413393913755760384,-1.72435,-1.92088,0.15359,0.61787,-0.26635,-0.73019,-0.11879,
1413393913855760640,-1.76738,-1.81385,0.16571,0.61629,-0.29526,-0.71483,-0.14838,
1413393913955760384,-1.79077,-1.70600,0.18221,0.60966,-0.32339,-0.70230,-0.17467,
1413393914055760384,-1.79543,-1.59917,0.20441,0.60300,-0.34334,-0.68790,-0.21286,
1413393914155760640,-1.77730,-1.49944,0.22838,0.58457,-0.36133,-0.68019,-0.25508,
1413393914255760384,-1.74750,-1.40846,0.23953,0.55057,-0.38648,-0.68205,-0.28691,
1413393914355760640,-1.71352,-1.32526,0.26131,0.52260,-0.41450,-0.67769,-0.30954,
1413393914455760384,-1.67737,-1.24761,0.28767,0.50193,-0.44496,-0.66710,-0.32410,
1413393914555760384,-1.64289,-1.17508,0.31628,-0.48874,0.47517,0.65121,0.33358,
1413393914655760640,-1.60533,-1.10634,0.34772,-0.48088,0.50153,0.63186,0.34347,
1413393914755760384,-1.56472,-1.03906,0.37913,-0.47312,0.53003,0.61115,0.34888,
1413393914855760640,-1.51897,-0.97455,0.40916,-0.46083,0.55727,0.59344,0.35343,
1413393914955760384,-1.46758,-0.90921,0.43708,-0.43998,0.57271,0.58721,0.36551,
1413393915055760384,-1.41275,-0.83798,0.46551,-0.41699,0.58182,0.58892,0.37520,
1413393915155760640,-1.35315,-0.76231,0.49310,-0.40176,0.58713,0.59086,0.38046,
1413393915255760384,-1.29824,-0.68252,0.51654,-0.39391,0.58914,0.59182,0.38406,
1413393915355760640,-1.25358,-0.59757,0.53105,-0.39437,0.58323,0.59386,0.38943,
1413393915455760384,-1.20224,-0.50685,0.54180,-0.39868,0.56177,0.60245,0.40314,
1413393915555760384,-1.15921,-0.41065,0.55066,-0.40464,0.54076,0.61076,0.41331,
1413393915655760640,-1.12938,-0.31489,0.56223,-0.41583,0.53117,0.61342,0.41068,
1413393915755760384,-1.10487,-0.22216,0.57403,-0.42176,0.52333,0.61720,0.40903,
1413393915855760640,-1.08327,-0.13570,0.58830,-0.42190,0.51611,0.62291,0.40941,
1413393915955760384,-1.07738,-0.04740,0.59717,-0.42182,0.51120,0.62723,0.40905,
1413393916055760384,-1.07760,0.03497,0.61111,-0.42273,0.50428,0.62955,0.41312,
1413393916155760640,-1.08791,0.11272,0.62682,-0.42308,0.49801,0.63025,0.41925,
1413393916255760384,-1.10826,0.18442,0.64329,-0.42811,0.50146,0.62290,0.42102,
1413393916355760640,-1.13598,0.25014,0.65450,-0.43162,0.51816,0.60892,0.41765,
1413393916455760384,-1.16990,0.31275,0.67549,-0.42566,0.54079,0.59348,0.41730,
1413393916555760384,-1.20487,0.36784,0.69652,-0.41373,0.56547,0.57440,0.42325,
1413393916655760640,-1.24102,0.41913,0.71998,-0.39166,0.59423,0.55453,0.43127,
1413393916755760384,-1.27932,0.46758,0.74151,-0.36646,0.62528,0.53061,0.43953,
1413393916855760640,-1.31869,0.51476,0.76418,-0.34604,0.64996,0.50017,0.45567,
1413393916955760384,-1.35816,0.56348,0.78821,-0.33219,0.67338,0.46344,0.47057,
1413393917055760384,-1.39713,0.61174,0.81445,-0.32659,0.69603,0.41781,0.48406,
1413393917155760640,-1.43190,0.65846,0.84074,-0.31564,0.71554,0.37507,0.49769,
1413393917255760384,-1.46171,0.70098,0.86752,-0.29967,0.73508,0.33567,0.50714,
1413393917355760640,-1.48528,0.73432,0.89263,-0.27444,0.75698,0.30225,0.51021,
1413393917455760384,-1.50094,0.76164,0.91245,-0.24921,0.77755,0.26500,0.51291,
1413393917555760384,-1.50875,0.78123,0.92284,-0.22078,0.79624,0.22602,0.51591,
1413393917655760640,-1.50664,0.79436,0.92329,-0.18362,0.81143,0.19002,0.52130,
1413393917755760384,-1.49717,0.80374,0.91581,-0.14364,0.81855,0.15338,0.53463,
1413393917855760640,-1.48074,0.81112,0.90572,-0.10894,0.81669,0.11319,0.55529,
1413393917955760384,-1.46101,0.81596,0.89782,-0.08346,0.81717,0.06740,0.56633,
1413393918055760384,-1.43820,0.81599,0.89283,-0.06148,0.81820,0.02121,0.57124,
1413393918155760640,-1.41444,0.81009,0.89031,-0.03930,0.81953,-0.02286,0.57124,
1413393918255760384,-1.38929,0.79573,0.88859,-0.01854,0.82067,-0.06606,0.56727,
1413393918355760640,-1.36169,0.77162,0.88830,0.00345,0.81872,-0.10794,0.56395,
1413393918455760384,-1.33318,0.73696,0.89044,0.02923,0.81502,-0.14792,0.55946,
1413393918555760384,-1.30328,0.69037,0.89345,0.05552,0.80862,-0.19030,0.55393,
1413393918655760640,-1.27309,0.63168,0.90031,0.08822,0.79490,-0.23200,0.55366,
1413393918755760384,-1.24418,0.56371,0.90844,0.11781,0.77514,-0.27939,0.55427,
1413393918855760640,-1.21982,0.48489,0.91736,0.14481,0.74724,-0.33244,0.55691,
1413393918955760384,-1.20454,0.39638,0.92772,0.18755,0.71317,-0.37762,0.56001,
1413393919055760384,-1.20289,0.30292,0.93919,0.23728,0.68016,-0.41707,0.55420,
1413393919155760640,-1.21291,0.21006,0.95240,0.28187,0.64777,-0.45579,0.54147,
1413393919255760384,-1.23410,0.12221,0.96723,0.32138,0.61030,-0.49188,0.53132,
1413393919355760640,-1.26872,0.04321,0.97908,0.35776,0.56710,-0.52232,0.52686,
1413393919455760384,-1.31311,-0.02345,0.97787,-0.37905,-0.52797,0.55187,-0.52250,
1413393919555760384,-1.36882,-0.07874,0.96858,-0.38881,-0.50133,0.58113,-0.50969,
1413393919655760640,-1.43812,-0.11897,0.94838,-0.40031,-0.48099,0.60369,-0.49393,
1413393919755760384,-1.51877,-0.14537,0.92181,-0.42259,-0.46910,0.61002,-0.47879,
1413393919855760640,-1.61027,-0.15664,0.89027,-0.45532,-0.46814,0.60122,-0.46051,
1413393919955760384,-1.70401,-0.15121,0.84832,-0.47756,-0.47580,0.59299,-0.44035,
1413393920055760384,-1.79527,-0.13066,0.79595,-0.48205,-0.48636,0.59268,-0.42405,
1413393920155760640,-1.88359,-0.09812,0.73516,-0.48039,-0.49480,0.59335,-0.41514,
1413393920255760384,-1.96851,-0.05452,0.66809,-0.47728,-0.50106,0.59345,-0.41105,
1413393920355760640,-2.04939,0.00039,0.60342,-0.47308,-0.50736,0.59366,-0.40786,
1413393920455760384,-2.12631,0.06502,0.53961,-0.46094,-0.51796,0.60022,-0.39872,
1413393920555760384,-2.19941,0.13348,0.48014,-0.44998,-0.52842,0.60535,-0.38966,
1413393920655760640,-2.26958,0.20343,0.42739,-0.44418,-0.53618,0.60614,-0.38445,
1413393920755760384,-2.33322,0.27311,0.37442,-0.44292,-0.54100,0.60403,-0.38249,
1413393920855760640,-2.39437,0.34119,0.32197,-0.44175,-0.54479,0.60271,-0.38053,
1413393920955760384,-2.44817,0.40646,0.27284,-0.43675,-0.55296,0.60468,-0.37128,
1413393921055760384,-2.49799,0.46901,0.22188,-0.42525,-0.56348,0.61191,-0.35667,
1413393921155760640,-2.53983,0.52306,0.17528,-0.41536,-0.57167,0.61765,-0.34523,
1413393921255760384,-2.58073,0.56594,0.13135,-0.41179,-0.57735,0.61903,-0.33748,
1413393921355760640,-2.61285,0.59638,0.09231,-0.40908,-0.57804,0.62079,-0.33637,
1413393921555760384,-2.66378,0.61412,0.03280,-0.42428,-0.56268,0.61060,-0.36133,
1413393921655760640,-2.68204,0.61073,0.00597,-0.43455,-0.55504,0.60406,-0.37174,
1413393921855760640,-2.70658,0.59679,-0.07774,-0.44623,-0.54607,0.59777,-0.38127,
1413393922055760384,-2.71319,0.58562,-0.18326,-0.46015,-0.53520,0.59019,-0.39179,
1413393922155760640,-2.70997,0.58705,-0.23850,-0.45204,-0.54041,0.59806,-0.38202,
1413393922255760384,-2.70310,0.59006,-0.29584,-0.43261,-0.55173,0.61416,-0.36227,
1413393922355760640,-2.69277,0.58798,-0.35290,-0.41247,-0.56089,0.62948,-0.34501,
1413393922455760384,-2.68008,0.57493,-0.40421,-0.39726,-0.56243,0.64144,-0.33825,
1413393922555760384,-2.66807,0.54647,-0.45023,-0.39094,-0.55021,0.64781,-0.35325,
1413393922655760640,-2.65933,0.50519,-0.49066,-0.39186,-0.53383,0.64854,-0.37532,
1413393922755760384,-2.65787,0.45504,-0.52852,-0.39430,-0.52526,0.64669,-0.38786,
1413393922855760640,-2.66490,0.39952,-0.56406,-0.39555,-0.52887,0.64535,-0.38388,
1413393922955760384,-2.67977,0.33684,-0.59148,-0.39669,-0.54032,0.64450,-0.36786,
1413393923055760384,-2.70036,0.26516,-0.60513,-0.40266,-0.55453,0.64063,-0.34634,
1413393923155760640,-2.72221,0.17839,-0.60538,-0.40544,-0.56170,0.63933,-0.33371,
1413393923255760384,-2.74172,0.07577,-0.59484,-0.40829,-0.56261,0.63826,-0.33075,
1413393923355760640,-2.75895,-0.04147,-0.58143,-0.40541,-0.55104,0.64079,-0.34841,
1413393923455760384,-2.77535,-0.16919,-0.56721,-0.39226,-0.53812,0.64206,-0.37988,
1413393923555760384,-2.79799,-0.30414,-0.55224,-0.38096,-0.53700,0.62937,-0.41279,
1413393923655760640,-2.82677,-0.44014,-0.53382,-0.37154,-0.55541,0.60424,-0.43403,
1413393923755760384,-2.86475,-0.57691,-0.51576,0.36487,0.59127,-0.56864,0.44035,
1413393923855760640,-2.90785,-0.71320,-0.50115,0.35001,0.62849,-0.53363,0.44466,
1413393923955760384,-2.95366,-0.84840,-0.48792,0.33096,0.65999,-0.49979,0.45287,
1413393924055760384,-2.99884,-0.98487,-0.47368,0.30919,0.68712,-0.46993,0.45982,
1413393924155760640,-3.04161,-1.12587,-0.45976,0.29838,0.71388,-0.43491,0.46064,
1413393924255760384,-3.07789,-1.26919,-0.44373,0.30433,0.73783,-0.38907,0.46001,
1413393924355760640,-3.10225,-1.41151,-0.42721,0.31360,0.75662,-0.34620,0.45753,
1413393924455760384,-3.10989,-1.54549,-0.40810,0.32696,0.76998,-0.30965,0.45204,
1413393924555760384,-3.09537,-1.66748,-0.38381,0.33875,0.77664,-0.28282,0.44954,
1413393924655760640,-3.05664,-1.77235,-0.35243,0.35371,0.77425,-0.26030,0.45572,
1413393924755760384,-2.98832,-1.85429,-0.31208,0.36869,0.76662,-0.24393,0.46568,
1413393924855760640,-2.89132,-1.90602,-0.25603,0.36895,0.76035,-0.24900,0.47302,
1413393924955760384,-2.76552,-1.93060,-0.18515,0.33753,0.75737,-0.28237,0.48242,
1413393925055760384,-2.62031,-1.93104,-0.09653,0.29684,0.75512,-0.31423,0.49289,
1413393925155760640,-2.46216,-1.92114,0.00311,0.25624,0.75548,-0.33467,0.50159,
1413393925255760384,-2.29708,-1.90640,0.10534,0.20917,0.76060,-0.34664,0.50752,
1413393925355760640,-2.12645,-1.89958,0.20837,0.17619,0.76861,-0.34184,0.51122,
1413393925455760384,-1.96131,-1.90773,0.31498,0.16890,0.77421,-0.32434,0.51659,
1413393925555760384,-1.79585,-1.92647,0.42015,0.16871,0.77628,-0.30795,0.52354,
1413393925655760640,-1.63003,-1.95268,0.51633,0.16572,0.77651,-0.29861,0.52953,
1413393925755760384,-1.46694,-1.98685,0.58392,0.16675,0.77750,-0.29003,0.53251,
1413393925855760640,-1.30580,-2.02453,0.62260,0.16912,0.77552,-0.28383,0.53796,
1413393925955760384,-1.15150,-2.06495,0.63161,0.17386,0.76941,-0.27740,0.54848,
1413393926055760384,-0.99758,-2.10605,0.62823,0.17843,0.75754,-0.27332,0.56532,
1413393926155760640,-0.85382,-2.14754,0.61973,0.17847,0.74626,-0.27215,0.58067,
1413393926255760384,-0.71539,-2.18878,0.61349,0.17558,0.74300,-0.27523,0.58427,
1413393926355760640,-0.59121,-2.22761,0.60898,0.17030,0.74752,-0.28021,0.57766,
1413393926455760384,-0.47427,-2.26383,0.61255,0.16733,0.75384,-0.27852,0.57109,
1413393926555760384,-0.36952,-2.29981,0.61060,0.16730,0.75303,-0.26780,0.57727,
1413393926655760640,-0.27130,-2.33427,0.59378,0.16641,0.75314,-0.25139,0.58471,
1413393926755760384,-0.18109,-2.36601,0.57545,0.16065,0.75843,-0.23245,0.58732,
1413393926855760640,-0.09821,-2.39326,0.57013,0.14825,0.76685,-0.21408,0.58663,
1413393926955760384,-0.02261,-2.41787,0.58044,0.13020,0.78019,-0.19715,0.57920,
1413393927055760384,0.04762,-2.44238,0.60585,0.11034,0.79530,-0.18597,0.56634,
1413393927155760640,0.11578,-2.46988,0.64298,0.08834,0.80398,-0.18257,0.55900,
1413393927255760384,0.18319,-2.50318,0.68236,0.06805,0.80900,-0.18361,0.55424,
1413393927355760640,0.25213,-2.54578,0.72166,0.05777,0.81938,-0.17723,0.54210,
1413393927455760384,0.32584,-2.59866,0.76369,0.06709,0.82639,-0.15483,0.53723,
1413393927555760384,0.40630,-2.65818,0.80978,0.08688,0.82693,-0.12551,0.54120,
1413393927655760640,0.49455,-2.71665,0.85743,0.10378,0.82542,-0.09353,0.54696,
1413393927755760384,0.59077,-2.76848,0.90712,0.11872,0.81849,-0.06072,0.55883,
1413393927855760640,0.69384,-2.80726,0.96001,0.13064,0.80951,-0.03644,0.57123,
1413393927955760384,0.79848,-2.82903,1.01263,0.13090,0.80383,-0.02663,0.57967,
1413393928055760384,0.90278,-2.83346,1.06213,0.13211,0.80022,-0.02135,0.58459,
1413393928155760640,1.00357,-2.81938,1.10280,0.13365,0.79712,-0.01893,0.58853,
1413393928255760384,1.10203,-2.78633,1.13707,0.12988,0.79851,-0.02290,0.58735,
1413393928355760640,1.19768,-2.73514,1.16406,0.10397,0.80151,-0.04341,0.58727,
1413393928455760384,1.28815,-2.67132,1.18529,0.07651,0.79843,-0.06539,0.59361,
1413393928555760384,1.37216,-2.60159,1.19731,0.05842,0.79177,-0.08132,0.60256,
1413393928655760640,1.44720,-2.53067,1.20552,0.05114,0.78017,-0.08963,0.61699,
1413393928755760384,1.50613,-2.46080,1.21282,0.05361,0.77654,-0.09229,0.62096,
1413393928855760640,1.55695,-2.39008,1.22235,0.06870,0.77719,-0.08786,0.61930,
1413393928955760384,1.59589,-2.31877,1.23303,0.09034,0.77759,-0.08374,0.61658,
1413393929055760384,1.62586,-2.24417,1.24488,0.11074,0.77879,-0.09052,0.61076,
1413393929155760640,1.64752,-2.16256,1.25957,0.13039,0.77814,-0.10532,0.60532,
1413393929255760384,1.66312,-2.07256,1.27662,0.14718,0.77918,-0.12929,0.59540,
1413393929355760640,1.66985,-1.97374,1.29542,0.15769,0.77906,-0.16344,0.58437,
1413393929455760384,1.67328,-1.86907,1.31652,0.16822,0.77520,-0.20130,0.57467,
1413393929555760384,1.67368,-1.76268,1.33980,0.18480,0.77066,-0.23707,0.56190,
1413393929655760640,1.67305,-1.65481,1.36593,0.20589,0.76360,-0.27037,0.54901,
1413393929755760384,1.67095,-1.54399,1.39436,0.22592,0.75326,-0.30292,0.53834,
1413393929855760640,1.67086,-1.43255,1.42317,0.23573,0.73859,-0.34142,0.53137,
1413393929955760384,1.67013,-1.32122,1.45272,0.23694,0.71880,-0.38298,0.52963,
1413393930055760384,1.66633,-1.21373,1.47913,0.24077,0.69998,-0.41898,0.52585,
1413393930155760640,1.65543,-1.11298,1.49799,0.24820,0.68473,-0.44518,0.52093,
1413393930255760384,1.63870,-1.01787,1.50788,0.25804,0.67551,-0.45918,0.51600,
1413393930355760640,1.61439,-0.93041,1.50716,0.27729,0.67629,-0.45820,0.50575,
1413393930455760384,1.58580,-0.84692,1.49651,0.29862,0.68331,-0.44875,0.49248,
1413393930555760384,1.55688,-0.76628,1.46608,0.30979,0.68723,-0.44216,0.48605,
1413393930755760384,1.50355,-0.60961,1.34389,0.30156,0.67652,-0.44299,0.50512,
1413393930855760640,1.47402,-0.53611,1.27234,0.29773,0.67294,-0.44072,0.51408,
1413393930955760384,1.43882,-0.46379,1.21186,0.29613,0.67615,-0.43684,0.51410,
1413393931055760384,1.39911,-0.39016,1.16971,0.29342,0.67996,-0.43482,0.51234,
1413393931155760640,1.35397,-0.31629,1.14427,0.28864,0.68288,-0.43435,0.51157,
1413393931255760384,1.30692,-0.24658,1.12848,0.28193,0.68668,-0.43588,0.50891,
1413393931355760640,1.25709,-0.18205,1.11034,0.27363,0.68825,-0.43934,0.50835,
1413393931455760384,1.20564,-0.12530,1.08130,0.26289,0.68800,-0.44412,0.51020,
1413393931555760384,1.15004,-0.07192,1.04430,0.25521,0.68695,-0.44727,0.51275,
1413393931655760640,1.08935,-0.02416,0.99848,0.25122,0.68723,-0.44804,0.51368,
1413393931755760384,1.02218,0.01532,0.94560,0.25005,0.68806,-0.44648,0.51450,
1413393931855760640,0.94827,0.04574,0.88712,0.25052,0.68960,-0.44401,0.51434,
1413393931955760384,0.86817,0.06920,0.82921,0.25144,0.69118,-0.44135,0.51406,
1413393932055760384,0.78451,0.08290,0.77839,0.25491,0.69446,-0.43739,0.51131,
1413393932155760640,0.69723,0.08944,0.73204,0.26187,0.70020,-0.43153,0.50491,
1413393932255760384,0.60691,0.09083,0.68920,0.27387,0.70678,-0.42265,0.49681,
1413393932355760640,0.51814,0.08636,0.65007,0.28436,0.71225,-0.41524,0.48930,
1413393932455760384,0.43299,0.07956,0.61471,0.29055,0.71560,-0.41145,0.48394,
1413393932555760384,0.35487,0.06913,0.58270,0.29595,0.71664,-0.40903,0.48119,
1413393932655760640,0.28441,0.05598,0.55472,0.30167,0.71331,-0.40698,0.48430,
1413393932755760384,0.22084,0.04210,0.53047,0.30497,0.70969,-0.40682,0.48769,
1413393932855760640,0.16319,0.02818,0.50848,0.30968,0.70738,-0.40582,0.48890,
1413393932955760384,0.11271,0.01566,0.49183,0.31736,0.70287,-0.40287,0.49291,
1413393933055760384,0.06878,0.00687,0.47902,0.32673,0.69285,-0.39497,0.50715,
1413393933155760640,0.02983,0.00539,0.46779,0.33155,0.68393,-0.38928,0.52036,
1413393933355760640,-0.04514,0.03599,0.45739,0.30934,0.67155,-0.40309,0.53931,
1413393933455760384,-0.08861,0.06388,0.45711,0.28760,0.66848,-0.41801,0.54377,
1413393933555760384,-0.13868,0.09495,0.45711,0.26259,0.67091,-0.43485,0.54021,
1413393933655760640,-0.19845,0.12520,0.45037,0.25058,0.67504,-0.44452,0.53286,
1413393933755760384,-0.26781,0.15144,0.43820,0.26034,0.68422,-0.43959,0.52041,
1413393933855760640,-0.34356,0.17400,0.41853,0.27471,0.69364,-0.43076,0.50779,
1413393933955760384,-0.42073,0.19514,0.39257,0.28516,0.69697,-0.42421,0.50296,
1413393934055760384,-0.49598,0.21243,0.37610,0.30415,0.69141,-0.41006,0.51116,
1413393934155760640,-0.56905,0.23565,0.37479,0.31616,0.68720,-0.39948,0.51790,
1413393934255760384,-0.64408,0.26403,0.37897,0.31581,0.68742,-0.39752,0.51933,
1413393934355760640,-0.71172,0.29948,0.38011,0.30307,0.69002,-0.40463,0.51797,
1413393934455760384,-0.78099,0.33487,0.36447,0.28510,0.69275,-0.41581,0.51567,
1413393934555760384,-0.84884,0.37426,0.34194,0.27030,0.69353,-0.42515,0.51498,
1413393934655760640,-0.92176,0.41122,0.30908,0.25804,0.69126,-0.43329,0.51754,
1413393934755760384,-0.99794,0.44214,0.26829,0.24208,0.68828,-0.44136,0.52237,
1413393934855760640,-1.07841,0.46648,0.21837,0.21646,0.69066,-0.44644,0.52614,
1413393934955760384,-1.16638,0.48157,0.16149,0.19713,0.70756,-0.43621,0.51983,
1413393935055760384,-1.26032,0.48360,0.09854,0.20160,0.73797,-0.39911,0.50543,
1413393935155760640,-1.35100,0.47395,0.03618,0.20409,0.76681,-0.35372,0.49520,
1413393935255760384,-1.43417,0.45530,-0.01385,0.19315,0.78849,-0.31088,0.49429,
1413393935355760640,-1.50303,0.42896,-0.04784,0.17269,0.80340,-0.27387,0.49972,
1413393935455760384,-1.55995,0.39824,-0.06508,0.15619,0.81409,-0.23301,0.50850,
1413393935555760384,-1.60138,0.36469,-0.06627,0.14246,0.82219,-0.18986,0.51736,
1413393935655760640,-1.62850,0.33111,-0.05961,0.13649,0.83014,-0.14826,0.51985,
1413393935755760384,-1.64235,0.30068,-0.05082,0.14058,0.83512,-0.10983,0.52034,
1413393935855760640,-1.64231,0.27877,-0.03962,0.14889,0.83632,-0.07154,0.52276,
1413393935955760384,-1.62852,0.27356,-0.02672,0.13296,0.83620,-0.04947,0.52976,
1413393936055760384,-1.60258,0.28689,-0.01200,0.08920,0.83504,-0.04159,0.54132,
1413393936155760640,-1.56606,0.31325,0.00493,0.03958,0.83205,-0.02994,0.55248,
1413393936255760384,-1.52317,0.34442,0.02350,-0.01183,0.82994,-0.01307,0.55757,
1413393936355760640,-1.47351,0.37506,0.04358,-0.05687,0.82890,0.01231,0.55636,
1413393936455760384,-1.41904,0.39884,0.06376,-0.09151,0.82600,0.04603,0.55429,
1413393936555760384,-1.35848,0.41677,0.08788,-0.11137,0.81573,0.08926,0.56054,
1413393936655760640,-1.29562,0.42825,0.11403,-0.12965,0.79876,0.12905,0.57316,
1413393936755760384,-1.23385,0.43460,0.14088,-0.14808,0.78110,0.16212,0.58452,
1413393936855760640,-1.17995,0.43359,0.16684,-0.16574,0.76670,0.19336,0.58933,
1413393936955760384,-1.13179,0.43125,0.19532,-0.18164,0.75244,0.22628,0.59131,
1413393937055760384,-1.09508,0.42513,0.22671,-0.19584,0.73611,0.26253,0.59234,
1413393937155760640,-1.06917,0.41566,0.26027,-0.21355,0.72113,0.29641,0.58865,
1413393937255760384,-1.05646,0.40243,0.29696,-0.23347,0.70659,0.32689,0.58255,
1413393937355760640,-1.05673,0.38521,0.33687,-0.25242,0.69542,0.35281,0.57288,
1413393937455760384,-1.07032,0.36112,0.37712,-0.26441,0.69062,0.37272,0.56054,
1413393937555760384,-1.08766,0.33464,0.40485,-0.27068,0.69975,0.38615,0.53663,
1413393937655760640,-1.11108,0.30553,0.41172,-0.27786,0.70977,0.39141,0.51558,
1413393937755760384,-1.13562,0.27617,0.40543,-0.27988,0.72054,0.39467,0.49672,
1413393937855760640,-1.15883,0.24875,0.39933,-0.27908,0.73052,0.39617,0.48115,
1413393938055760384,-1.19057,0.20838,0.40836,-0.26925,0.71915,0.40225,0.49852,
1413393938155760640,-1.20550,0.19490,0.41955,-0.25830,0.70196,0.41235,0.52010,
1413393938255760384,-1.22755,0.18680,0.43508,-0.25074,0.67976,0.42750,0.54065,
1413393938355760640,-1.26470,0.18569,0.45120,-0.26167,0.66638,0.43636,0.54503,
1413393938455760384,-1.31462,0.18215,0.47287,-0.29291,0.66280,0.43803,0.53201,
1413393938555760384,-1.37675,0.18075,0.49310,-0.32409,0.66023,0.44356,0.51217,
1413393938655760640,-1.44450,0.17642,0.50739,-0.34830,0.65464,0.45510,0.49297,
1413393938755760384,-1.51422,0.16652,0.50956,-0.36739,0.64808,0.46847,0.47494,
1413393938855760640,-1.58279,0.14842,0.50413,-0.38288,0.63213,0.48321,0.46939,
1413393938955760384,-1.65058,0.12545,0.49863,-0.39275,0.61555,0.50117,0.46441,
1413393939055760384,-1.71668,0.09452,0.49985,-0.40139,0.60063,0.51851,0.45747,
1413393939155760640,-1.78335,0.05739,0.51126,-0.42475,0.57389,0.52336,0.46511,
1413393939255760384,-1.84972,0.00921,0.51238,-0.42984,0.56477,0.53866,0.45400,
1413393939355760640,-1.90996,-0.04938,0.51032,-0.41240,0.57659,0.56369,0.42393,
1413393939455760384,-1.98132,-0.11070,0.50020,-0.38548,0.60458,0.58738,0.37533,
1413393939555760384,-2.03969,-0.16241,0.48296,-0.36272,0.63366,0.60009,0.32681,
1413393939655760640,-2.09323,-0.19702,0.45974,-0.34413,0.65514,0.60598,0.29181,
1413393939755760384,-2.13975,-0.20536,0.43532,-0.32887,0.65756,0.61322,0.28881,
1413393939855760640,-2.17630,-0.17488,0.41561,-0.34645,0.63787,0.60447,0.32820,
1413393939955760384,-2.20786,-0.12024,0.40518,-0.39811,0.60263,0.56946,0.39250,
1413393940055760384,-2.23822,-0.06474,0.39909,-0.45160,0.56585,0.52647,0.44576,
1413393940155760640,-2.26721,-0.02590,0.39360,-0.49278,0.53994,0.49008,0.47483,
1413393940255760384,-2.29121,-0.01844,0.38781,0.51317,-0.52761,-0.47168,-0.48560,
1413393940355760640,-2.30888,-0.04196,0.37764,-0.49493,0.54462,0.48903,0.46828,
1413393940455760384,-2.32054,-0.09285,0.36818,-0.44939,0.57920,0.52574,0.43148,
1413393940555760384,-2.32760,-0.15558,0.35816,-0.39815,0.62259,0.55989,0.37467,
1413393940655760640,-2.32736,-0.21092,0.35582,-0.36718,0.65621,0.57258,0.32668,
1413393940755760384,-2.31440,-0.24373,0.36276,-0.35933,0.67964,0.56753,0.29478,
1413393940855760640,-2.28222,-0.24356,0.38067,-0.37067,0.67977,0.55533,0.30353,
1413393940955760384,-2.23189,-0.21659,0.40876,-0.38928,0.65285,0.54596,0.35237,
1413393941055760384,-2.17114,-0.17725,0.44206,-0.42168,0.61550,0.52503,0.40950,
1413393941155760640,-2.10266,-0.14323,0.47724,-0.45430,0.57802,0.50208,0.45543,
1413393941255760384,-2.03482,-0.12689,0.50278,-0.47187,0.55559,0.49069,0.47737,
1413393941355760640,-1.96541,-0.13337,0.52143,-0.45761,0.56487,0.50740,0.46266,
1413393941455760384,-1.89821,-0.15700,0.53733,-0.42714,0.58959,0.53590,0.42748,
1413393941555760384,-1.82834,-0.18803,0.55158,-0.38920,0.61611,0.56567,0.38594,
1413393941655760640,-1.75583,-0.20823,0.56799,-0.35937,0.63423,0.58650,0.35302,
1413393941755760384,-1.67951,-0.21452,0.58553,-0.33810,0.64615,0.59650,0.33521,
1413393941855760640,-1.59936,-0.19705,0.59599,-0.32886,0.64996,0.59781,0.33469,
1413393941955760384,-1.51821,-0.15305,0.60601,-0.34994,0.63721,0.58194,0.36450,
1413393942055760384,-1.43522,-0.09252,0.61896,-0.38806,0.61107,0.55390,0.41133,
1413393942155760640,-1.35360,-0.03156,0.63318,-0.42409,0.58020,0.52374,0.45741,
1413393942255760384,-1.27594,0.01547,0.64683,-0.44444,0.55711,0.50320,0.48876,
1413393942355760640,-1.20341,0.04240,0.66084,-0.45075,0.54792,0.49507,0.50151,
1413393942455760384,-1.13800,0.04245,0.67259,-0.43869,0.55628,0.50418,0.49387,
1413393942555760384,-1.07923,0.02248,0.68479,-0.41276,0.57733,0.52564,0.46907,
1413393942655760640,-1.02468,-0.00862,0.68981,-0.37847,0.60671,0.55076,0.43050,
1413393942755760384,-0.97388,-0.03818,0.68967,-0.34853,0.62900,0.57078,0.39636,
1413393942855760640,-0.92447,-0.05474,0.68198,-0.32811,0.64146,0.58421,0.37360,
1413393942955760384,-0.87850,-0.05359,0.66636,-0.31779,0.64766,0.59150,0.36010,
1413393943055760384,-0.83021,-0.02743,0.64780,-0.33047,0.63857,0.58664,0.37267,
1413393943155760640,-0.78417,0.02043,0.63766,-0.36741,0.61215,0.56663,0.41135,
1413393943255760384,-0.74144,0.07186,0.63207,-0.40582,0.58060,0.54135,0.45293,
1413393943355760640,-0.70386,0.11433,0.62691,-0.43694,0.55607,0.51803,0.48116,
1413393943455760384,-0.67091,0.13753,0.62153,-0.45382,0.54270,0.50379,0.49571,
1413393943555760384,-0.64394,0.14052,0.61304,-0.43820,0.55449,0.51551,0.48453,
1413393943655760640,-0.62122,0.12479,0.60149,-0.40500,0.58017,0.54000,0.45583,
1413393943755760384,-0.60184,0.10213,0.59103,-0.36852,0.60895,0.56359,0.41922,
1413393943855760640,-0.58543,0.08532,0.58420,-0.33887,0.63105,0.57774,0.39136,
1413393943955760384,-0.56971,0.08579,0.58605,-0.32202,0.64492,0.57673,0.38440,
1413393944055760384,-0.55429,0.10697,0.59854,-0.33079,0.64795,0.55539,0.40285,
1413393944155760640,-0.53879,0.14322,0.61546,-0.35727,0.64822,0.51818,0.42855,
1413393944255760384,-0.52129,0.18242,0.63579,-0.38633,0.64365,0.47496,0.45922,
1413393944355760640,-0.50039,0.21354,0.65693,-0.40415,0.63546,0.43663,0.49214,
1413393944455760384,-0.47795,0.23068,0.67532,-0.40584,0.63240,0.41274,0.51480,
1413393944555760384,-0.45795,0.22794,0.68953,-0.38060,0.64220,0.41498,0.52011,
1413393944655760640,-0.44011,0.20978,0.69984,-0.34059,0.66676,0.43250,0.50237,
1413393944755760384,-0.42387,0.18718,0.70968,-0.30388,0.69494,0.45001,0.47139,
1413393944855760640,-0.41249,0.16721,0.72221,-0.27870,0.71637,0.46087,0.44355,
1413393944955760384,-0.39570,0.16218,0.74098,-0.26538,0.72986,0.46417,0.42593,
1413393945055760384,-0.37212,0.17599,0.76890,-0.26808,0.72794,0.45491,0.43736,
1413393945155760640,-0.34246,0.20334,0.80014,-0.28641,0.70684,0.43102,0.48225,
1413393945255760384,-0.31337,0.23243,0.82275,-0.30562,0.67942,0.39798,0.53535,
1413393945355760640,-0.29049,0.25232,0.82933,-0.31292,0.66286,0.36724,0.57258,
1413393945455760384,-0.27735,0.25859,0.81895,-0.30412,0.66877,0.34537,0.58393,
1413393945555760384,-0.27403,0.25163,0.79372,-0.28555,0.69670,0.33054,0.56904,
1413393945655760640,-0.27892,0.23294,0.76715,-0.25713,0.72641,0.32185,0.55012,
1413393945755760384,-0.28865,0.20827,0.74407,-0.22424,0.75568,0.31404,0.52919,
1413393945855760640,-0.29878,0.18500,0.72302,-0.19218,0.78335,0.30349,0.50727,
1413393945955760384,-0.30349,0.17082,0.70871,-0.17064,0.79635,0.28647,0.50462,
1413393946055760384,-0.29989,0.16786,0.70546,-0.16327,0.78525,0.26127,0.53709,
1413393946155760640,-0.29614,0.17097,0.70694,-0.16051,0.76320,0.23162,0.58147,
1413393946255760384,-0.29748,0.17423,0.70781,-0.15499,0.74420,0.20074,0.61794,
1413393946355760640,-0.31137,0.17286,0.70255,-0.14396,0.74754,0.17174,0.62527,
1413393946455760384,-0.33867,0.16673,0.69243,-0.13248,0.77040,0.14038,0.60764,
1413393946555760384,-0.37527,0.15497,0.68403,-0.11164,0.79789,0.11089,0.58191,
1413393946655760640,-0.41226,0.14030,0.67454,-0.07905,0.82720,0.08602,0.54963,
1413393946755760384,-0.44131,0.12447,0.66890,-0.03935,0.84915,0.06249,0.52296,
1413393946855760640,-0.45653,0.11333,0.67263,-0.00643,0.85435,0.03442,0.51852,
1413393946955760384,-0.45672,0.10682,0.68445,0.01771,0.83809,0.00623,0.54520,
1413393947055760384,-0.44707,0.10349,0.69625,0.03679,0.80465,-0.02161,0.59222,
1413393947155760640,-0.44044,0.10521,0.69249,0.05606,0.77787,-0.04989,0.62393,
1413393947255760384,-0.46574,0.11815,0.67614,0.08124,0.76642,-0.08517,0.63147,
1413393947355760640,-0.46015,0.12063,0.64456,0.09545,0.76537,-0.11237,0.62648,
1413393947455760384,-0.48682,0.13652,0.60311,0.10269,0.76595,-0.15293,0.61595,
1413393947555760384,-0.52200,0.15473,0.55619,0.09947,0.76866,-0.20056,0.59920,
1413393947655760640,-0.56524,0.16909,0.51059,0.09759,0.77098,-0.24760,0.57859,
1413393947755760384,-0.61575,0.17211,0.46706,0.11126,0.78067,-0.28239,0.54628,
1413393947855760640,-0.66581,0.16340,0.43098,0.14811,0.78822,-0.29955,0.51677,
1413393947955760384,-0.71267,0.14267,0.40349,0.18860,0.78378,-0.31008,0.50395,
1413393948055760384,-0.74764,0.11416,0.38677,0.23950,0.76920,-0.30457,0.50813,
1413393948155760640,-0.77275,0.08879,0.37335,0.27392,0.75262,-0.30550,0.51497,
1413393948255760384,-0.78827,0.07216,0.36452,0.29057,0.73146,-0.31544,0.53012,
1413393948355760640,-0.79834,0.06594,0.35708,0.29699,0.70680,-0.32907,0.55131,
1413393948455760384,-0.80843,0.07105,0.35165,0.30528,0.68498,-0.34081,0.56697,
1413393948555760384,-0.82309,0.09384,0.34867,0.30590,0.67744,-0.35845,0.56481,
1413393948655760640,-0.84209,0.12623,0.33871,0.30029,0.69117,-0.38294,0.53429,
1413393948755760384,-0.86682,0.16791,0.33087,0.29417,0.70810,-0.40844,0.49521,
1413393948855760640,-0.88772,0.20759,0.32613,0.28726,0.71673,-0.43551,0.46272,
1413393948955760384,-0.90404,0.23988,0.32881,0.28798,0.71123,-0.45970,0.44709,
1413393949055760384,-0.91733,0.26213,0.33714,0.30891,0.69074,-0.47227,0.45212,
1413393949155760640,-0.92579,0.27501,0.35306,0.33957,0.66446,-0.47800,0.46336,
1413393949255760384,-0.93050,0.29051,0.37373,0.36857,0.63686,-0.48269,0.47495,
1413393949355760640,-0.93526,0.30263,0.38793,0.39599,0.60948,-0.48617,0.48513,
1413393949455760384,-0.93739,0.32952,0.40528,0.41624,0.58197,-0.49250,0.49549,
1413393949555760384,-0.94136,0.37250,0.41683,0.40907,0.56672,-0.51493,0.49632,
1413393949655760640,-0.94911,0.42849,0.42265,0.38440,0.56503,-0.54402,0.48685,
1413393949755760384,-0.96566,0.49135,0.42818,-0.35659,-0.56020,0.57207,-0.48141,
1413393949855760640,-0.99652,0.55570,0.43789,-0.33213,-0.54647,0.59890,-0.48206,
1413393949955760384,-1.04696,0.61829,0.44841,-0.31254,-0.53295,0.62070,-0.48272,
1413393950055760384,-1.12245,0.67276,0.46457,-0.31359,-0.53537,0.62801,-0.46973,
1413393950155760640,-1.22067,0.72189,0.48401,-0.33914,-0.56191,0.61770,-0.43322,
1413393950255760384,-1.33052,0.76152,0.50502,-0.36077,-0.58977,0.60553,-0.39413,
1413393950355760640,-1.44077,0.78818,0.52547,0.36925,0.60367,-0.60173,0.37034,
1413393950455760384,-1.54715,0.80099,0.54012,0.36897,0.60474,-0.60454,0.36425,
1413393950555760384,-1.65127,0.80065,0.54679,-0.37456,-0.59612,0.60420,-0.37321,
1413393950655760640,-1.75297,0.78808,0.54548,-0.38858,-0.58389,0.59742,-0.38879,
1413393950755760384,-1.85019,0.76830,0.53437,-0.40278,-0.57393,0.58952,-0.40104,
1413393950855760640,-1.95055,0.74744,0.51225,-0.41282,-0.56903,0.58428,-0.40547,
1413393950955760384,-2.04384,0.72412,0.47849,-0.42358,-0.57253,0.57837,-0.39784,
1413393951055760384,-2.13188,0.70036,0.44344,0.43177,0.58057,-0.57331,0.38448,
1413393951155760640,-2.21162,0.67503,0.41198,0.42809,0.57903,-0.57694,0.38549,
1413393951255760384,-2.28256,0.64733,0.38545,-0.42468,-0.57316,0.58122,-0.39156,
1413393951355760640,-2.34249,0.61925,0.36452,-0.42260,-0.56902,0.58553,-0.39341,
1413393951455760384,-2.39963,0.59052,0.34793,-0.41902,-0.56970,0.59143,-0.38739,
1413393951555760384,-2.44977,0.56023,0.32951,-0.41491,-0.57277,0.59697,-0.37869,
1413393951655760640,-2.49767,0.52317,0.30323,-0.41628,-0.57289,0.59894,-0.37387,
1413393951755760384,-2.53961,0.48352,0.27040,-0.42366,-0.57082,0.59648,-0.37268,
1413393951855760640,-2.57726,0.43931,0.23551,-0.42910,-0.56459,0.59629,-0.37623,
1413393951955760384,-2.60857,0.39091,0.20169,-0.43222,-0.55871,0.59826,-0.37831,
1413393952055760384,-2.63349,0.34067,0.17419,-0.43534,-0.55372,0.60017,-0.37904,
1413393952155760640,-2.65376,0.28858,0.15616,-0.43748,-0.54893,0.60208,-0.38050,
1413393952255760384,-2.67163,0.23585,0.15062,-0.43690,-0.54344,0.60576,-0.38321,
1413393952355760640,-2.68215,0.18577,0.15837,-0.43469,-0.54198,0.60630,-0.38691,
1413393952455760384,-2.69005,0.13493,0.16937,-0.43273,-0.54803,0.59952,-0.39114,
1413393952555760384,-2.69471,0.08433,0.17951,-0.42780,-0.56002,0.58900,-0.39554,
1413393952655760640,-2.69441,0.03287,0.19205,-0.42141,-0.57428,0.57556,-0.40167,
1413393952755760384,-2.69041,-0.01764,0.20301,0.41171,0.58846,-0.56203,0.41029,
1413393952855760640,-2.68309,-0.06699,0.21273,0.40162,0.59955,-0.55151,0.41843,
1413393952955760384,-2.67352,-0.11536,0.22409,0.38683,0.60264,-0.54919,0.43079,
1413393953055760384,-2.66372,-0.16425,0.23692,0.37262,0.60292,-0.55039,0.44128,
1413393953155760640,-2.65604,-0.21530,0.24380,0.36295,0.60231,-0.55210,0.44798,
1413393953255760384,-2.65208,-0.26620,0.23326,0.35676,0.60083,-0.55351,0.45317,
1413393953355760640,-2.65373,-0.31860,0.21635,0.34992,0.59602,-0.55699,0.46052,
1413393953455760384,-2.66393,-0.37169,0.21005,0.35118,0.58998,-0.55670,0.46764,
1413393953555760384,-2.68450,-0.42405,0.22047,0.36592,0.58887,-0.54863,0.46728,
1413393953655760640,-2.71186,-0.47265,0.23812,0.38795,0.59315,-0.53605,0.45860,
1413393953755760384,-2.74084,-0.51641,0.25605,0.40485,0.59409,-0.52661,0.45368,
1413393953855760640,-2.76791,-0.55235,0.26453,0.41130,0.59544,-0.52039,0.45330,
1413393954055760384,-2.81316,-0.60187,0.25291,0.39383,0.61632,-0.51357,0.44866,
1413393954155760640,-2.83014,-0.61827,0.24585,0.37308,0.63456,-0.51411,0.44027,
1413393954255760384,-2.84337,-0.63441,0.24207,0.34875,0.65531,-0.51291,0.43112,
1413393954355760640,-2.85164,-0.65645,0.24432,0.32677,0.67462,-0.50537,0.42745,
1413393954455760384,-2.85402,-0.68803,0.25005,0.30876,0.69264,-0.49048,0.42935,
1413393954555760384,-2.84987,-0.72906,0.25901,0.29328,0.71002,-0.47054,0.43410,
1413393954655760640,-2.83930,-0.78020,0.27001,0.27955,0.72423,-0.45069,0.44071,
1413393954755760384,-2.82207,-0.84368,0.28254,0.26880,0.73566,-0.43521,0.44400,
1413393954855760640,-2.79826,-0.91796,0.29557,0.26103,0.74342,-0.42461,0.44599,
1413393954955760384,-2.76632,-1.00347,0.30948,0.25881,0.74723,-0.41613,0.44889,
1413393955055760384,-2.72507,-1.09885,0.32665,0.26533,0.74225,-0.40436,0.46385,
1413393955155760640,-2.67553,-1.20051,0.34243,0.27094,0.73773,-0.39025,0.47964,
1413393955255760384,-2.61902,-1.30473,0.35611,0.26438,0.73376,-0.38224,0.49557,
1413393955355760640,-2.55915,-1.40940,0.36945,0.25209,0.73317,-0.37462,0.50850,
1413393955455760384,-2.49606,-1.51318,0.38387,0.24263,0.73714,-0.35713,0.51982,
1413393955555760384,-2.43167,-1.61536,0.40034,0.23422,0.73963,-0.32745,0.53932,
1413393955655760640,-2.37145,-1.71192,0.40816,0.22993,0.74447,-0.28656,0.55747,
1413393955755760384,-2.31344,-1.80173,0.40467,0.23520,0.75731,-0.24418,0.55815,
1413393955855760640,-2.25644,-1.88140,0.39126,0.24136,0.77251,-0.21030,0.54840,
1413393955955760384,-2.19730,-1.94663,0.37252,0.22162,0.78704,-0.20318,0.53868,
1413393956055760384,-2.13193,-1.99808,0.35890,0.18622,0.79484,-0.21072,0.53772,
1413393956155760640,-2.06166,-2.04424,0.35115,0.15590,0.79766,-0.21264,0.54242,
1413393956255760384,-1.98504,-2.07899,0.34648,0.13521,0.79764,-0.20086,0.55240,
1413393956355760640,-1.90525,-2.11752,0.34803,0.12229,0.79295,-0.17649,0.57019,
1413393956455760384,-1.82733,-2.15157,0.35126,0.10849,0.78855,-0.14742,0.58710,
1413393956555760384,-1.75455,-2.18067,0.35236,0.08786,0.79139,-0.11790,0.59337,
1413393956655760640,-1.68640,-2.20385,0.35216,0.06254,0.80007,-0.08828,0.59008,
1413393956755760384,-1.62427,-2.22379,0.35074,0.03644,0.81209,-0.05888,0.57941,
1413393956855760640,-1.56410,-2.24053,0.35227,0.00878,0.81964,-0.03139,0.57195,
1413393956955760384,-1.50268,-2.25608,0.35516,-0.02105,0.82197,-0.00669,0.56910,
1413393957055760384,-1.44011,-2.27297,0.35847,-0.04574,0.82252,0.02062,0.56652,
1413393957155760640,-1.37433,-2.29169,0.36227,-0.06359,0.82157,0.05578,0.56380,
1413393957255760384,-1.30460,-2.31019,0.36656,-0.08411,0.81789,0.09307,0.56153,
1413393957355760640,-1.23461,-2.32963,0.37049,-0.10750,0.81242,0.13062,0.55799,
1413393957455760384,-1.16205,-2.34943,0.37481,-0.13041,0.80367,0.16525,0.55660,
1413393957555760384,-1.08904,-2.36987,0.37273,-0.15233,0.79255,0.19635,0.55687,
1413393957655760640,-1.01912,-2.39087,0.36037,-0.17690,0.77794,0.22559,0.55913,
1413393957755760384,-0.95172,-2.41240,0.33701,-0.20159,0.75845,0.25525,0.56476,
1413393957855760640,-0.88901,-2.43554,0.30332,-0.21532,0.74103,0.29135,0.56536,
1413393957955760384,-0.83383,-2.46059,0.26835,-0.21807,0.72776,0.32973,0.56044,
1413393958055760384,-0.78776,-2.48513,0.24092,-0.21595,0.72200,0.36162,0.54892,
1413393958155760640,-0.75180,-2.50459,0.23079,-0.22120,0.72041,0.37871,0.53727,
1413393958255760384,-0.72370,-2.51432,0.23933,-0.23268,0.71958,0.38427,0.52954,
1413393958355760640,-0.70150,-2.51599,0.25956,-0.25123,0.72422,0.37865,0.51866,
1413393958555760384,-0.66612,-2.51148,0.28664,-0.26317,0.73911,0.37299,0.49531,
1413393958655760640,-0.64746,-2.50656,0.28403,-0.25866,0.74771,0.37440,0.48359,
1413393958855760640,-0.59623,-2.47907,0.25189,-0.25734,0.74439,0.36859,0.49377,
1413393958955760384,-0.56573,-2.45752,0.22251,-0.25941,0.73797,0.36277,0.50646,
1413393959055760384,-0.53459,-2.43350,0.18353,-0.26915,0.73470,0.35139,0.51410,
1413393959155760640,-0.50368,-2.41068,0.14174,-0.28414,0.73175,0.33657,0.52012,
1413393959255760384,-0.47180,-2.39310,0.10341,-0.28477,0.72558,0.33270,0.53080,
1413393959355760640,-0.43956,-2.38078,0.06687,-0.27417,0.72708,0.33741,0.53136,
1413393959455760384,-0.40873,-2.37170,0.03495,-0.26489,0.73013,0.34233,0.52872,
1413393959655760640,-0.35444,-2.36132,-0.00879,-0.26758,0.71053,0.33835,0.55594,
1413393959755760384,-0.33600,-2.36338,-0.02249,-0.27509,0.69576,0.33206,0.57443,
1413393959855760640,-0.32728,-2.37457,-0.03970,-0.26906,0.70432,0.33589,0.56454,
1413393959955760384,-0.32664,-2.39267,-0.05588,-0.25629,0.72105,0.34423,0.54398,
1413393960055760384,-0.33141,-2.41319,-0.06746,-0.24648,0.73502,0.35044,0.52554,
1413393960155760640,-0.33801,-2.43168,-0.07532,-0.23842,0.74569,0.35573,0.51045,
1413393960255760384,-0.34362,-2.44561,-0.08159,-0.22974,0.75816,0.36108,0.49198,
1413393960355760640,-0.34527,-2.45136,-0.08485,-0.22669,0.76318,0.36379,0.48355,
1413393960455760384,-0.34217,-2.44614,-0.08310,-0.23597,0.75191,0.36483,0.49583,
1413393960555760384,-0.33766,-2.43267,-0.08985,-0.24982,0.73695,0.37257,0.50565,
1413393960655760640,-0.33535,-2.41440,-0.11720,-0.26657,0.72173,0.38878,0.50686,
1413393960755760384,-0.33601,-2.39366,-0.16763,-0.28296,0.70773,0.41108,0.50006,
1413393960855760640,-0.33838,-2.37145,-0.23271,-0.29537,0.69898,0.43544,0.48433,
1413393960955760384,-0.34019,-2.34618,-0.29653,-0.30193,0.69943,0.45521,0.46088,
1413393961055760384,-0.33867,-2.31373,-0.34632,-0.30849,0.69935,0.46613,0.44549,
1413393961155760640,-0.33267,-2.27422,-0.37946,-0.31690,0.68867,0.46929,0.45286,
1413393961255760384,-0.32359,-2.22988,-0.39256,-0.34182,0.67173,0.45537,0.47390,
1413393961355760640,-0.31393,-2.18965,-0.38789,-0.38106,0.64878,0.42687,0.50166,
1413393961455760384,-0.30322,-2.16254,-0.37234,-0.40086,0.62981,0.41123,0.52302,
1413393961555760384,-0.29303,-2.15636,-0.34557,-0.38319,0.63383,0.42429,0.52097,
1413393961655760640,-0.28881,-2.17326,-0.30872,-0.35512,0.64886,0.44498,0.50484,
1413393961755760384,-0.28702,-2.19711,-0.25058,-0.34145,0.65422,0.45468,0.49866,
1413393961955760384,-0.30077,-2.25662,-0.08844,-0.32748,0.66628,0.46395,0.48330,
1413393962055760384,-0.31346,-2.29033,0.01242,-0.32226,0.67287,0.46784,0.47383,
1413393962255760384,-0.34214,-2.33631,0.25509,-0.31435,0.68268,0.47509,0.45764,
1413393962355760640,-0.35626,-2.35290,0.38877,-0.30848,0.68812,0.47934,0.44895,
1413393962455760384,-0.36923,-2.36066,0.50868,-0.29540,0.69866,0.48599,0.43407,
1413393962555760384,-0.37757,-2.35796,0.60697,-0.27786,0.71343,0.48729,0.41995,
1413393962655760640,-0.38129,-2.34096,0.68528,-0.25973,0.72366,0.47982,0.42265,
1413393962755760384,-0.37889,-2.30540,0.75101,-0.24248,0.72687,0.46319,0.44532,
1413393962855760640,-0.37387,-2.25419,0.81087,-0.22302,0.72550,0.43968,0.48019,
1413393962955760384,-0.37160,-2.18911,0.86213,-0.20155,0.72463,0.41053,0.51551,
1413393963055760384,-0.37654,-2.11446,0.90108,-0.18071,0.72969,0.37534,0.54224,
1413393963155760640,-0.39177,-2.02897,0.93007,-0.16181,0.73579,0.33639,0.56504,
1413393963255760384,-0.41668,-1.93362,0.94642,-0.15440,0.74552,0.29052,0.57962,
1413393963355760640,-0.45090,-1.83366,0.95086,-0.14469,0.75544,0.24687,0.58944,
1413393963455760384,-0.49366,-1.73267,0.94409,-0.12744,0.76594,0.20931,0.59438,
1413393963555760384,-0.54460,-1.63016,0.92806,-0.11103,0.77464,0.17426,0.59769,
1413393963655760640,-0.60112,-1.52538,0.90407,-0.09419,0.77909,0.14371,0.60290,
1413393963755760384,-0.66319,-1.42079,0.87006,-0.07534,0.78162,0.11705,0.60802,
1413393963855760640,-0.73219,-1.31543,0.82932,-0.05319,0.78503,0.09399,0.60998,
1413393963955760384,-0.80972,-1.20794,0.77864,-0.02958,0.79113,0.07185,0.60669,
1413393964055760384,-0.89379,-1.09818,0.72052,-0.00748,0.79711,0.04894,0.60180,
1413393964155760640,-0.98154,-0.98477,0.65566,0.00822,0.80000,0.02155,0.59955,
1413393964255760384,-1.07261,-0.86762,0.58763,0.01631,0.80109,-0.01147,0.59822,
1413393964355760640,-1.16433,-0.74884,0.52214,0.02320,0.80319,-0.04309,0.59372,
1413393964455760384,-1.25896,-0.63319,0.46229,0.03092,0.80380,-0.07257,0.58965,
1413393964555760384,-1.35315,-0.52223,0.40875,0.03848,0.80264,-0.09958,0.58683,
1413393964655760640,-1.45037,-0.41727,0.35968,0.04353,0.79948,-0.12689,0.58552,
1413393964755760384,-1.54881,-0.32069,0.31639,0.05065,0.79490,-0.15247,0.58508,
1413393964855760640,-1.64952,-0.23424,0.27740,0.05619,0.79519,-0.17765,0.57702,
1413393964955760384,-1.75340,-0.16024,0.24131,0.05900,0.80096,-0.20501,0.55942,
1413393965055760384,-1.85581,-0.10208,0.20964,0.05110,0.80641,-0.23883,0.53856,
1413393965155760640,-1.95410,-0.06643,0.18303,0.04108,0.80876,-0.27429,0.51864,
1413393965255760384,-2.04729,-0.05833,0.16158,0.04569,0.81355,-0.29853,0.49691,
1413393965355760640,-2.13186,-0.08053,0.14981,0.06816,0.82412,-0.30260,0.47393,
1413393965455760384,-2.20194,-0.12979,0.14631,0.11211,0.83524,-0.28209,0.45851,
1413393965555760384,-2.24706,-0.20113,0.15347,0.16800,0.84147,-0.24263,0.45260,
1413393965655760640,-2.26678,-0.27629,0.16313,0.20697,0.84021,-0.21184,0.45425,
1413393965755760384,-2.25789,-0.34840,0.17503,0.21316,0.82957,-0.20726,0.47267,
1413393965855760640,-2.22534,-0.41378,0.19150,0.20628,0.80926,-0.21201,0.50754,
1413393965955760384,-2.18135,-0.47271,0.19973,0.21108,0.79740,-0.20777,0.52576,
1413393966055760384,-2.12765,-0.52436,0.20000,0.22305,0.79381,-0.19801,0.53001,
1413393966155760640,-2.06584,-0.56246,0.20667,0.21635,0.79241,-0.20250,0.53318,
1413393966255760384,-1.99456,-0.58759,0.22784,0.21096,0.79220,-0.20633,0.53418,
1413393966355760640,-1.91205,-0.60178,0.26361,0.22235,0.79304,-0.19695,0.53185,
1413393966455760384,-1.81951,-0.60140,0.31445,0.23578,0.78472,-0.18396,0.54293,
1413393966555760384,-1.72237,-0.58496,0.36825,0.23261,0.76928,-0.18246,0.56640,
1413393966655760640,-1.61920,-0.55373,0.41114,0.22611,0.75616,-0.18399,0.58588,
1413393966755760384,-1.52315,-0.50790,0.43990,0.22114,0.74698,-0.18638,0.59865,
1413393966855760640,-1.43314,-0.44694,0.45854,0.21650,0.74425,-0.19034,0.60249,
1413393966955760384,-1.35117,-0.37379,0.46550,0.19954,0.75174,-0.20675,0.59356,
1413393967055760384,-1.27530,-0.29220,0.46323,0.17747,0.75892,-0.23285,0.58165,
1413393967155760640,-1.20330,-0.20812,0.45426,0.16645,0.76160,-0.25210,0.57333,
1413393967255760384,-1.13811,-0.12684,0.43895,0.16614,0.75923,-0.26573,0.57040,
1413393967355760640,-1.07944,-0.04952,0.41737,0.17739,0.75256,-0.27760,0.57020,
1413393967455760384,-1.02680,0.02350,0.38857,0.19390,0.74119,-0.29375,0.57163,
1413393967555760384,-0.98107,0.09520,0.35551,0.20789,0.72961,-0.31614,0.56966,
1413393967655760640,-0.94449,0.16675,0.32491,0.22087,0.71954,-0.34196,0.56262,
1413393967755760384,-0.91700,0.23599,0.30149,0.23926,0.71025,-0.36560,0.55194,
1413393967855760640,-0.89837,0.30652,0.28749,0.25561,0.70265,-0.38845,0.53857,
1413393967955760384,-0.88484,0.37660,0.28418,0.25926,0.70617,-0.41325,0.51316,
1413393968055760384,-0.87416,0.44127,0.29916,0.26133,0.71160,-0.43047,0.48993,
1413393968155760640,-0.86305,0.49676,0.33210,0.26691,0.71021,-0.43851,0.48174,
1413393968255760384,-0.84969,0.54406,0.37249,0.26383,0.70538,-0.44789,0.48190,
1413393968455760384,-0.82256,0.61130,0.43590,0.28021,0.71818,-0.43762,0.46281,
1413393968555760384,-0.80265,0.63208,0.45479,0.29465,0.71957,-0.42517,0.46328,
1413393968855760640,-0.70058,0.66385,0.44806,0.31164,0.70735,-0.43263,0.46408,
1413393968955760384,-0.65438,0.66611,0.42892,0.32246,0.68532,-0.44480,0.47803,
1413393969055760384,-0.60702,0.66799,0.39889,0.33016,0.66069,-0.46417,0.48890,
1413393969155760640,-0.56079,0.67300,0.36225,0.34697,0.63938,-0.48078,0.48955,
1413393969255760384,-0.51856,0.68167,0.32847,0.36704,0.62294,-0.49756,0.47924,
1413393969355760640,-0.47807,0.69415,0.29653,0.37948,0.60757,-0.51998,0.46527,
1413393969455760384,-0.43961,0.71086,0.26810,0.38216,0.58678,-0.54630,0.45956,
1413393969555760384,-0.40713,0.73161,0.24314,-0.37884,-0.56078,0.57349,-0.46164,
1413393969655760640,-0.38425,0.75575,0.22132,-0.37706,-0.54215,0.59840,-0.45367,
1413393969755760384,-0.37465,0.77895,0.21141,-0.37765,-0.52919,0.61781,-0.44231,
1413393969855760640,-0.37845,0.80176,0.21975,-0.37810,-0.51918,0.63123,-0.43478,
1413393969955760384,-0.39797,0.82262,0.24595,-0.38747,-0.51485,0.63436,-0.42706,
1413393970055760384,-0.43096,0.84152,0.28767,-0.40649,-0.52605,0.62750,-0.40532,
1413393970155760640,-0.47095,0.85718,0.33252,-0.42293,-0.54270,0.61876,-0.37913,
1413393970255760384,-0.50948,0.86843,0.36816,-0.42791,-0.55205,0.61551,-0.36507,
1413393970455760384,-0.57401,0.87230,0.41085,-0.42921,-0.55823,0.61216,-0.35976,
1413393970555760384,-0.59967,0.86441,0.43251,-0.43744,-0.55459,0.60487,-0.36770,
1413393970655760640,-0.61990,0.85244,0.45377,-0.44942,-0.55283,0.59455,-0.37271,
1413393970755760384,-0.63534,0.83957,0.46553,-0.46644,-0.55669,0.58118,-0.36708,
1413393970855760640,-0.64104,0.82776,0.46391,-0.48241,-0.56815,0.56888,-0.34766,
1413393970955760384,-0.63135,0.81718,0.45498,0.49151,0.57462,-0.56163,0.33586,
1413393971055760384,-0.60034,0.80578,0.44845,0.48990,0.56908,-0.56238,0.34621,
1413393971155760640,-0.54899,0.79588,0.44928,-0.48819,-0.55425,0.56130,-0.37338,
1413393971255760384,-0.48158,0.79313,0.46428,-0.49569,-0.53636,0.55103,-0.40371,
1413393971355760640,-0.40327,0.80458,0.48519,0.50833,0.52179,-0.53585,0.42686,
1413393971455760384,-0.31665,0.83332,0.49333,0.50905,0.51574,-0.53207,0.43793,
1413393971555760384,-0.22412,0.87982,0.48503,-0.48263,-0.52086,0.55226,-0.43679,
1413393971655760640,-0.12913,0.94098,0.47234,-0.43874,-0.51653,0.58450,-0.44616,
1413393971755760384,-0.04096,1.01217,0.46587,-0.39967,-0.49796,0.61233,-0.46621,
1413393971855760640,0.02837,1.09092,0.46650,-0.37270,-0.48128,0.63255,-0.47890,
1413393971955760384,0.07324,1.17504,0.47475,-0.37211,-0.48270,0.63846,-0.47000,
1413393972055760384,0.09703,1.26198,0.48980,-0.38511,-0.49356,0.63710,-0.44965,
1413393972155760640,0.10388,1.34990,0.49957,-0.38439,-0.50099,0.64285,-0.43359,
1413393972255760384,0.09752,1.43537,0.49047,-0.37554,-0.51043,0.65162,-0.41691,
1413393972355760640,0.07940,1.51492,0.47491,-0.39835,-0.52488,0.63913,-0.39666,
1413393972455760384,0.05577,1.59072,0.46224,-0.42215,-0.53768,0.62296,-0.38028,
1413393972555760384,0.03360,1.66071,0.44849,-0.42746,-0.55289,0.61835,-0.35949,
1413393972655760640,0.01506,1.71997,0.43746,-0.42568,-0.56097,0.61958,-0.34673,
1413393972755760384,0.00415,1.76691,0.42656,-0.42767,-0.56209,0.61952,-0.34257,
1413393972955760384,-0.00043,1.84226,0.40247,-0.44064,-0.55731,0.61537,-0.34141,
1413393973155760640,0.02583,1.88802,0.38024,-0.46123,-0.54986,0.60276,-0.34872,
1413393973255760384,0.05279,1.90648,0.36985,-0.47487,-0.54177,0.59121,-0.36257,
1413393973355760640,0.09101,1.92548,0.35956,-0.48975,-0.53123,0.57740,-0.38020,
1413393973455760384,0.13858,1.95058,0.34922,0.50206,0.52222,-0.56387,0.39658,
1413393973555760384,0.19552,1.98923,0.33912,0.51182,0.51555,-0.55237,0.40882,
1413393973655760640,0.26250,2.04444,0.32763,0.50676,0.51009,-0.55266,0.42138,
1413393973755760384,0.33748,2.11579,0.31519,-0.47351,-0.50520,0.57453,-0.43644,
1413393973855760640,0.41207,2.20229,0.30376,-0.42366,-0.49872,0.60686,-0.45112,
1413393973955760384,0.47561,2.29803,0.29412,-0.36816,-0.49160,0.64048,-0.46107,
1413393974055760384,0.51477,2.39645,0.28744,-0.31800,-0.50681,0.67106,-0.43783,
1413393974155760640,0.52546,2.48759,0.28697,-0.27737,-0.53207,0.69504,-0.39610,
1413393974255760384,0.50273,2.55220,0.29798,-0.27048,-0.56963,0.69690,-0.34161,
1413393974355760640,0.45851,2.58097,0.32290,-0.28530,-0.60341,0.68433,-0.29359,
1413393974455760384,0.40391,2.56149,0.35507,-0.30735,-0.62880,0.66533,-0.25979,
1413393974555760384,0.35330,2.49728,0.39655,0.34259,0.64727,-0.63565,0.24416,
1413393974655760640,0.31667,2.39001,0.44282,0.38286,0.65094,-0.60418,0.25429,
1413393974755760384,0.30082,2.25464,0.49088,0.42325,0.64133,-0.57401,0.28298,
1413393974855760640,0.30445,2.10499,0.53012,0.44944,0.62375,-0.55516,0.31739,
1413393974955760384,0.32606,1.95136,0.55840,0.45719,0.59904,-0.55225,0.35659,
1413393975055760384,0.36390,1.80125,0.57315,0.45785,0.57613,-0.55413,0.38908,
1413393975155760640,0.41093,1.65714,0.57242,-0.45166,-0.55920,0.56055,-0.41119,
1413393975255760384,0.46302,1.52267,0.56477,-0.44206,-0.55200,0.56917,-0.41943,
1413393975355760640,0.51823,1.39636,0.56189,-0.44064,-0.55086,0.57093,-0.42004,
1413393975455760384,0.57382,1.28403,0.55886,-0.45177,-0.55162,0.56262,-0.41842,
1413393975555760384,0.63465,1.17498,0.55943,-0.46279,-0.55197,0.55357,-0.41798,
1413393975655760640,0.69590,1.08337,0.56196,0.46685,0.55060,-0.54964,0.42045,
1413393975755760384,0.77418,1.00350,0.56318,-0.45564,-0.54432,0.55840,-0.42929,
1413393975855760640,0.84471,0.93705,0.56489,-0.44425,-0.53451,0.56939,-0.43902,
1413393975955760384,0.91603,0.88337,0.56842,-0.43592,-0.52621,0.57953,-0.44409,
1413393976055760384,0.98100,0.84334,0.56882,-0.43257,-0.52897,0.58775,-0.43316,
1413393976155760640,1.04283,0.81171,0.56013,-0.43154,-0.53221,0.59385,-0.42175,
1413393976255760384,1.10067,0.78807,0.54015,-0.42704,-0.52951,0.60072,-0.41999,
1413393976355760640,1.15528,0.76710,0.51629,-0.42401,-0.52073,0.60451,-0.42851,
1413393976455760384,1.20469,0.75159,0.49991,-0.42172,-0.51499,0.60307,-0.43960,
1413393976555760384,1.24552,0.74463,0.49405,-0.41141,-0.52225,0.60097,-0.44366,
1413393976655760640,1.27891,0.74305,0.49032,-0.40109,-0.53347,0.59772,-0.44415,
1413393976755760384,1.30292,0.74688,0.47946,-0.38975,-0.53897,0.59481,-0.45145,
1413393976855760640,1.31810,0.75202,0.45910,-0.37720,-0.54791,0.59578,-0.45007,
1413393976955760384,1.32336,0.75751,0.43790,-0.36635,-0.56437,0.59877,-0.43445,
1413393977055760384,1.31905,0.76092,0.42310,-0.36862,-0.58175,0.59494,-0.41441,
1413393977155760640,1.31074,0.75611,0.41763,0.37985,0.59120,-0.58615,0.40327,
1413393977255760384,1.30259,0.74194,0.42751,0.39302,0.59267,-0.57678,0.40200,
1413393977355760640,1.29866,0.72409,0.44880,0.40299,0.59082,-0.57001,0.40450,
1413393977455760384,1.29887,0.70304,0.48131,0.40960,0.58872,-0.56730,0.40473,
1413393977555760384,1.30224,0.68294,0.51425,0.41436,0.58886,-0.56638,0.40096,
1413393977755760384,1.32238,0.63961,0.55765,0.41746,0.58642,-0.56975,0.39650,
1413393978055760384,1.39249,0.56278,0.58932,-0.41929,-0.57674,0.57933,-0.39488,
1413393978255760384,1.45928,0.50577,0.61716,-0.41512,-0.56221,0.59227,-0.40102,
1413393978355760640,1.49360,0.47738,0.63558,-0.41790,-0.54876,0.60012,-0.40507,
1413393978455760384,1.52313,0.45013,0.65250,-0.42443,-0.53111,0.60975,-0.40741,
1413393978555760384,1.54937,0.42430,0.67149,-0.43470,-0.51036,0.62107,-0.40600,
1413393978655760640,1.57031,0.40377,0.69013,-0.44416,-0.49052,0.63692,-0.39554,
1413393978755760384,1.58717,0.38737,0.70809,-0.45099,-0.47148,0.65606,-0.37934,
1413393978855760640,1.59971,0.37405,0.72726,-0.45724,-0.45063,0.67465,-0.36430,
1413393978955760384,1.60648,0.36322,0.74811,-0.46662,-0.42693,0.69046,-0.35109,
1413393979055760384,1.60747,0.35862,0.76849,-0.47416,-0.40040,0.70668,-0.33978,
1413393979155760640,1.60183,0.35908,0.78873,-0.48331,-0.37288,0.72174,-0.32627,
1413393979255760384,1.58987,0.36486,0.80457,-0.49506,-0.34674,0.73476,-0.30792,
1413393979355760640,1.57219,0.37509,0.81051,0.50543,0.31748,-0.74720,0.29231,
1413393979455760384,1.54846,0.39105,0.80498,0.51338,0.28639,-0.75932,0.27904,
1413393979555760384,1.51814,0.41551,0.78849,0.51962,0.25417,-0.77070,0.26725,
1413393979655760640,1.47925,0.44828,0.76428,0.52719,0.22536,-0.78052,0.24915,
1413393979755760384,1.43398,0.49155,0.74207,0.53709,0.20049,-0.78771,0.22550,
1413393979855760640,1.38418,0.54498,0.72571,0.54586,0.18104,-0.79445,0.19521,
1413393979955760384,1.33035,0.60531,0.71450,0.54966,0.16100,-0.80265,0.16644,
1413393980055760384,1.27310,0.67040,0.70574,0.54912,0.14072,-0.81218,0.13797,
1413393980155760640,1.21220,0.73746,0.69872,0.54450,0.12684,-0.82263,0.10350,
1413393980255760384,1.14576,0.80096,0.69266,0.53660,0.11768,-0.83253,0.07150,
1413393980355760640,1.07256,0.85747,0.68728,0.53119,0.11105,-0.83838,0.05118,
1413393980455760384,0.99199,0.90406,0.68324,0.53443,0.10662,-0.83746,0.04101,
1413393980555760384,0.90440,0.94208,0.68121,0.54915,0.10359,-0.82839,0.03835,
1413393980655760640,0.81222,0.97050,0.67950,0.56660,0.10294,-0.81670,0.03711,
1413393980755760384,0.71853,0.99089,0.67789,0.57155,0.10291,-0.81322,0.03758,
1413393980855760640,0.62646,1.00312,0.67721,0.56187,0.10050,-0.82002,0.04205,
1413393980955760384,0.53335,1.00867,0.67821,0.54722,0.09461,-0.83007,0.05093,
1413393981055760384,0.43416,1.01016,0.68366,0.53963,0.08535,-0.83507,0.06460,
1413393981155760640,0.33073,1.00805,0.69605,0.54288,0.07659,-0.83278,0.07681,
1413393981255760384,0.22137,1.00841,0.72268,0.54921,0.07143,-0.82822,0.08559,
1413393981355760640,0.10509,1.01174,0.76100,0.54736,0.07109,-0.82902,0.08980,
1413393981455760384,-0.01594,1.01827,0.79818,0.54402,0.07734,-0.83108,0.08583,
1413393981555760384,-0.14064,1.02763,0.82741,0.54476,0.08906,-0.83050,0.07468,
1413393981655760640,-0.26769,1.03661,0.84249,0.54562,0.09809,-0.82956,0.06709,
1413393981755760384,-0.40078,1.04262,0.84594,0.54650,0.10551,-0.82851,0.06138,
1413393981855760640,-0.53948,1.04308,0.83864,0.55130,0.11467,-0.82440,0.05727,
1413393981955760384,-0.67828,1.03453,0.82391,0.55768,0.12942,-0.81783,0.05825,
1413393982055760384,-0.81715,1.01723,0.80988,0.56264,0.14734,-0.81067,0.06740,
1413393982155760640,-0.95438,0.99048,0.79814,0.56603,0.17034,-0.80229,0.08326,
1413393982255760384,-1.08852,0.95457,0.78913,0.56537,0.19736,-0.79382,0.10614,
1413393982355760640,-1.21793,0.91028,0.78353,0.55971,0.22990,-0.78517,0.13185,
1413393982455760384,-1.34123,0.85929,0.78061,0.54838,0.26829,-0.77612,0.15791,
1413393982555760384,-1.45582,0.80344,0.77719,0.53521,0.31037,-0.76320,0.18639,
1413393982655760640,-1.56738,0.73975,0.77527,0.52256,0.35625,-0.74400,0.21558,
1413393982755760384,-1.67419,0.66908,0.77245,0.50986,0.40548,-0.71860,0.24341,
1413393982855760640,-1.77412,0.59239,0.76953,-0.49825,-0.45446,0.68706,-0.27048,
1413393982955760384,-1.86320,0.51310,0.76651,-0.48332,-0.50189,0.65306,-0.29669,
1413393983055760384,-1.94062,0.42754,0.76188,-0.46483,-0.54487,0.61915,-0.32202,
1413393983155760640,-2.00478,0.33797,0.75782,0.44752,0.58556,-0.58192,0.34383,
1413393983255760384,-2.05388,0.24600,0.75070,0.43066,0.62323,-0.54228,0.36338,
1413393983355760640,-2.08553,0.15404,0.74620,0.41340,0.65696,-0.50101,0.38274,
1413393983455760384,-2.09858,0.06097,0.74386,0.39659,0.68457,-0.45826,0.40507,
1413393983555760384,-2.08704,-0.02433,0.74478,0.37926,0.70628,-0.41533,0.42993,
1413393983655760640,-2.05765,-0.10395,0.74928,0.36035,0.72516,-0.37262,0.45326,
1413393983755760384,-2.00884,-0.17303,0.75619,0.33711,0.74073,-0.33388,0.47561,
1413393983855760640,-1.94440,-0.22900,0.76521,0.30961,0.75429,-0.30031,0.49498,
1413393983955760384,-1.86633,-0.27269,0.77785,0.28551,0.76543,-0.26670,0.51135,
1413393984055760384,-1.77494,-0.30056,0.79242,0.26422,0.77535,-0.23117,0.52496,
1413393984155760640,-1.67632,-0.31137,0.80956,0.24369,0.78369,-0.19313,0.53772,
1413393984255760384,-1.56707,-0.30311,0.83079,0.22189,0.79038,-0.15554,0.54943,
1413393984355760640,-1.45305,-0.27677,0.85375,0.19551,0.79497,-0.12499,0.56052,
1413393984455760384,-1.33320,-0.23185,0.87677,0.17351,0.79686,-0.09730,0.57047,
1413393984555760384,-1.21301,-0.17103,0.90351,0.15550,0.79625,-0.07312,0.58005,
1413393984655760640,-1.09322,-0.09523,0.92611,0.13053,0.79926,-0.06047,0.58352,
1413393984755760384,-0.97540,-0.00751,0.93904,0.09651,0.80198,-0.06446,0.58597,
1413393984855760640,-0.85996,0.08625,0.94145,0.06798,0.80495,-0.07545,0.58458,
1413393984955760384,-0.74690,0.17982,0.93145,0.04459,0.80985,-0.10022,0.57630,
1413393985055760384,-0.63759,0.26645,0.91232,0.04024,0.81081,-0.12749,0.56983,
1413393985155760640,-0.52826,0.34403,0.88786,0.06009,0.80542,-0.14967,0.57034,
1413393985255760384,-0.42271,0.41335,0.85643,0.09174,0.79618,-0.17012,0.57336,
1413393985355760640,-0.31999,0.47906,0.82249,0.12772,0.78724,-0.19134,0.57212,
1413393985455760384,-0.21916,0.54529,0.79060,0.16019,0.77810,-0.21683,0.56734,
1413393985555760384,-0.12057,0.61354,0.76135,0.18552,0.76842,-0.24678,0.56055,
1413393985655760640,-0.02449,0.68421,0.73256,0.19752,0.76236,-0.28404,0.54692,
1413393985755760384,0.06965,0.75486,0.70629,0.20314,0.75770,-0.32353,0.52911,
1413393985855760640,0.16342,0.82072,0.68414,0.20949,0.75136,-0.35966,0.51208,
1413393985955760384,0.25754,0.87786,0.66897,0.21621,0.74030,-0.39463,0.49948,
1413393986055760384,0.35394,0.92121,0.66195,0.22720,0.72544,-0.42529,0.49117,
1413393986155760640,0.44769,0.95526,0.65766,0.23780,0.70661,-0.45586,0.48616,
1413393986255760384,0.53480,0.98308,0.65058,0.24602,0.68200,-0.48847,0.48554,
1413393986355760640,0.61129,0.99081,0.64849,0.25542,0.65743,-0.51903,0.48286,
1413393986455760384,0.67900,0.98850,0.64580,0.26928,0.63261,-0.54724,0.47732,
1413393986555760384,0.72815,0.96430,0.65525,0.30031,0.61459,-0.56203,0.46499,
1413393986655760640,0.76532,0.93629,0.66315,0.34697,0.60285,-0.56438,0.44459,
1413393986755760384,0.79385,0.90309,0.67367,0.39002,0.58591,-0.56622,0.42894,
1413393986855760640,0.81979,0.87146,0.68586,-0.42769,-0.56787,0.56819,-0.41444,
1413393986955760384,0.84944,0.84495,0.69716,-0.44902,-0.55370,0.57450,-0.40218,
1413393987055760384,0.88436,0.82618,0.70184,-0.45106,-0.54534,0.58868,-0.39065,
1413393987155760640,0.92441,0.81188,0.70012,-0.44914,-0.54070,0.60004,-0.38194,
1413393987255760384,0.96515,0.79663,0.69017,-0.44625,-0.53851,0.60798,-0.37581,
1413393987455760384,1.07245,0.75666,0.69301,-0.44099,-0.53834,0.61448,-0.37167,
1413393987555760384,1.12937,0.73545,0.70053,-0.44286,-0.53756,0.61395,-0.37145,
1413393987755760384,1.24688,0.68787,0.71765,-0.45372,-0.52559,0.61943,-0.36633,
1413393987955760384,1.37663,0.64007,0.72266,-0.45186,-0.51000,0.63421,-0.36537,
1413393988155760640,1.50640,0.58899,0.68063,-0.45855,-0.50193,0.63750,-0.36247,
1413393988355760640,1.64149,0.54018,0.60432,-0.47547,-0.50093,0.62964,-0.35574,
1413393988455760384,1.71496,0.51948,0.56605,-0.48432,-0.50594,0.62414,-0.34627,
1413393988555760384,1.79444,0.49708,0.52960,-0.49368,-0.51595,0.61787,-0.32909,
1413393988655760640,1.88523,0.47669,0.49855,-0.49662,-0.51754,0.61650,-0.32472,
1413393988755760384,1.98948,0.45719,0.46876,-0.48444,-0.50924,0.62790,-0.33428,
1413393988855760640,2.09652,0.43868,0.44520,-0.46030,-0.49289,0.65227,-0.34602,
1413393988955760384,2.20786,0.40970,0.44514,-0.43230,-0.47062,0.68238,-0.35494,
1413393989055760384,2.29830,0.38863,0.44782,-0.41073,-0.44910,0.70863,-0.35700,
1413393989155760640,2.37537,0.35927,0.47040,-0.39162,-0.43069,0.73173,-0.35456,
1413393989255760384,2.43012,0.32363,0.51106,-0.38691,-0.42242,0.74484,-0.34215,
1413393989355760640,2.45908,0.27728,0.56874,-0.43270,-0.42997,0.72519,-0.31937,
1413393989455760384,2.47546,0.22548,0.62805,-0.48632,-0.43043,0.69552,-0.30735,
1413393989555760384,2.49259,0.17263,0.67715,0.52128,0.42674,-0.67339,0.30447,
1413393989655760640,2.51585,0.12408,0.70628,0.53276,0.42480,-0.66680,0.30181,
1413393989855760640,2.58505,0.03506,0.72886,0.52544,0.40846,-0.68448,0.29759,
1413393989955760384,2.62566,-0.00243,0.72460,0.52104,0.38542,-0.69833,0.30382,
1413393990055760384,2.66273,-0.03213,0.71200,0.52323,0.35514,-0.71173,0.30586,
1413393990155760640,2.70163,-0.05743,0.69603,0.53252,0.32574,-0.72411,0.29321,
1413393990255760384,2.73934,-0.07364,0.67177,0.54099,0.29464,-0.73858,0.27391,
1413393990355760640,2.77566,-0.08018,0.64100,0.54213,0.26100,-0.75781,0.25237,
1413393990455760384,2.80847,-0.07549,0.61125,0.54178,0.22431,-0.77578,0.23307,
1413393990555760384,2.83624,-0.06106,0.58487,0.53573,0.18798,-0.79434,0.21606,
1413393990655760640,2.85886,-0.03734,0.56052,0.51451,0.16085,-0.82008,0.19203,
1413393990755760384,2.86594,-0.00677,0.54033,-0.48570,-0.15795,0.84677,-0.14877,
1413393990855760640,2.85352,0.02101,0.52697,-0.46598,-0.16740,0.86267,-0.10316,
1413393990955760384,2.81874,0.03764,0.52132,-0.47119,-0.17810,0.86102,-0.07003,
1413393991055760384,2.76003,0.03524,0.52827,0.51198,0.18744,-0.83652,0.05466,
1413393991155760640,2.69133,0.01547,0.54003,0.56934,0.18625,-0.79837,0.06135,
1413393991255760384,2.62640,-0.01719,0.55584,0.62437,0.17599,-0.75652,0.08290,
1413393991355760640,2.57889,-0.05495,0.56922,0.66073,0.16412,-0.72443,0.10819,
1413393991455760384,2.55338,-0.09007,0.57531,0.65746,0.15406,-0.72559,0.13238,
1413393991555760384,2.54857,-0.11828,0.57639,0.61869,0.14567,-0.75643,0.15435,
1413393991655760640,2.55677,-0.13717,0.57759,0.57042,0.13703,-0.79112,0.17314,
1413393991755760384,2.56409,-0.14341,0.58500,0.53183,0.13331,-0.81693,0.17893,
1413393991855760640,2.56053,-0.13793,0.60188,0.52415,0.13577,-0.82310,0.17128,
1413393991955760384,2.54285,-0.12446,0.63140,0.56079,0.15203,-0.80085,0.14507,
1413393992055760384,2.52272,-0.10726,0.66327,0.60400,0.16318,-0.76941,0.12867,
1413393992155760640,2.51246,-0.08928,0.68913,0.62144,0.16846,-0.75564,0.12016,
1413393992255760384,2.51454,-0.07002,0.70400,0.59482,0.17433,-0.77691,0.11050,
1413393992355760640,2.52597,-0.05168,0.71695,0.55690,0.16905,-0.80513,0.11421,
1413393992455760384,2.53403,-0.03715,0.73058,0.52625,0.15224,-0.82572,0.13442,
1413393992555760384,2.53383,-0.02241,0.74228,0.52432,0.13929,-0.82659,0.14976,
1413393992655760640,2.52046,-0.00341,0.74820,0.55327,0.14000,-0.80768,0.14815,
1413393992755760384,2.50132,0.01980,0.75325,0.59925,0.14991,-0.77460,0.13573,
1413393992855760640,2.48807,0.04471,0.75644,0.62837,0.15993,-0.75142,0.12226,
1413393992955760384,2.49077,0.07162,0.75614,0.62248,0.16730,-0.75641,0.11127,
1413393993055760384,2.50909,0.09939,0.75292,0.59402,0.17376,-0.77898,0.10067,
1413393993155760640,2.53466,0.12310,0.75303,0.56229,0.17333,-0.80252,0.09872,
1413393993255760384,2.56335,0.14258,0.75143,0.51881,0.16959,-0.83192,0.09988,
1413393993355760640,2.58097,0.15529,0.75501,-0.48053,-0.16932,0.85501,-0.09685,
1413393993455760384,2.57978,0.15897,0.76582,-0.46984,-0.17568,0.86068,-0.08726,
1413393993555760384,2.55543,0.15067,0.78686,-0.49659,-0.17878,0.84503,-0.08580,
1413393993655760640,2.51797,0.13041,0.81569,0.54861,0.17667,-0.81185,0.09335,
1413393993755760384,2.47944,0.10279,0.84255,0.60361,0.17101,-0.77199,0.10219,
1413393993855760640,2.44829,0.07337,0.85145,0.64222,0.16644,-0.74039,0.10799,
1413393993955760384,2.43350,0.04466,0.83807,0.66821,0.16184,-0.71735,0.11276,
1413393994055760384,2.44247,0.01931,0.81658,0.68225,0.15339,-0.70384,0.12495,
1413393994155760640,2.48365,0.00253,0.80821,0.67852,0.14222,-0.70655,0.14201,
1413393994255760384,2.55583,-0.00154,0.81654,0.66030,0.13321,-0.72214,0.15736,
1413393994355760640,2.64897,0.00667,0.83912,0.62063,0.13252,-0.75592,0.16075,
1413393994455760384,2.75300,0.02689,0.85701,0.56455,0.13893,-0.79938,0.15154,
1413393994555760384,2.85442,0.05278,0.85440,0.50253,0.14647,-0.84110,0.13625,
1413393994655760640,2.94232,0.07777,0.83305,-0.44828,-0.14918,0.87298,-0.12123,
1413393994755760384,3.00568,0.09869,0.80113,-0.41520,-0.15076,0.89089,-0.10580,
1413393994855760640,3.03254,0.10992,0.77733,-0.43335,-0.15829,0.88283,-0.08813,
1413393994955760384,3.03724,0.11023,0.75924,-0.48370,-0.15720,0.85713,-0.08159,
1413393995055760384,3.01878,0.10159,0.74341,0.52472,0.14882,-0.83315,0.09157,
1413393995155760640,2.99104,0.08559,0.72315,0.55088,0.13619,-0.81581,0.11156,
1413393995255760384,2.96173,0.06859,0.69412,0.55923,0.12710,-0.80673,0.14247,
1413393995355760640,2.93028,0.05530,0.66164,0.55658,0.13327,-0.80235,0.16943,
1413393995455760384,2.89711,0.04839,0.63236,0.55193,0.15290,-0.79698,0.19188,
1413393995555760384,2.85501,0.05260,0.60585,0.54853,0.18319,-0.78853,0.20922,
1413393995655760640,2.81250,0.06436,0.58308,0.54889,0.22191,-0.77441,0.22308,
1413393995755760384,2.76611,0.08395,0.56304,0.55368,0.26634,-0.75279,0.23624,
1413393995855760640,2.72437,0.10848,0.54721,0.55403,0.30800,-0.72959,0.25667,
1413393995955760384,2.68540,0.13606,0.53278,0.54938,0.34447,-0.70711,0.28198,
1413393996055760384,2.64808,0.17554,0.51280,0.54266,0.37398,-0.68774,0.30442,
1413393996155760640,2.61868,0.22165,0.49847,0.53424,0.39192,-0.67495,0.32470,
1413393996255760384,2.59290,0.27757,0.48084,0.51508,0.40550,-0.67513,0.33832,
1413393996355760640,2.56923,0.34219,0.46125,-0.49672,-0.42101,0.67992,-0.33723,
1413393996455760384,2.53983,0.41579,0.43028,-0.48518,-0.43431,0.68356,-0.32974,
1413393996555760384,2.52032,0.48173,0.39772,-0.47515,-0.44289,0.68891,-0.32169,
1413393996655760640,2.49573,0.54881,0.35542,-0.46692,-0.44965,0.69341,-0.31462,
1413393996755760384,2.47053,0.61056,0.31654,-0.46178,-0.45632,0.69317,-0.31312,
1413393996855760640,2.44497,0.66505,0.28397,-0.46236,-0.46593,0.68546,-0.31507,
1413393996955760384,2.42088,0.71026,0.25809,-0.46139,-0.47786,0.67645,-0.31811,
1413393997055760384,2.39716,0.75095,0.23765,-0.45764,-0.48919,0.66884,-0.32235,
1413393997255760384,2.35416,0.81286,0.20171,-0.45735,-0.50073,0.65469,-0.33390,
1413393997655760640,2.28898,0.89187,0.08119,-0.46565,-0.50402,0.63704,-0.35116,
1413393997755760384,2.28046,0.90768,0.04910,-0.46469,-0.50436,0.63736,-0.35135,
1413393997855760640,2.27690,0.92178,0.02363,-0.46348,-0.50525,0.63926,-0.34822,
1413393997955760384,2.27025,0.93581,-0.00187,-0.46245,-0.50598,0.64080,-0.34567,
1413393998055760384,2.27353,0.94871,-0.01867,-0.46219,-0.50632,0.64225,-0.34283,
1413393998155760640,2.28042,0.95687,-0.03408,-0.46321,-0.50481,0.64416,-0.34008,
1413393998255760384,2.29110,0.96279,-0.04736,-0.46597,-0.50189,0.64544,-0.33822,
1413393998355760640,2.30641,0.96829,-0.05558,-0.46770,-0.49796,0.64709,-0.33847,
1413393998455760384,2.32595,0.97073,-0.05993,-0.46124,-0.49589,0.65424,-0.33665,
1413393998555760384,2.34846,0.96934,-0.05926,-0.45424,-0.48931,0.66170,-0.34117,
1413393998655760640,2.37145,0.96426,-0.05832,-0.44962,-0.47861,0.66641,-0.35309,
1413393998755760384,2.39349,0.95515,-0.05355,-0.44507,-0.46897,0.66968,-0.36540,
1413393998855760640,2.40929,0.94952,-0.05908,-0.44545,-0.46516,0.66908,-0.37086,
1413393999055760384,2.42062,0.94132,-0.07819,-0.46440,-0.47850,0.65545,-0.35462,
1413393999155760640,2.42404,0.93844,-0.09136,-0.47065,-0.48879,0.65076,-0.34071,
1413393999255760384,2.43018,0.93530,-0.10708,-0.46674,-0.49410,0.65372,-0.33267,
1413393999355760640,2.43918,0.92878,-0.12321,-0.45475,-0.48995,0.66252,-0.33795,
1413393999455760384,2.44839,0.91854,-0.13869,-0.44502,-0.48371,0.66946,-0.34613,
1413393999555760384,2.45474,0.90601,-0.15200,-0.44089,-0.47744,0.67258,-0.35396,
1413393999655760640,2.45605,0.89023,-0.16393,-0.44059,-0.47123,0.67290,-0.36197,
1413393999755760384,2.45149,0.87446,-0.17739,-0.44005,-0.46789,0.67294,-0.36687,
1413393999855760640,2.44150,0.85950,-0.19889,-0.43916,-0.46631,0.67293,-0.36995,
1413393999955760384,2.42547,0.84408,-0.22796,-0.44104,-0.46828,0.67094,-0.36883,
1413394000055760384,2.41105,0.83476,-0.24685,-0.46830,-0.47926,0.65407,-0.35099,
1413394000155760640,2.41610,0.83656,-0.23065,-0.47513,-0.47757,0.64998,-0.35172,
1413394000255760384,2.42115,0.84094,-0.22935,-0.49019,-0.48437,0.64188,-0.33631,
1413394000355760640,2.41752,0.84507,-0.25015,-0.47539,-0.46168,0.65840,-0.35689,
1413394000455760384,2.41523,0.84579,-0.24383,-0.48059,-0.46957,0.65367,-0.34822,
1413394001855760640,2.41490,0.84587,-0.24911,-0.47871,-0.46769,0.65423,-0.35226,
