1403715280712142848,0.23578,0.00899,0.28646,0.14162,0.80828,-0.12144,0.55846,
1403715280812143104,0.25639,0.01160,0.29601,0.15272,0.80563,-0.14140,0.55465,
1403715280912143104,0.27645,0.01502,0.30565,0.16407,0.80193,-0.15912,0.55197,
1403715281012142848,0.29625,0.02047,0.31519,0.17093,0.79912,-0.17153,0.55024,
1403715281112143104,0.31571,0.02588,0.32510,0.16858,0.79893,-0.17572,0.54993,
1403715281212142848,0.33506,0.03520,0.33481,0.15135,0.79981,-0.17026,0.55534,
1403715281312143104,0.35555,0.04220,0.34334,0.13646,0.79945,-0.16878,0.56015,
1403715281412143104,0.37644,0.04727,0.34611,0.13762,0.79946,-0.17612,0.55758,
1403715281512142848,0.39740,0.05039,0.35144,0.14519,0.79718,-0.18841,0.55491,
1403715281612143104,0.41776,0.05309,0.35273,0.15443,0.79393,-0.20341,0.55178,
1403715281712142848,0.43878,0.05397,0.35036,0.16496,0.78920,-0.22223,0.54823,
1403715281812143104,0.45953,0.05352,0.34614,0.17715,0.78383,-0.24393,0.54289,
1403715281912143104,0.48448,0.05329,0.33987,0.19181,0.77673,-0.26657,0.53744,
1403715282012142848,0.50865,0.05313,0.33217,0.20522,0.76913,-0.28933,0.53162,
1403715282112143104,0.53386,0.05268,0.32237,0.22042,0.76090,-0.31062,0.52532,
1403715282212142848,0.56055,0.05268,0.31215,0.23473,0.75254,-0.33101,0.51867,
1403715282312143104,0.58908,0.05314,0.29985,0.24901,0.74393,-0.35154,0.51087,
1403715282412143104,0.61848,0.05172,0.28946,0.26454,0.73536,-0.37065,0.50189,
1403715282512142848,0.64746,0.05227,0.27872,0.27769,0.72522,-0.39003,0.49480,
1403715282612143104,0.68260,0.05017,0.26922,0.29038,0.71452,-0.40711,0.48929,
1403715282712142848,0.71721,0.04821,0.25702,0.30166,0.70227,-0.42449,0.48541,
1403715282812143104,0.75429,0.04681,0.24397,0.31022,0.69010,-0.44276,0.48113,
1403715282912143104,0.79084,0.04500,0.23166,0.32234,0.67807,-0.45846,0.47554,
1403715283012142848,0.82547,0.04221,0.21734,0.33268,0.66560,-0.47487,0.46989,
1403715283112143104,0.86310,0.03914,0.20070,0.34152,0.65201,-0.49162,0.46536,
1403715283212142848,0.89557,0.03781,0.18745,0.34941,0.63749,-0.50838,0.46159,
1403715283312143104,0.92772,0.03701,0.17387,0.35795,0.62397,-0.52373,0.45632,
1403715283412143104,0.96086,0.03657,0.16049,0.36683,0.61219,-0.53777,0.44884,
1403715283512142848,0.99026,0.03747,0.14739,0.37407,0.60358,-0.55139,0.43787,
1403715283612143104,1.01603,0.03904,0.13663,0.38144,0.59713,-0.56288,0.42558,
1403715283712142848,1.04063,0.03921,0.12682,0.38675,0.59246,-0.57054,0.41701,
1403715284112143104,1.13966,0.02717,0.08537,0.38985,0.58350,-0.58134,0.41182,
1403715284212142848,1.16180,0.02135,0.07394,-0.38320,-0.58368,0.58400,-0.41402,
1403715284312143104,1.18123,0.01340,0.06367,-0.37570,-0.58257,0.58649,-0.41891,
1403715284512142848,1.20915,-0.01228,0.04889,0.37974,0.58792,-0.57812,0.41942,
1403715284712142848,1.22806,-0.04724,0.03661,0.38857,0.59510,-0.56528,0.41873,
1403715284912143104,1.24502,-0.08354,0.02793,0.39781,0.58825,-0.56564,0.41925,
1403715285012142848,1.25168,-0.09899,0.02546,-0.40607,-0.57283,0.57376,-0.42164,
1403715285112143104,1.25653,-0.11168,0.02530,-0.41670,-0.55595,0.58497,-0.41844,
1403715285212142848,1.26113,-0.11932,0.02675,-0.42327,-0.54192,0.60040,-0.40827,
1403715285312143104,1.26474,-0.12253,0.03244,-0.42275,-0.53073,0.61691,-0.39879,
1403715285412143104,1.26868,-0.12504,0.04997,-0.41838,-0.52440,0.63088,-0.38980,
1403715285612143104,1.26602,-0.12927,0.12241,-0.41398,-0.51655,0.64440,-0.38281,
1403715285812143104,1.24525,-0.14060,0.19947,-0.41748,-0.51300,0.64671,-0.37987,
1403715285912143104,1.22617,-0.14757,0.23399,-0.42396,-0.51653,0.64359,-0.37317,
1403715286012142848,1.20549,-0.15681,0.26536,-0.42879,-0.52167,0.64077,-0.36526,
1403715286212142848,1.16528,-0.18258,0.31961,-0.42863,-0.52216,0.64221,-0.36220,
1403715286412143104,1.12503,-0.22153,0.36344,-0.42997,-0.52256,0.64167,-0.36099,
1403715286612143104,1.07399,-0.26217,0.41024,-0.43685,-0.52100,0.63928,-0.35922,
1403715286712142848,1.06106,-0.29439,0.42151,-0.44536,-0.51189,0.64009,-0.36044,
1403715286812143104,1.04582,-0.32018,0.43851,-0.45235,-0.50274,0.64518,-0.35550,
1403715286912143104,1.02281,-0.35318,0.43706,-0.45230,-0.49848,0.65393,-0.34544,
1403715287012142848,1.00786,-0.37440,0.45619,-0.45335,-0.49548,0.66014,-0.33643,
1403715287212142848,0.98346,-0.43402,0.48181,-0.46293,-0.48649,0.66272,-0.33138,
1403715287312143104,0.98048,-0.46659,0.48262,-0.46843,-0.48137,0.66147,-0.33364,
1403715287512142848,0.96389,-0.53312,0.51970,-0.46605,-0.47122,0.66666,-0.34105,
1403715287712142848,0.95173,-0.58913,0.54965,-0.46483,-0.44658,0.68581,-0.33787,
1403715287812143104,0.93965,-0.61424,0.56714,-0.47217,-0.43168,0.69476,-0.32867,
1403715287912143104,0.92337,-0.63644,0.58549,-0.48411,-0.41475,0.70280,-0.31573,
1403715288012142848,0.90363,-0.65680,0.60507,-0.49718,-0.39559,0.71154,-0.30005,
1403715288112143104,0.88519,-0.67218,0.62199,0.50733,0.37551,-0.72055,0.28708,
1403715288212142848,0.86665,-0.68698,0.63375,0.51298,0.36142,-0.72805,0.27598,
1403715288312143104,0.84824,-0.70034,0.63532,0.51653,0.35261,-0.73331,0.26669,
1403715288512142848,0.81420,-0.71989,0.61338,0.51849,0.34235,-0.73893,0.26068,
1403715288912143104,0.75017,-0.71948,0.65058,0.51994,0.34522,-0.73992,0.25099,
1403715289012142848,0.73360,-0.71561,0.64545,0.52178,0.34230,-0.74255,0.24332,
1403715289112143104,0.71761,-0.71006,0.62580,0.52332,0.33536,-0.74726,0.23511,
1403715289212142848,0.70295,-0.70532,0.59899,0.52636,0.32934,-0.75067,0.22578,
1403715289312143104,0.68864,-0.70204,0.57128,0.52845,0.32227,-0.75479,0.21718,
1403715289412143104,0.67507,-0.70014,0.54117,0.53114,0.31171,-0.76005,0.20749,
1403715289512142848,0.66259,-0.70041,0.50667,0.53221,0.29809,-0.76736,0.19761,
1403715289612143104,0.65055,-0.70353,0.46898,0.53350,0.28343,-0.77441,0.18797,
1403715289712142848,0.63914,-0.70961,0.42805,0.53240,0.27218,-0.78093,0.18061,
1403715289812143104,0.62837,-0.71983,0.39369,0.53335,0.26623,-0.78326,0.17654,
1403715290112143104,0.59165,-0.77354,0.35861,0.53361,0.26863,-0.78068,0.18338,
1403715290312143104,0.56387,-0.82445,0.38235,0.52659,0.28178,-0.77979,0.18769,
1403715290412143104,0.54787,-0.85597,0.39507,0.51990,0.28481,-0.78221,0.19165,
1403715290612143104,0.51105,-0.92851,0.41449,0.52018,0.28478,-0.78021,0.19896,
1403715290712142848,0.48992,-0.96814,0.42175,0.52392,0.28279,-0.77801,0.20059,
1403715290812143104,0.46757,-1.00888,0.42814,0.52978,0.28050,-0.77464,0.20147,
1403715291012142848,0.42412,-1.09228,0.43512,0.53102,0.26935,-0.77615,0.20751,
1403715291112143104,0.40292,-1.13246,0.43727,0.53072,0.25852,-0.77829,0.21392,
1403715291312143104,0.35455,-1.20048,0.43663,0.53242,0.23900,-0.78264,0.21654,
1403715291512142848,0.29547,-1.24941,0.42294,0.53286,0.22570,-0.78963,0.20396,
1403715291612143104,0.26225,-1.26705,0.41298,0.53091,0.21802,-0.79475,0.19742,
1403715291712142848,0.22593,-1.27852,0.40170,0.52951,0.20996,-0.79890,0.19310,
1403715291812143104,0.18559,-1.28687,0.39143,0.53187,0.20883,-0.80010,0.18262,
1403715291912143104,0.14101,-1.29358,0.38042,0.53648,0.21470,-0.79908,0.16601,
1403715292012142848,0.09423,-1.30010,0.36667,0.53742,0.21675,-0.79955,0.15787,
1403715292212142848,-0.00266,-1.32224,0.33881,0.53535,0.22763,-0.79752,0.15983,
1403715292312143104,-0.05258,-1.33873,0.32529,0.53168,0.24259,-0.79409,0.16702,
1403715292412143104,-0.10312,-1.35858,0.31217,0.52827,0.26246,-0.78806,0.17610,
1403715292512142848,-0.15549,-1.38392,0.30025,0.52364,0.28441,-0.78052,0.18893,
1403715292612143104,-0.20622,-1.41292,0.29126,0.52561,0.30721,-0.76593,0.20666,
1403715292712142848,-0.25440,-1.44469,0.28593,0.53104,0.33237,-0.74641,0.22451,
1403715292812143104,-0.29906,-1.47876,0.28495,0.53163,0.35825,-0.72862,0.24114,
1403715292912143104,-0.33607,-1.51320,0.29336,0.52160,0.38333,-0.71780,0.25643,
1403715293012142848,-0.36611,-1.54729,0.31318,0.50737,0.40197,-0.71021,0.27675,
1403715293112143104,-0.39269,-1.58162,0.34267,-0.49547,-0.41790,0.70081,-0.29789,
1403715293212142848,-0.41732,-1.61497,0.37437,-0.48399,-0.43455,0.69137,-0.31452,
1403715293312143104,-0.44168,-1.64725,0.40724,-0.47706,-0.44993,0.67890,-0.33027,
1403715293412143104,-0.46446,-1.67777,0.43892,-0.47355,-0.46316,0.66426,-0.34640,
1403715293512142848,-0.48732,-1.70363,0.46705,-0.46778,-0.47665,0.65222,-0.35860,
1403715293612143104,-0.50681,-1.72531,0.49997,-0.45739,-0.49112,0.64429,-0.36671,
1403715293712142848,-0.53378,-1.74492,0.53752,-0.44653,-0.50603,0.63749,-0.37169,
1403715293812143104,-0.54788,-1.76109,0.56133,-0.43676,-0.52023,0.62973,-0.37689,
1403715293912143104,-0.57203,-1.77845,0.59319,-0.42674,-0.53362,0.62118,-0.38378,
1403715294012142848,-0.59359,-1.79487,0.61957,-0.41878,-0.54695,0.60952,-0.39237,
1403715294112143104,-0.61552,-1.80974,0.63306,-0.41080,-0.55952,0.59615,-0.40346,
1403715294212142848,-0.63746,-1.82401,0.63434,-0.40383,-0.57006,0.58124,-0.41727,
1403715294312143104,-0.66028,-1.83538,0.62248,0.39488,0.58082,-0.56702,0.43035,
1403715294412143104,-0.68340,-1.84390,0.59785,0.38565,0.59296,-0.55242,0.44102,
1403715294512142848,-0.70805,-1.85031,0.56967,0.37739,0.60660,-0.53654,0.44915,
1403715294612143104,-0.73295,-1.85328,0.54050,0.36385,0.62351,-0.52341,0.45264,
1403715294712142848,-0.75818,-1.85464,0.51253,0.35203,0.64270,-0.50848,0.45216,
1403715294812143104,-0.78309,-1.85581,0.48581,0.34013,0.65905,-0.49314,0.45473,
1403715294912143104,-0.80556,-1.85798,0.45938,0.33051,0.67249,-0.47646,0.45990,
1403715295012142848,-0.82473,-1.86110,0.43541,0.32320,0.68136,-0.45826,0.47041,
1403715295112143104,-0.84073,-1.86403,0.41217,0.31259,0.68799,-0.44238,0.48296,
1403715295212142848,-0.85483,-1.86564,0.39281,0.30133,0.69247,-0.42742,0.49698,
1403715295312143104,-0.86953,-1.86494,0.38212,0.28883,0.70004,-0.41242,0.50639,
1403715295412143104,-0.88529,-1.86188,0.38206,0.27449,0.71284,-0.39482,0.51052,
1403715295512142848,-0.90022,-1.85824,0.39268,0.26113,0.72536,-0.37487,0.51491,
1403715295612143104,-0.91673,-1.85406,0.39410,0.25300,0.73546,-0.35545,0.51841,
1403715295712142848,-0.93360,-1.84945,0.38241,0.24746,0.74045,-0.34129,0.52347,
1403715295812143104,-0.94978,-1.84211,0.36313,0.23903,0.74404,-0.32938,0.52988,
1403715295912143104,-0.96580,-1.83223,0.34187,0.22832,0.74622,-0.31877,0.53797,
1403715296012142848,-0.98296,-1.82035,0.31762,0.21677,0.74709,-0.31026,0.54645,
1403715296112143104,-1.00324,-1.80753,0.28875,0.20230,0.75037,-0.30801,0.54878,
1403715296212142848,-1.02621,-1.79493,0.25755,0.18970,0.75916,-0.30421,0.54327,
1403715296312143104,-1.05190,-1.78519,0.22588,0.17787,0.77052,-0.29822,0.53453,
1403715296412143104,-1.07986,-1.77932,0.20213,0.16792,0.78158,-0.28908,0.52666,
1403715296512142848,-1.10709,-1.77978,0.18930,0.15687,0.78661,-0.28075,0.52708,
1403715296712142848,-1.15951,-1.80127,0.18960,0.15728,0.78856,-0.25895,0.53515,
1403715296912143104,-1.20620,-1.83976,0.19299,0.16361,0.78780,-0.23821,0.54393,
1403715297012142848,-1.22549,-1.85929,0.19363,0.15928,0.78984,-0.22498,0.54788,
1403715297112143104,-1.24418,-1.87617,0.19143,0.14024,0.79663,-0.21553,0.54705,
1403715297212142848,-1.25977,-1.89465,0.18410,0.11746,0.80858,-0.20337,0.53948,
1403715297312143104,-1.27103,-1.91771,0.17578,0.09582,0.81697,-0.18560,0.53753,
1403715297412143104,-1.27946,-1.94786,0.16497,0.08084,0.82211,-0.16250,0.53962,
1403715297512142848,-1.28303,-1.98565,0.15510,0.07098,0.82491,-0.13898,0.54330,
1403715297612143104,-1.28104,-2.02732,0.14500,0.05778,0.82858,-0.12168,0.54343,
1403715297712142848,-1.27400,-2.07230,0.13531,0.04139,0.83223,-0.10987,0.54186,
1403715297812143104,-1.26069,-2.12255,0.12802,0.02708,0.83059,-0.09764,0.54759,
1403715297912143104,-1.24171,-2.17964,0.12567,0.01671,0.82278,-0.08177,0.56219,
1403715298012142848,-1.21951,-2.23781,0.12606,0.00604,0.80972,-0.06317,0.58337,
1403715298112143104,-1.20295,-2.30123,0.12457,0.00213,0.80126,-0.03583,0.59723,
1403715298212142848,-1.19044,-2.36636,0.12134,0.00767,0.80119,-0.00059,0.59837,
1403715298312143104,-1.18393,-2.42733,0.11837,0.01047,0.80325,0.03086,0.59475,
1403715298412143104,-1.18116,-2.48277,0.11537,0.00911,0.80826,0.05088,0.58655,
1403715298512142848,-1.18500,-2.53061,0.12004,0.00983,0.81173,0.06402,0.58042,
1403715298612143104,-1.18659,-2.56388,0.12091,0.01744,0.81236,0.07552,0.57798,
1403715298812143104,-1.19897,-2.58885,0.13541,0.02596,0.81147,0.08241,0.57798,
1403715298912143104,-1.20764,-2.58174,0.14236,0.00366,0.82114,0.06605,0.56688,
1403715299012142848,-1.21424,-2.56553,0.14843,-0.02187,0.82951,0.05492,0.55536,
1403715299112143104,-1.21841,-2.54171,0.15615,-0.03979,0.83309,0.05612,0.54884,
1403715299212142848,-1.21548,-2.51739,0.16408,-0.05318,0.83375,0.06454,0.54578,
1403715299312143104,-1.20650,-2.49262,0.17106,-0.06631,0.83321,0.07721,0.54351,
1403715299412143104,-1.19090,-2.46767,0.17837,-0.08038,0.83145,0.09276,0.54188,
1403715299512142848,-1.16821,-2.44283,0.18728,-0.09522,0.82696,0.11125,0.54286,
1403715299612143104,-1.13886,-2.41856,0.19548,-0.11054,0.82019,0.13247,0.54546,
1403715299712142848,-1.10646,-2.39386,0.20106,-0.12802,0.81345,0.15425,0.54600,
1403715299812143104,-1.06839,-2.36992,0.20577,-0.14558,0.80679,0.17827,0.54417,
1403715299912143104,-1.02949,-2.34726,0.20702,-0.16312,0.79915,0.20357,0.54159,
1403715300012142848,-0.98743,-2.32733,0.20904,-0.17876,0.79090,0.22810,0.53897,
1403715300112143104,-0.94232,-2.31091,0.21205,-0.19090,0.77922,0.24726,0.54335,
1403715300212142848,-0.89809,-2.29379,0.21242,-0.19202,0.76851,0.26559,0.54954,
1403715300312143104,-0.85569,-2.27982,0.21415,-0.19624,0.75950,0.27493,0.55593,
1403715300412143104,-0.81855,-2.26770,0.21687,-0.20586,0.75528,0.27511,0.55811,
1403715300612143104,-0.75868,-2.25553,0.22135,-0.21397,0.75578,0.27094,0.55642,
1403715300812143104,-0.71666,-2.26114,0.22844,-0.21194,0.75874,0.26531,0.55588,
1403715300912143104,-0.69924,-2.26784,0.23129,-0.20452,0.75785,0.26617,0.55946,
1403715301012142848,-0.68596,-2.28043,0.23262,-0.19727,0.75704,0.26754,0.56249,
1403715301112143104,-0.67571,-2.29505,0.23268,-0.19110,0.75456,0.26788,0.56776,
1403715301212142848,-0.67379,-2.31038,0.23242,-0.18427,0.75055,0.26936,0.57459,
1403715301512142848,-0.71979,-2.36020,0.21725,-0.18550,0.75397,0.26754,0.57057,
1403715301612143104,-0.75028,-2.37771,0.20579,-0.18947,0.76483,0.26424,0.55615,
1403715301712142848,-0.78346,-2.39516,0.19314,-0.19095,0.77192,0.26086,0.54739,
1403715301812143104,-0.81700,-2.41377,0.18002,-0.18537,0.77250,0.26180,0.54803,
1403715302012142848,-0.88843,-2.44787,0.15635,-0.17460,0.77137,0.26301,0.55256,
1403715302212142848,-0.96992,-2.47607,0.14134,-0.16448,0.77583,0.26342,0.54922,
1403715302312143104,-1.01384,-2.48519,0.13617,-0.15870,0.77948,0.26301,0.54594,
1403715302512142848,-1.10414,-2.48811,0.13502,-0.15894,0.78306,0.25305,0.54545,
1403715302612143104,-1.15124,-2.48399,0.13597,-0.16583,0.78719,0.24420,0.54148,
1403715302712142848,-1.19724,-2.47739,0.13613,-0.16930,0.79073,0.23846,0.53779,
1403715302812143104,-1.24050,-2.46881,0.13307,-0.17125,0.79523,0.23509,0.53199,
1403715302912143104,-1.27939,-2.45786,0.12624,-0.17131,0.79952,0.23610,0.52505,
1403715303012142848,-1.31419,-2.44460,0.11931,-0.17441,0.80060,0.24398,0.51874,
1403715303112143104,-1.34156,-2.42850,0.11104,-0.18144,0.79844,0.25785,0.51292,
1403715303212142848,-1.36314,-2.40776,0.10303,-0.19192,0.79086,0.27775,0.51045,
1403715303312143104,-1.37996,-2.38309,0.09835,-0.20646,0.77568,0.30118,0.51477,
1403715303412143104,-1.39200,-2.35588,0.09496,-0.21954,0.75890,0.32748,0.51830,
1403715303512142848,-1.40422,-2.32533,0.09162,-0.23321,0.74510,0.35242,0.51598,
1403715303612143104,-1.41817,-2.29276,0.08928,-0.24921,0.73221,0.37481,0.51115,
1403715303712142848,-1.43361,-2.25800,0.08714,-0.27128,0.71997,0.39258,0.50392,
1403715303812143104,-1.45019,-2.22332,0.08465,-0.29225,0.70720,0.40974,0.49657,
1403715303912143104,-1.46684,-2.19070,0.08203,-0.31197,0.69471,0.42366,0.49047,
1403715304012142848,-1.48376,-2.16094,0.07902,-0.32427,0.68590,0.43426,0.48561,
1403715304112143104,-1.50010,-2.13566,0.07457,-0.33301,0.68066,0.44010,0.48179,
1403715304212142848,-1.51516,-2.11645,0.06989,-0.33818,0.67792,0.44309,0.47931,
1403715304412143104,-1.54202,-2.09203,0.05472,-0.33661,0.68161,0.44591,0.47251,
1403715304612143104,-1.56225,-2.08051,0.02339,-0.32541,0.68266,0.44566,0.47903,
1403715304812143104,-1.58312,-2.07621,-0.02899,-0.31771,0.68511,0.44163,0.48440,
1403715305012142848,-1.60582,-2.07801,-0.04442,-0.31148,0.68884,0.44053,0.48415,
1403715305312143104,-1.64377,-2.08283,-0.01559,-0.31221,0.69302,0.44111,0.47715,
1403715305512142848,-1.66789,-2.08362,0.00403,-0.31600,0.69073,0.44506,0.47429,
1403715305612143104,-1.67835,-2.08447,0.02948,-0.31839,0.68840,0.44867,0.47267,
1403715305712142848,-1.68843,-2.08282,0.06464,-0.32336,0.68671,0.45035,0.47016,
1403715305812143104,-1.69503,-2.08485,0.10883,-0.32631,0.68525,0.45228,0.46841,
1403715306012142848,-1.70722,-2.08221,0.18312,-0.32518,0.68455,0.45644,0.46617,
1403715306212142848,-1.71129,-2.08454,0.24492,-0.32951,0.68906,0.45219,0.46059,
1403715306312143104,-1.70923,-2.08529,0.27476,-0.33905,0.69203,0.43919,0.46180,
1403715306412143104,-1.70113,-2.08898,0.30083,-0.34634,0.69474,0.42253,0.46782,
1403715306512142848,-1.68600,-2.09719,0.32704,-0.34463,0.69836,0.40666,0.47764,
1403715306612143104,-1.66468,-2.11349,0.35327,-0.33619,0.70223,0.39044,0.49134,
1403715306712142848,-1.63881,-2.13841,0.37982,-0.32137,0.70549,0.37470,0.50853,
1403715306812143104,-1.61209,-2.17335,0.40445,-0.30098,0.70814,0.35945,0.52797,
1403715306912143104,-1.58835,-2.21725,0.42725,-0.27777,0.70998,0.34341,0.54849,
1403715307012142848,-1.56927,-2.26515,0.44547,-0.24533,0.71485,0.33241,0.56419,
1403715307112143104,-1.55777,-2.32383,0.45546,-0.21338,0.72450,0.32075,0.57157,
1403715307212142848,-1.55550,-2.38132,0.44931,-0.18390,0.73902,0.30789,0.57029,
1403715307312143104,-1.56286,-2.43672,0.43251,-0.15871,0.75259,0.29323,0.56784,
1403715307412143104,-1.57892,-2.48656,0.40903,-0.14721,0.76934,0.27039,0.55976,
1403715307512142848,-1.60157,-2.53080,0.38498,-0.14312,0.78444,0.24412,0.55189,
1403715307612143104,-1.62518,-2.56882,0.36116,-0.13887,0.79575,0.21904,0.54729,
1403715307712142848,-1.64826,-2.60290,0.33751,-0.12905,0.80457,0.19606,0.54551,
1403715307812143104,-1.66892,-2.63517,0.31250,-0.11299,0.81107,0.17514,0.54656,
1403715307912143104,-1.68719,-2.66499,0.28728,-0.09519,0.81624,0.15476,0.54839,
1403715308012142848,-1.70109,-2.69074,0.26144,-0.07715,0.81957,0.13489,0.55150,
1403715308112143104,-1.71307,-2.71322,0.23742,-0.06059,0.82223,0.11456,0.55421,
1403715308212142848,-1.72073,-2.73126,0.21385,-0.04662,0.82394,0.09744,0.55629,
1403715308312143104,-1.72566,-2.74589,0.18961,-0.03440,0.82552,0.08160,0.55739,
1403715308412143104,-1.72807,-2.75584,0.16624,-0.02634,0.82652,0.06658,0.55834,
1403715308512142848,-1.72816,-2.76155,0.14369,-0.02512,0.82689,0.05386,0.55921,
1403715308812143104,-1.70325,-2.76084,0.13008,-0.03236,0.82922,0.03789,0.55670,
1403715309012142848,-1.66626,-2.76321,0.15146,-0.04175,0.82936,0.03664,0.55594,
1403715309112143104,-1.64148,-2.76728,0.16159,-0.05047,0.82631,0.03649,0.55976,
1403715309212142848,-1.61496,-2.77430,0.17063,-0.05991,0.82149,0.03731,0.56584,
1403715309312143104,-1.58692,-2.78507,0.17994,-0.06916,0.81202,0.03880,0.57822,
1403715309512142848,-1.53529,-2.82038,0.19274,-0.06088,0.81016,0.05960,0.57998,
1403715309712142848,-1.49121,-2.86605,0.20835,-0.05873,0.81140,0.07271,0.57696,
1403715310012142848,-1.43991,-2.93260,0.22721,-0.08468,0.81394,0.06645,0.57088,
1403715310112143104,-1.42170,-2.96158,0.22937,-0.08763,0.80746,0.06225,0.58005,
1403715310212142848,-1.40536,-2.99885,0.23029,-0.08066,0.80166,0.05773,0.58950,
1403715310312143104,-1.39556,-3.04294,0.23535,-0.06216,0.79865,0.05537,0.59601,
1403715310412143104,-1.38903,-3.08729,0.23746,-0.04393,0.79865,0.04791,0.59827,
1403715310512142848,-1.39310,-3.12945,0.24058,-0.02868,0.80250,0.03646,0.59485,
1403715310612143104,-1.39840,-3.17275,0.24433,-0.01718,0.80979,0.02643,0.58587,
1403715310712142848,-1.40866,-3.21170,0.24862,-0.00906,0.81682,0.01847,0.57652,
1403715310812143104,-1.41830,-3.24893,0.25126,-0.00495,0.82080,0.01236,0.57107,
1403715310912143104,-1.42748,-3.28000,0.25672,-0.00291,0.82163,0.00737,0.56996,
1403715311012142848,-1.43527,-3.31349,0.26068,-0.00417,0.82351,0.00094,0.56729,
1403715311212142848,-1.44498,-3.37612,0.26403,-0.01329,0.82674,-0.01364,0.56227,
1403715311412143104,-1.44307,-3.44501,0.26606,-0.01578,0.82885,-0.02009,0.55889,
1403715311512142848,-1.43559,-3.48331,0.26964,-0.00707,0.82982,-0.01631,0.55775,
1403715311612143104,-1.42491,-3.52370,0.27475,-0.00022,0.82918,-0.01351,0.55882,
1403715311712142848,-1.40984,-3.56526,0.28084,0.00202,0.82848,-0.01356,0.55985,
1403715311812143104,-1.39178,-3.60476,0.28571,0.00071,0.82757,-0.01654,0.56111,
1403715311912143104,-1.37121,-3.64484,0.29040,-0.00110,0.82597,-0.02156,0.56330,
1403715312012142848,-1.34734,-3.68777,0.29532,0.00448,0.82593,-0.02206,0.56332,
1403715312112143104,-1.32018,-3.73116,0.30005,0.01131,0.82556,-0.02143,0.56379,
1403715312212142848,-1.29177,-3.77242,0.30475,0.01653,0.82493,-0.02157,0.56458,
1403715312312143104,-1.26123,-3.81262,0.30943,0.01668,0.82466,-0.02496,0.56483,
1403715312412143104,-1.22808,-3.85275,0.31349,0.01415,0.82451,-0.02978,0.56488,
1403715312512142848,-1.19519,-3.89004,0.31630,0.01181,0.82256,-0.03353,0.56756,
1403715312612143104,-1.16235,-3.92766,0.31709,0.01482,0.81981,-0.03194,0.57155,
1403715312712142848,-1.12954,-3.96477,0.31566,0.01915,0.81476,-0.02770,0.57881,
1403715312812143104,-1.09815,-4.00057,0.31135,0.02399,0.81116,-0.02108,0.58396,
1403715312912143104,-1.06951,-4.03336,0.30878,0.02590,0.80558,-0.01375,0.59177,
1403715313012142848,-1.04520,-4.06186,0.31485,0.02585,0.80153,-0.00697,0.59735,
1403715313112143104,-1.02802,-4.08495,0.33078,0.02572,0.80162,-0.00053,0.59727,
1403715313212142848,-1.01648,-4.10207,0.35260,0.02174,0.80278,0.00245,0.59588,
1403715313312143104,-1.00939,-4.11434,0.37279,0.01413,0.80669,0.00209,0.59080,
1403715313412143104,-1.00650,-4.12343,0.39085,0.00969,0.81157,0.00198,0.58417,
1403715313612143104,-1.00760,-4.13962,0.42608,0.01715,0.81653,-0.00540,0.57702,
1403715313712142848,-1.01095,-4.14337,0.44494,0.02487,0.81701,-0.00874,0.57602,
1403715313912143104,-1.02284,-4.14184,0.48614,0.02775,0.81721,-0.01866,0.57537,
1403715314112143104,-1.03589,-4.13174,0.51762,0.03286,0.81865,-0.03222,0.57245,
1403715314212142848,-1.04353,-4.12643,0.52653,0.04905,0.81937,-0.04491,0.56940,
1403715314312143104,-1.04996,-4.11985,0.53394,0.06608,0.81955,-0.06163,0.56584,
1403715314412143104,-1.05474,-4.11024,0.53871,0.07928,0.81890,-0.07992,0.56279,
1403715314512142848,-1.05700,-4.09485,0.53958,0.08827,0.81860,-0.09534,0.55947,
1403715314712142848,-1.05601,-4.05534,0.54170,0.09269,0.81602,-0.11895,0.55800,
1403715315012142848,-1.04074,-3.97915,0.54178,0.09823,0.81076,-0.12742,0.56283,
1403715315112143104,-1.03156,-3.94872,0.54089,0.09562,0.80848,-0.12928,0.56614,
1403715315212142848,-1.02211,-3.91755,0.53888,0.09341,0.80909,-0.13017,0.56543,
1403715315612143104,-0.99472,-3.79277,0.53951,0.11052,0.80198,-0.16486,0.56342,
1403715315712142848,-0.99001,-3.76149,0.54275,0.11557,0.79702,-0.18216,0.56411,
1403715315812143104,-0.98704,-3.73056,0.54429,0.11736,0.79127,-0.20438,0.56422,
1403715315912143104,-0.98709,-3.70412,0.54392,0.12614,0.78693,-0.22402,0.56094,
1403715316012142848,-0.99099,-3.68361,0.54247,0.14037,0.78277,-0.24093,0.55635,
1403715316112143104,-0.99672,-3.66546,0.53896,0.15921,0.77909,-0.25524,0.55003,
1403715316212142848,-1.00333,-3.64494,0.53114,0.17967,0.77630,-0.26967,0.54070,
1403715316312143104,-1.01075,-3.62790,0.52011,0.20015,0.77648,-0.28563,0.52482,
1403715316412143104,-1.01600,-3.61208,0.50617,0.21709,0.77837,-0.30012,0.50689,
1403715316512142848,-1.01460,-3.59542,0.49205,0.22783,0.77618,-0.31248,0.49799,
1403715316612143104,-1.00494,-3.57903,0.47772,0.23399,0.76974,-0.32278,0.49857,
1403715316812143104,-0.96914,-3.54962,0.44367,0.24462,0.75296,-0.34000,0.50755,
1403715316912143104,-0.94681,-3.53706,0.42407,0.25313,0.74382,-0.35221,0.50854,
1403715317012142848,-0.92211,-3.52371,0.40498,0.26606,0.73162,-0.36656,0.50948,
1403715317112143104,-0.89768,-3.50838,0.38514,0.27667,0.72071,-0.38631,0.50476,
1403715317212142848,-0.87314,-3.49157,0.36613,0.28815,0.71111,-0.40822,0.49462,
1403715317312143104,-0.84780,-3.47540,0.34925,0.30256,0.70049,-0.42885,0.48360,
1403715317412143104,-0.82095,-3.45841,0.33388,0.31406,0.68644,-0.45223,0.47503,
1403715317512142848,-0.79342,-3.43999,0.31924,0.32507,0.67203,-0.47448,0.46644,
1403715317612143104,-0.76704,-3.42336,0.30682,0.33781,0.65700,-0.49399,0.45849,
1403715317712142848,-0.74066,-3.40698,0.29494,0.34841,0.64091,-0.51358,0.45175,
1403715317812143104,-0.71659,-3.39215,0.28424,0.35383,0.62298,-0.53505,0.44769,
1403715317912143104,-0.69479,-3.37810,0.27371,0.35808,0.60528,-0.55618,0.44281,
1403715318012142848,-0.67749,-3.36469,0.26345,0.36641,0.59080,-0.57261,0.43453,
1403715318112143104,-0.66499,-3.35236,0.25248,-0.37250,-0.57794,0.58501,-0.43010,
1403715318212142848,-0.65799,-3.34228,0.24162,-0.37829,-0.57029,0.59274,-0.42466,
1403715318312143104,-0.65666,-3.33287,0.22967,-0.38307,-0.56544,0.59799,-0.41946,
1403715318412143104,-0.66153,-3.32436,0.21830,-0.38999,-0.56186,0.60226,-0.41171,
1403715318512142848,-0.67189,-3.31613,0.20695,-0.40118,-0.56111,0.60526,-0.39733,
1403715318612143104,-0.68469,-3.30891,0.19466,-0.40755,-0.55975,0.61299,-0.38056,
1403715318712142848,-0.69850,-3.30531,0.18192,-0.40740,-0.55712,0.62636,-0.36236,
1403715318812143104,-0.71224,-3.30856,0.16963,-0.40868,-0.54937,0.64027,-0.34819,
1403715318912143104,-0.72700,-3.31971,0.15765,-0.41618,-0.53814,0.64968,-0.33929,
1403715319012142848,-0.74166,-3.33986,0.14696,-0.42650,-0.52601,0.65583,-0.33361,
1403715319112143104,-0.75650,-3.36659,0.13734,-0.44058,-0.51278,0.66019,-0.32725,
1403715319212142848,-0.77032,-3.39892,0.12935,-0.45543,-0.49885,0.66445,-0.31976,
1403715319312143104,-0.78238,-3.43670,0.12278,-0.46697,-0.48503,0.67128,-0.30995,
1403715319412143104,-0.79136,-3.47833,0.11760,-0.47763,-0.47047,0.67861,-0.30001,
1403715319512142848,-0.79741,-3.52316,0.11311,-0.48490,-0.45307,0.68769,-0.29441,
1403715319612143104,-0.80083,-3.57057,0.10941,-0.49112,-0.43713,0.69639,-0.28768,
1403715319712142848,-0.80019,-3.62232,0.11304,-0.49498,-0.42700,0.70229,-0.28189,
1403715319912143104,-0.78909,-3.73697,0.15448,-0.49555,-0.41830,0.70899,-0.27711,
1403715320012142848,-0.78062,-3.79781,0.18499,-0.49756,-0.41368,0.71139,-0.27427,
1403715320112143104,-0.77041,-3.86003,0.21320,0.50250,0.40594,-0.71463,0.26835,
1403715320212142848,-0.75801,-3.92290,0.23937,0.51051,0.39271,-0.71958,0.25955,
1403715320312143104,-0.74272,-3.98588,0.26450,0.52435,0.37033,-0.72386,0.25285,
1403715320412143104,-0.72416,-4.04764,0.28619,0.53360,0.34013,-0.73387,0.24701,
1403715320512142848,-0.70275,-4.10394,0.30716,0.53887,0.30911,-0.74719,0.23618,
1403715320612143104,-0.67889,-4.15708,0.32752,0.54202,0.27734,-0.76059,0.22537,
1403715320712142848,-0.65339,-4.20562,0.34819,0.54438,0.24506,-0.77216,0.21763,
1403715320812143104,-0.62757,-4.24753,0.36616,0.54548,0.21614,-0.78034,0.21635,
1403715321012142848,-0.58206,-4.30275,0.39299,0.53907,0.18745,-0.79485,0.20613,
1403715321512142848,-0.54733,-4.30242,0.43887,0.53897,0.18482,-0.80031,0.18670,
1403715321712142848,-0.56620,-4.25566,0.45354,0.54368,0.19185,-0.79591,0.18475,
1403715321812143104,-0.58177,-4.22362,0.46261,0.55011,0.18534,-0.79262,0.18652,
1403715321912143104,-0.59941,-4.18440,0.47312,0.55883,0.17431,-0.78787,0.19128,
1403715322012142848,-0.61810,-4.13410,0.48200,0.55937,0.16617,-0.79046,0.18618,
1403715322112143104,-0.63745,-4.07445,0.49101,0.55330,0.16065,-0.79791,0.17718,
1403715322212142848,-0.65921,-4.00768,0.50101,0.55220,0.16562,-0.80189,0.15688,
1403715322312143104,-0.68303,-3.93653,0.50997,0.55175,0.16590,-0.80581,0.13682,
1403715322412143104,-0.70892,-3.86380,0.51321,0.55065,0.15972,-0.81082,0.11767,
1403715322512142848,-0.73676,-3.79163,0.50418,0.54882,0.14941,-0.81615,0.10179,
1403715322612143104,-0.76567,-3.72532,0.48427,0.54620,0.14059,-0.82070,0.09141,
1403715322712142848,-0.79847,-3.66453,0.46145,0.54479,0.13476,-0.82329,0.08504,
1403715322812143104,-0.83721,-3.60942,0.43955,0.54589,0.13137,-0.82350,0.08114,
1403715322912143104,-0.87983,-3.56141,0.42627,0.54706,0.13131,-0.82316,0.07674,
1403715323012142848,-0.92582,-3.51989,0.42492,0.54913,0.13191,-0.82195,0.07384,
1403715323112143104,-0.97615,-3.48414,0.43328,0.54977,0.13305,-0.82145,0.07260,
1403715323212142848,-1.02982,-3.45528,0.43781,0.55049,0.13589,-0.82070,0.07035,
1403715323312143104,-1.08646,-3.43169,0.43038,0.55202,0.13791,-0.81945,0.06895,
1403715323412143104,-1.14485,-3.41506,0.41952,0.55283,0.13776,-0.81885,0.06987,
1403715323512142848,-1.20742,-3.40530,0.41759,0.55201,0.13788,-0.81936,0.07010,
1403715323612143104,-1.27220,-3.40280,0.42798,0.55691,0.13650,-0.81613,0.07173,
1403715323712142848,-1.33932,-3.40561,0.44724,0.57467,0.13276,-0.80398,0.07587,
1403715323812143104,-1.40263,-3.41319,0.46568,0.59316,0.12975,-0.79060,0.07923,
1403715323912143104,-1.45653,-3.42426,0.48224,0.60793,0.12748,-0.77939,0.08194,
1403715324012142848,-1.49843,-3.43831,0.50013,0.62364,0.12503,-0.76671,0.08713,
1403715324112143104,-1.52705,-3.45294,0.51454,0.62358,0.12347,-0.76646,0.09186,
1403715324212142848,-1.54137,-3.46703,0.52620,0.61374,0.12193,-0.77403,0.09660,
1403715324312143104,-1.54713,-3.47966,0.53838,0.60463,0.11853,-0.78060,0.10505,
1403715324412143104,-1.54111,-3.49061,0.55022,0.58961,0.11226,-0.79131,0.11657,
1403715324512142848,-1.52854,-3.49656,0.56113,0.57025,0.10969,-0.80501,0.12142,
1403715324612143104,-1.51638,-3.49751,0.57355,0.55884,0.10950,-0.81309,0.12080,
1403715324812143104,-1.50103,-3.48623,0.60132,0.55991,0.11700,-0.81304,0.10855,
1403715324912143104,-1.49610,-3.47682,0.61366,0.56775,0.12542,-0.80771,0.09765,
1403715325012142848,-1.49171,-3.46898,0.62410,0.57675,0.12894,-0.80106,0.09506,
1403715325112143104,-1.48476,-3.46209,0.63267,0.58312,0.12934,-0.79609,0.09735,
1403715325412143104,-1.44113,-3.44200,0.64437,0.57673,0.12991,-0.79961,0.10551,
1403715325512142848,-1.42052,-3.43378,0.64524,0.56704,0.12841,-0.80628,0.10906,
1403715325712142848,-1.38337,-3.41355,0.64635,0.55777,0.11561,-0.81221,0.12586,
1403715325912143104,-1.35772,-3.37412,0.64542,0.55141,0.11363,-0.81693,0.12518,
1403715326012142848,-1.34958,-3.34633,0.64316,0.55070,0.11577,-0.81787,0.12010,
1403715326112143104,-1.34667,-3.31371,0.63950,0.55404,0.11997,-0.81634,0.11063,
1403715326212142848,-1.34759,-3.28050,0.63346,0.55863,0.12455,-0.81384,0.10042,
1403715326312143104,-1.35015,-3.24731,0.62507,0.56536,0.12694,-0.80960,0.09383,
1403715326412143104,-1.35292,-3.21536,0.61669,0.57725,0.12602,-0.80153,0.09195,
1403715326512142848,-1.35572,-3.18673,0.60886,0.58673,0.12403,-0.79490,0.09222,
1403715326612143104,-1.35214,-3.15840,0.59924,0.59293,0.12312,-0.79058,0.09087,
1403715326812143104,-1.32789,-3.09954,0.57750,0.58617,0.11753,-0.79629,0.09227,
1403715326912143104,-1.30923,-3.06955,0.56584,0.57611,0.11351,-0.80390,0.09464,
1403715327012142848,-1.28788,-3.03939,0.55570,0.56932,0.10821,-0.80899,0.09853,
1403715327112143104,-1.26666,-3.00715,0.54707,0.56465,0.10310,-0.81236,0.10301,
1403715327212142848,-1.24729,-2.97135,0.53806,0.55971,0.09998,-0.81583,0.10559,
1403715327312143104,-1.23028,-2.93210,0.53031,0.55580,0.09650,-0.81864,0.10776,
1403715327412143104,-1.21748,-2.88899,0.52313,0.55299,0.09295,-0.82070,0.10960,
1403715327612143104,-1.20497,-2.78708,0.50823,0.55214,0.10436,-0.82009,0.10817,
1403715327812143104,-1.20964,-2.67883,0.49209,0.55066,0.13631,-0.81563,0.11380,
1403715327912143104,-1.21668,-2.62422,0.48346,0.54929,0.15565,-0.81167,0.12345,
1403715328012142848,-1.22718,-2.57160,0.47471,0.55109,0.17481,-0.80529,0.13132,
1403715328212142848,-1.25339,-2.46985,0.46068,0.56221,0.19542,-0.79161,0.13813,
1403715328312143104,-1.26399,-2.42016,0.45717,0.56985,0.19866,-0.78548,0.13722,
1403715328412143104,-1.27010,-2.37323,0.45420,0.57526,0.19834,-0.78229,0.13328,
1403715328512142848,-1.27058,-2.32731,0.45151,0.57683,0.19596,-0.78243,0.12911,
1403715328612143104,-1.26554,-2.28425,0.44717,0.57083,0.19538,-0.78756,0.12542,
1403715328712142848,-1.25631,-2.24612,0.44243,0.56281,0.19959,-0.79218,0.12590,
1403715328812143104,-1.24400,-2.21351,0.43707,0.55481,0.20847,-0.79403,0.13506,
1403715328912143104,-1.22998,-2.18851,0.43300,0.54998,0.22367,-0.79043,0.15070,
1403715329012142848,-1.21406,-2.16865,0.42878,0.54544,0.24600,-0.78298,0.17008,
1403715329112143104,-1.19698,-2.15219,0.42314,0.53833,0.27124,-0.77428,0.19265,
1403715329212142848,-1.18041,-2.13824,0.41558,0.52896,0.29831,-0.76514,0.21394,
1403715329312143104,-1.16450,-2.12599,0.40685,0.51943,0.32191,-0.75724,0.23054,
1403715329412143104,-1.14933,-2.11470,0.39593,0.51285,0.33743,-0.75100,0.24317,
1403715329512142848,-1.13587,-2.10373,0.38224,0.50795,0.34806,-0.74716,0.25018,
1403715329612143104,-1.12447,-2.09466,0.36912,0.50375,0.35481,-0.74569,0.25356,
1403715330112143104,-1.08835,-2.06906,0.28843,0.50642,0.35630,-0.73954,0.26395,
1403715330312143104,-1.07946,-2.06699,0.23843,0.50263,0.36633,-0.73910,0.25864,
1403715330712142848,-1.08403,-2.07555,0.23742,0.50745,0.35821,-0.73519,0.27142,
1403715330812143104,-1.08615,-2.07863,0.26241,0.50391,0.35505,-0.73441,0.28399,
1403715330912143104,-1.08416,-2.07775,0.28263,-0.49669,-0.36258,0.73125,-0.29515,
1403715331012142848,-1.08845,-2.07734,0.30281,-0.48823,-0.37585,0.72450,-0.30899,
1403715331112143104,-1.09271,-2.07144,0.32286,-0.47728,-0.39315,0.71625,-0.32346,
1403715331212142848,-1.10164,-2.06140,0.34759,-0.46851,-0.41569,0.70611,-0.33032,
1403715331312143104,-1.11799,-2.04977,0.37437,-0.46497,-0.43554,0.69586,-0.33149,
1403715331412143104,-1.13583,-2.03444,0.41132,-0.46485,-0.45086,0.68697,-0.32971,
1403715331612143104,-1.18086,-2.00665,0.48321,-0.46249,-0.46164,0.67916,-0.33426,
1403715331712142848,-1.20718,-1.99211,0.51821,-0.46572,-0.46437,0.67561,-0.33318,
1403715331812143104,-1.23105,-1.98042,0.54662,-0.46939,-0.46638,0.67362,-0.32925,
1403715331912143104,-1.25518,-1.96675,0.57452,-0.47097,-0.46444,0.67439,-0.32815,
1403715332012142848,-1.27861,-1.95431,0.59230,-0.46691,-0.46031,0.67970,-0.32882,
1403715332112143104,-1.29821,-1.94261,0.60004,-0.46448,-0.45675,0.68537,-0.32542,
1403715332312143104,-1.34980,-1.92504,0.60222,-0.45456,-0.44180,0.69563,-0.33807,
1403715332812143104,-1.54126,-1.92079,0.62829,-0.44797,-0.46054,0.68581,-0.34188,
1403715332912143104,-1.59093,-1.92912,0.63490,-0.45276,-0.46594,0.67703,-0.34575,
1403715333012142848,-1.64482,-1.93935,0.64954,-0.46574,-0.46744,0.65973,-0.35966,
1403715333112143104,-1.69671,-1.94468,0.65391,-0.47398,-0.46954,0.64572,-0.37137,
1403715333412143104,-1.85386,-1.92809,0.65289,-0.46886,-0.48304,0.64010,-0.37028,
1403715333512142848,-1.90013,-1.91057,0.64495,-0.46589,-0.48494,0.64189,-0.36845,
1403715333712142848,-1.98795,-1.86608,0.62363,-0.46107,-0.48694,0.64478,-0.36683,
1403715333812143104,-2.03300,-1.83939,0.61545,-0.45041,-0.49225,0.65161,-0.36085,
1403715333912143104,-2.07400,-1.81298,0.60737,-0.44104,-0.49946,0.65299,-0.36004,
1403715334112143104,-2.15672,-1.76666,0.60162,-0.42896,-0.51501,0.64327,-0.37009,
1403715334412143104,-2.29342,-1.71716,0.60529,-0.41803,-0.53009,0.63322,-0.37854,
1403715334612143104,-2.39439,-1.69720,0.60971,-0.41912,-0.53354,0.62840,-0.38050,
1403715334812143104,-2.49480,-1.68581,0.61079,-0.42262,-0.53625,0.62531,-0.37791,
1403715334912143104,-2.54429,-1.68326,0.61026,-0.42430,-0.53647,0.62463,-0.37683,
1403715335012142848,-2.59269,-1.68234,0.60895,-0.42488,-0.53690,0.62465,-0.37554,
1403715335212142848,-2.68925,-1.68558,0.60525,-0.42404,-0.53989,0.62311,-0.37475,
1403715335512142848,-2.82004,-1.70997,0.59897,-0.41556,-0.55271,0.61206,-0.38367,
1403715335712142848,-2.90197,-1.73709,0.59374,-0.40468,-0.56114,0.60416,-0.39540,
1403715335912143104,-2.98343,-1.77251,0.58568,-0.39681,-0.57534,0.58965,-0.40477,
1403715336112143104,-3.06438,-1.81271,0.57982,0.39772,0.58017,-0.57540,0.41729,
1403715336212142848,-3.10492,-1.83190,0.57792,0.40047,0.57997,-0.56951,0.42300,
1403715336412143104,-3.18138,-1.86391,0.56945,0.39272,0.58699,-0.56974,0.42025,
1403715336612143104,-3.25585,-1.89539,0.56651,0.39023,0.59083,-0.56977,0.41713,
1403715336812143104,-3.32418,-1.93019,0.56708,0.39186,0.59063,-0.56996,0.41563,
1403715337012142848,-3.38794,-1.97086,0.57707,0.39462,0.59060,-0.56821,0.41545,
1403715337212142848,-3.43869,-2.01129,0.59493,0.38572,0.60209,-0.56133,0.41666,
1403715337312143104,-3.45879,-2.03347,0.60433,0.37406,0.61002,-0.55621,0.42259,
1403715337412143104,-3.47809,-2.05861,0.61321,0.36179,0.61656,-0.55203,0.42921,
1403715337512142848,-3.49849,-2.08600,0.62135,0.35181,0.61817,-0.54886,0.43914,
1403715337612143104,-3.52154,-2.11685,0.62930,0.34869,0.61986,-0.54382,0.44546,
1403715337712142848,-3.54736,-2.15071,0.63675,0.35120,0.62288,-0.53735,0.44714,
1403715337912143104,-3.60279,-2.22301,0.65110,0.35677,0.62476,-0.53221,0.44625,
1403715338012142848,-3.63028,-2.25931,0.65783,0.36030,0.62327,-0.53264,0.44499,
1403715338112143104,-3.65876,-2.29664,0.66517,0.36166,0.61935,-0.53573,0.44564,
1403715338212142848,-3.68672,-2.33300,0.67161,0.36114,0.61788,-0.53662,0.44704,
1403715338412143104,-3.74074,-2.40740,0.68216,0.35035,0.62131,-0.53257,0.45563,
1403715338512142848,-3.76963,-2.44495,0.68797,0.34235,0.62809,-0.52492,0.46126,
1403715338612143104,-3.79847,-2.48107,0.69519,0.33678,0.63805,-0.51162,0.46660,
1403715338712142848,-3.82959,-2.51894,0.70412,0.33023,0.64954,-0.49584,0.47242,
1403715338812143104,-3.86249,-2.55542,0.71239,0.32253,0.66086,-0.48224,0.47612,
1403715339012142848,-3.93249,-2.62909,0.72289,0.31175,0.67646,-0.46595,0.47760,
1403715339212142848,-4.00316,-2.70694,0.72333,0.31120,0.68733,-0.45522,0.47276,
1403715339312143104,-4.03395,-2.74601,0.72095,0.31098,0.68724,-0.45308,0.47510,
1403715339412143104,-4.06170,-2.78365,0.71739,0.31029,0.68414,-0.45330,0.47978,
1403715339512142848,-4.08995,-2.82313,0.71321,0.31086,0.68112,-0.45469,0.48239,
1403715339612143104,-4.11602,-2.86042,0.70546,0.30982,0.68035,-0.45861,0.48044,
1403715339712142848,-4.14177,-2.89732,0.69561,0.31552,0.68255,-0.45909,0.47309,
1403715339812143104,-4.16582,-2.93596,0.68443,0.32766,0.68431,-0.45552,0.46568,
1403715339912143104,-4.18497,-2.97295,0.67204,0.33782,0.68650,-0.44967,0.46086,
1403715340112143104,-4.19805,-3.03986,0.65111,0.33699,0.69999,-0.42921,0.46068,
1403715340212142848,-4.18864,-3.06548,0.64947,0.32394,0.70655,-0.41794,0.47029,
1403715340312143104,-4.17016,-3.08705,0.65417,0.30427,0.71349,-0.40526,0.48386,
1403715340412143104,-4.14603,-3.10814,0.66610,0.28074,0.72260,-0.38906,0.49767,
1403715340512142848,-4.11902,-3.12634,0.68196,0.26115,0.73305,-0.37294,0.50532,
1403715340612143104,-4.09081,-3.14432,0.69521,0.24374,0.74077,-0.36268,0.51022,
1403715340712142848,-4.06313,-3.16374,0.70587,0.23268,0.74573,-0.35533,0.51331,
1403715340812143104,-4.03518,-3.18501,0.71531,0.22604,0.74911,-0.35189,0.51373,
1403715341012142848,-3.98139,-3.23785,0.73276,0.21310,0.74694,-0.36028,0.51659,
1403715341112143104,-3.95621,-3.27060,0.74131,0.21813,0.74473,-0.36148,0.51685,
1403715341212142848,-3.93128,-3.30823,0.75144,0.22880,0.74029,-0.36046,0.51931,
1403715341312143104,-3.90783,-3.34919,0.76171,0.23709,0.73417,-0.36250,0.52286,
1403715341412143104,-3.88773,-3.38943,0.77205,0.24710,0.72890,-0.36332,0.52502,
1403715341512142848,-3.86914,-3.42801,0.78160,0.25483,0.72770,-0.36521,0.52167,
1403715341612143104,-3.85089,-3.46568,0.79158,0.26547,0.72734,-0.36338,0.51813,
1403715341712142848,-3.83385,-3.49865,0.80080,0.27808,0.72573,-0.35901,0.51682,
1403715341912143104,-3.79419,-3.54890,0.81212,0.28423,0.72943,-0.35757,0.50921,
1403715342012142848,-3.76935,-3.56431,0.81594,0.27168,0.72952,-0.36473,0.51084,
1403715342112143104,-3.74232,-3.57760,0.81989,0.25992,0.73258,-0.37010,0.50871,
1403715342212142848,-3.71550,-3.58813,0.82327,0.24784,0.73507,-0.37535,0.50730,
1403715342312143104,-3.68783,-3.60136,0.82563,0.24068,0.73633,-0.37597,0.50847,
1403715342412143104,-3.65980,-3.61693,0.82579,0.23629,0.74125,-0.36846,0.50888,
1403715342512142848,-3.62891,-3.63550,0.82481,0.22889,0.74987,-0.35635,0.50825,
1403715342612143104,-3.59677,-3.65708,0.82463,0.22883,0.75951,-0.33539,0.50822,
1403715342712142848,-3.56114,-3.68014,0.82569,0.23172,0.76662,-0.31018,0.51224,
1403715342812143104,-3.52191,-3.70131,0.82530,0.22170,0.77106,-0.29673,0.51795,
1403715342912143104,-3.47981,-3.72030,0.82630,0.20947,0.77189,-0.29031,0.52538,
1403715343012142848,-3.43487,-3.73969,0.82697,0.20162,0.77029,-0.28600,0.53310,
1403715343112143104,-3.38690,-3.76007,0.82536,0.19726,0.76970,-0.28277,0.53730,
1403715343212142848,-3.33997,-3.78017,0.82163,0.19387,0.76983,-0.28020,0.53969,
1403715343312143104,-3.29324,-3.80043,0.81524,0.19112,0.77250,-0.27933,0.53731,
1403715343412143104,-3.24610,-3.82110,0.80703,0.19040,0.77635,-0.27931,0.53199,
1403715343512142848,-3.19972,-3.84200,0.79897,0.19155,0.77792,-0.27971,0.52906,
1403715343612143104,-3.15128,-3.86320,0.79158,0.19360,0.77819,-0.28050,0.52751,
1403715343712142848,-3.09980,-3.88569,0.78523,0.19824,0.77731,-0.27998,0.52736,
1403715343812143104,-3.04366,-3.90921,0.78156,0.20573,0.77396,-0.27782,0.53055,
1403715343912143104,-2.98627,-3.93048,0.77826,0.20766,0.77190,-0.27799,0.53270,
1403715344012142848,-2.92700,-3.94841,0.77658,0.20429,0.77126,-0.27565,0.53614,
1403715344112143104,-2.86579,-3.96292,0.77569,0.19771,0.77161,-0.26752,0.54219,
1403715344212142848,-2.80372,-3.97440,0.77362,0.19060,0.77472,-0.25336,0.54708,
1403715344312143104,-2.74212,-3.98228,0.77136,0.19133,0.77685,-0.23470,0.55209,
1403715344412143104,-2.68099,-3.98496,0.76843,0.19375,0.77659,-0.21784,0.55850,
1403715344512142848,-2.62145,-3.98090,0.76427,0.19508,0.77651,-0.20497,0.56300,
1403715344612143104,-2.56222,-3.96761,0.75727,0.19151,0.77882,-0.19815,0.56347,
1403715344712142848,-2.50514,-3.94531,0.74765,0.18829,0.78593,-0.19395,0.55611,
1403715344812143104,-2.44701,-3.91382,0.73773,0.18456,0.79129,-0.19211,0.55035,
1403715344912143104,-2.38872,-3.87409,0.72836,0.18185,0.79366,-0.19111,0.54819,
1403715345012142848,-2.32682,-3.82572,0.71974,0.17379,0.79083,-0.19481,0.55357,
1403715345112143104,-2.26671,-3.77716,0.71297,0.16572,0.78552,-0.19959,0.56183,
1403715345212142848,-2.20665,-3.72242,0.70601,0.16013,0.78388,-0.20379,0.56423,
1403715345312143104,-2.14896,-3.66161,0.69526,0.15799,0.78460,-0.20588,0.56307,
1403715345412143104,-2.09483,-3.60443,0.68807,0.15656,0.78545,-0.20710,0.56184,
1403715345512142848,-2.04273,-3.54328,0.67970,0.15592,0.78596,-0.20717,0.56129,
1403715345612143104,-1.99466,-3.48014,0.67098,0.15402,0.78532,-0.20751,0.56258,
1403715345712142848,-1.94636,-3.41191,0.66147,0.15219,0.78498,-0.20786,0.56342,
1403715345812143104,-1.90212,-3.34513,0.65127,0.15036,0.78482,-0.20859,0.56386,
1403715345912143104,-1.85849,-3.27768,0.63955,0.14792,0.78922,-0.21028,0.55770,
1403715346012142848,-1.81718,-3.20730,0.62755,0.14424,0.79788,-0.21308,0.54514,
1403715346112143104,-1.77473,-3.14086,0.61953,0.14051,0.80363,-0.21664,0.53619,
1403715346212142848,-1.72886,-3.07753,0.61575,0.14023,0.80296,-0.21772,0.53683,
1403715346312143104,-1.67926,-3.01856,0.61629,0.14191,0.79821,-0.21849,0.54313,
1403715346412143104,-1.62868,-2.95973,0.61642,0.14398,0.79334,-0.21943,0.54930,
1403715346512142848,-1.57820,-2.90367,0.61854,0.14564,0.78799,-0.22187,0.55554,
1403715346612143104,-1.52892,-2.84855,0.62077,0.14523,0.78390,-0.22710,0.55932,
1403715346812143104,-1.44197,-2.74464,0.62596,0.14801,0.77874,-0.23764,0.56141,
1403715347012142848,-1.36974,-2.64959,0.62911,0.14581,0.78177,-0.25020,0.55224,
1403715347212142848,-1.30761,-2.56995,0.63604,0.15070,0.78790,-0.24207,0.54581,
1403715347312143104,-1.27603,-2.53517,0.64168,0.15013,0.79054,-0.22623,0.54893,
1403715347412143104,-1.24398,-2.50021,0.64808,0.14810,0.79338,-0.20388,0.55413,
1403715347512142848,-1.21115,-2.46304,0.66044,0.14343,0.79706,-0.18137,0.55788,
1403715347612143104,-1.17643,-2.42077,0.66418,0.13986,0.79866,-0.16355,0.56199,
1403715347712142848,-1.14346,-2.37837,0.67325,0.13026,0.79822,-0.15547,0.56719,
1403715347812143104,-1.11215,-2.33441,0.68212,0.11594,0.79858,-0.15311,0.57042,
1403715347912143104,-1.08079,-2.28621,0.68937,0.09818,0.79958,-0.14862,0.57353,
1403715348012142848,-1.05144,-2.23774,0.69555,0.07400,0.80039,-0.14328,0.57739,
1403715348112143104,-1.02396,-2.19142,0.70184,0.05278,0.80300,-0.12920,0.57941,
1403715348212142848,-0.99962,-2.14964,0.70758,0.03394,0.80760,-0.10786,0.57878,
1403715348312143104,-0.97771,-2.11382,0.71228,0.01906,0.81358,-0.08223,0.57529,
1403715348412143104,-0.95734,-2.08397,0.70910,0.00720,0.81871,-0.06120,0.57089,
1403715348512142848,-0.93665,-2.06444,0.70247,-0.00078,0.82279,-0.04730,0.56637,
1403715348612143104,-0.91549,-2.04840,0.68180,-0.00724,0.82296,-0.03980,0.56665,
1403715348712142848,-0.89393,-2.03810,0.65142,-0.01611,0.82005,-0.03848,0.57077,
1403715348812143104,-0.87357,-2.03816,0.61592,-0.02374,0.81890,-0.03565,0.57234,
1403715349012142848,-0.83141,-2.05130,0.55375,-0.03296,0.81684,-0.02086,0.57554,
1403715349312143104,-0.77767,-2.12150,0.47498,-0.03466,0.80928,0.00686,0.58636,
1403715349512142848,-0.75508,-2.18844,0.42546,-0.02850,0.80556,0.01880,0.59152,
1403715349612143104,-0.74919,-2.22445,0.39854,-0.02665,0.80772,0.02532,0.58842,
1403715349712142848,-0.74730,-2.25954,0.37175,-0.03222,0.81010,0.03337,0.58445,
1403715349812143104,-0.74875,-2.29335,0.34781,-0.04425,0.81193,0.04330,0.58046,
1403715349912143104,-0.75318,-2.32681,0.32718,-0.05773,0.81179,0.05707,0.57828,
1403715350012142848,-0.75952,-2.36150,0.30919,-0.06945,0.81138,0.07440,0.57559,
1403715350112143104,-0.76770,-2.39787,0.29177,-0.07490,0.81277,0.09063,0.57059,
1403715350212142848,-0.77341,-2.43641,0.27181,-0.07741,0.81678,0.10190,0.56258,
1403715350312143104,-0.77936,-2.47426,0.25021,-0.07205,0.82279,0.11277,0.55237,
1403715350412143104,-0.78317,-2.50914,0.23168,-0.06472,0.82715,0.12012,0.54516,
1403715350512142848,-0.77965,-2.53932,0.21187,-0.05651,0.82897,0.12508,0.54219,
1403715350612143104,-0.77163,-2.55971,0.19434,-0.05302,0.82977,0.12476,0.54140,
1403715350912143104,-0.71579,-2.57987,0.15056,-0.05748,0.82606,0.11740,0.54821,
1403715351112143104,-0.65770,-2.56262,0.13338,-0.05397,0.82258,0.12213,0.55275,
1403715351312143104,-0.59101,-2.51748,0.12665,-0.06188,0.82115,0.11944,0.55463,
1403715351412143104,-0.55490,-2.48595,0.12672,-0.06426,0.81681,0.11814,0.56101,
1403715351512142848,-0.51839,-2.45003,0.12741,-0.06340,0.81370,0.11810,0.56562,
1403715351612143104,-0.48298,-2.41025,0.13152,-0.06278,0.80576,0.11781,0.57700,
1403715351712142848,-0.45080,-2.36453,0.13515,-0.06313,0.80283,0.12063,0.58046,
1403715351812143104,-0.42340,-2.31452,0.14107,-0.07010,0.80401,0.12588,0.57690,
1403715351912143104,-0.39639,-2.25824,0.14551,-0.08431,0.80503,0.13287,0.57199,
1403715352012142848,-0.37516,-2.20044,0.15242,-0.10246,0.80540,0.14148,0.56640,
1403715352112143104,-0.35511,-2.14330,0.16377,-0.11704,0.80484,0.15325,0.56130,
1403715352212142848,-0.33568,-2.08793,0.17668,-0.13028,0.80327,0.16118,0.55840,
1403715352312143104,-0.31341,-2.03466,0.18814,-0.13706,0.80377,0.16769,0.55412,
1403715352412143104,-0.29078,-1.98401,0.19778,-0.14491,0.80389,0.16929,0.55145,
1403715352512142848,-0.26572,-1.93665,0.20456,-0.16032,0.80360,0.16283,0.54956,
1403715352612143104,-0.23821,-1.89277,0.21073,-0.15966,0.80097,0.16620,0.55257,
1403715352712142848,-0.20803,-1.85500,0.21480,-0.15403,0.79771,0.17185,0.55713,
1403715352812143104,-0.17908,-1.82063,0.21855,-0.14796,0.79243,0.17686,0.56470,
1403715353012142848,-0.12525,-1.76296,0.22451,-0.14639,0.78845,0.17921,0.56991,
1403715353212142848,-0.08659,-1.71587,0.24101,-0.14552,0.78971,0.18353,0.56700,
1403715353412143104,-0.06003,-1.67964,0.29131,-0.14637,0.79088,0.19080,0.56274,
1403715353612143104,-0.03847,-1.64622,0.30835,-0.14643,0.79068,0.19894,0.56018,
1403715353812143104,-0.02395,-1.61583,0.28406,-0.14507,0.78834,0.20713,0.56087,
1403715354012142848,-0.01626,-1.58147,0.25017,-0.14801,0.78774,0.21107,0.55947,
1403715354112143104,-0.01544,-1.56402,0.23058,-0.15742,0.79143,0.20677,0.55327,
1403715354212142848,-0.01561,-1.54883,0.21052,-0.16877,0.79470,0.20075,0.54742,
1403715354412143104,-0.00897,-1.52698,0.17365,-0.16283,0.79704,0.20741,0.54332,
1403715354912143104,0.04522,-1.48652,0.17204,-0.15960,0.79557,0.21074,0.54515,
1403715355012142848,0.06098,-1.47774,0.20113,-0.16581,0.79408,0.20850,0.54633,
1403715355112143104,0.07815,-1.47109,0.22953,-0.16581,0.79319,0.21172,0.54638,
1403715355212142848,0.09552,-1.46548,0.25491,-0.16937,0.79182,0.22035,0.54386,
1403715355312143104,0.11388,-1.46033,0.27766,-0.17466,0.78830,0.23573,0.54084,
1403715355412143104,0.13261,-1.45428,0.29934,-0.18405,0.78281,0.25385,0.53748,
1403715355512142848,0.16188,-1.44626,0.31412,-0.19923,0.77547,0.27168,0.53399,
1403715355612143104,0.17108,-1.44186,0.34024,-0.21384,0.76709,0.29054,0.53050,
1403715355712142848,0.19096,-1.43709,0.35705,-0.22344,0.75961,0.30894,0.52689,
1403715355812143104,0.21146,-1.43391,0.37162,-0.22851,0.75485,0.32244,0.52347,
1403715356012142848,0.25317,-1.42775,0.39871,-0.22919,0.75078,0.33745,0.51955,
1403715356212142848,0.29082,-1.41492,0.42366,-0.21264,0.74984,0.34415,0.52353,
1403715356412143104,0.31827,-1.38588,0.44310,-0.20182,0.75781,0.33626,0.52146,
1403715356612143104,0.33889,-1.33547,0.45135,-0.21291,0.76840,0.31817,0.51283,
1403715356712142848,0.35115,-1.30362,0.45280,-0.22142,0.76753,0.31801,0.51063,
1403715356812143104,0.36405,-1.26972,0.45183,-0.23165,0.76341,0.32423,0.50836,
1403715356912143104,0.38027,-1.23288,0.45104,-0.24268,0.75854,0.33692,0.50220,
1403715357012142848,0.40128,-1.19301,0.45667,-0.25817,0.74910,0.35271,0.49778,
1403715357112143104,0.42451,-1.15477,0.46707,-0.27374,0.73740,0.37163,0.49315,
1403715357212142848,0.45020,-1.11570,0.48050,-0.28530,0.72558,0.39140,0.48881,
1403715357312143104,0.47855,-1.07907,0.49570,-0.29044,0.71437,0.40744,0.48919,
1403715357412143104,0.50979,-1.04302,0.51223,-0.29201,0.70726,0.41812,0.48957,
1403715357612143104,0.57011,-0.97150,0.53964,-0.28853,0.70224,0.43175,0.48703,
1403715357812143104,0.62307,-0.89397,0.55920,-0.28297,0.69406,0.43947,0.49505,
1403715358012142848,0.65857,-0.80816,0.56608,-0.27264,0.69269,0.44638,0.49659,
1403715358212142848,0.67382,-0.70608,0.56344,-0.27750,0.70010,0.44113,0.48811,
1403715358312143104,0.67570,-0.64808,0.56049,-0.28139,0.70390,0.43781,0.48339,
1403715358412143104,0.67889,-0.58307,0.55682,-0.27968,0.70196,0.44269,0.48276,
1403715358512142848,0.67928,-0.51152,0.55220,-0.28206,0.69335,0.45082,0.48628,
1403715358612143104,0.67667,-0.43480,0.54688,-0.28834,0.68359,0.45838,0.48934,
1403715358712142848,0.66967,-0.35843,0.54087,-0.30563,0.67646,0.45897,0.48820,
1403715358812143104,0.65980,-0.28257,0.53543,-0.32373,0.67117,0.45844,0.48431,
1403715358912143104,0.64924,-0.20814,0.52930,-0.33673,0.66590,0.45923,0.48197,
1403715359012142848,0.63768,-0.13578,0.52137,-0.34363,0.66324,0.46198,0.47813,
1403715359112143104,0.62579,-0.06592,0.51137,-0.34559,0.66244,0.46574,0.47416,
1403715359212142848,0.61365,-0.00026,0.50078,-0.34795,0.65951,0.46682,0.47545,
1403715359412143104,0.58892,0.11308,0.48084,-0.34008,0.65583,0.47147,0.48161,
1403715359612143104,0.55207,0.21018,0.47033,-0.33136,0.65309,0.47316,0.48968,
1403715359812143104,0.49844,0.28684,0.47077,-0.33510,0.65910,0.46769,0.48432,
1403715359912143104,0.46627,0.31993,0.47347,-0.33556,0.66305,0.46684,0.47940,
1403715360012142848,0.43179,0.35064,0.47633,-0.33723,0.66751,0.46551,0.47330,
1403715360112143104,0.39762,0.37914,0.48082,-0.33545,0.66904,0.46705,0.47088,
1403715360212142848,0.36243,0.40759,0.48578,-0.33377,0.66921,0.46850,0.47038,
1403715360412143104,0.29771,0.45627,0.49586,-0.33786,0.67950,0.45428,0.46665,
1403715360512142848,0.27068,0.47532,0.50199,-0.34073,0.69080,0.43709,0.46439,
1403715360612143104,0.24994,0.49154,0.50677,-0.33609,0.70148,0.41983,0.46767,
1403715360712142848,0.23703,0.50371,0.51411,-0.32343,0.71015,0.40419,0.47719,
1403715360812143104,0.23065,0.51213,0.52200,-0.30205,0.71851,0.39101,0.48951,
1403715360912143104,0.22777,0.51837,0.53004,-0.27952,0.72670,0.37590,0.50247,
1403715361012142848,0.22629,0.52372,0.53840,-0.25892,0.73651,0.35758,0.51250,
1403715361112143104,0.22552,0.52772,0.54686,-0.24054,0.74702,0.33694,0.52016,
1403715361212142848,0.22283,0.53240,0.55564,-0.22216,0.75753,0.31555,0.52652,
1403715361312143104,0.22083,0.53685,0.56428,-0.20372,0.76666,0.29469,0.53281,
1403715361412143104,0.21757,0.54153,0.57179,-0.18510,0.77441,0.27374,0.53953,
1403715361512142848,0.21264,0.54806,0.57652,-0.16989,0.78070,0.25414,0.54503,
1403715361612143104,0.20670,0.55707,0.57939,-0.15663,0.78538,0.24106,0.54821,
1403715361712142848,0.20116,0.56894,0.57871,-0.14798,0.78992,0.23003,0.54883,
1403715361812143104,0.19456,0.58126,0.57420,-0.14082,0.79694,0.21639,0.54610,
1403715361912143104,0.19504,0.60095,0.56891,-0.13042,0.80408,0.20127,0.54399,
1403715362012142848,0.19491,0.62171,0.56370,-0.11997,0.80808,0.18227,0.54717,
1403715362112143104,0.19723,0.64407,0.55686,-0.10560,0.81154,0.16234,0.55127,
1403715362212142848,0.19975,0.67078,0.54770,-0.08728,0.81522,0.14077,0.55497,
1403715362312143104,0.20948,0.69594,0.53792,-0.06815,0.81824,0.11763,0.55858,
1403715362412143104,0.21903,0.72874,0.52645,-0.04881,0.82114,0.09239,0.56109,
1403715362512142848,0.22911,0.76512,0.51512,-0.03050,0.82285,0.06543,0.56366,
1403715362612143104,0.24016,0.80341,0.50478,-0.01201,0.82467,0.03932,0.56412,
1403715362712142848,0.25399,0.84576,0.49677,0.00379,0.82500,0.01256,0.56498,
1403715362812143104,0.26935,0.89016,0.49148,0.01094,0.82450,-0.01901,0.56544,
1403715362912143104,0.28606,0.93677,0.48841,0.00670,0.81965,-0.05703,0.56998,
1403715363012142848,0.30491,0.98219,0.48839,0.00564,0.81103,-0.08986,0.57803,
1403715363112143104,0.32320,1.02601,0.48920,0.01033,0.80581,-0.11560,0.58068,
1403715363212142848,0.33769,1.06079,0.49184,0.02049,0.80494,-0.13511,0.57740,
1403715363312143104,0.34718,1.08057,0.49814,0.03271,0.80353,-0.15184,0.57464,
1403715363412143104,0.35217,1.08934,0.50692,0.04573,0.80063,-0.16761,0.57342,
1403715363512142848,0.35459,1.08666,0.51647,0.06075,0.79724,-0.18258,0.57218,
1403715363612143104,0.35391,1.07820,0.52767,0.08456,0.79504,-0.19236,0.56899,
1403715363712142848,0.35199,1.06244,0.53996,0.10736,0.79191,-0.20356,0.56560,
1403715363812143104,0.34765,1.04350,0.55143,0.12685,0.78640,-0.21987,0.56316,
1403715363912143104,0.34081,1.02270,0.56137,0.14506,0.77934,-0.24064,0.56007,
1403715364012142848,0.33170,0.99988,0.57134,0.16551,0.76996,-0.26334,0.55715,
1403715364112143104,0.32003,0.97686,0.58087,0.18382,0.76022,-0.28581,0.55371,
1403715364212142848,0.30508,0.95555,0.58954,0.19744,0.75285,-0.30323,0.54980,
1403715364312143104,0.29136,0.93620,0.60143,0.20248,0.74891,-0.31818,0.54488,
1403715364412143104,0.27522,0.91829,0.61334,0.20141,0.74732,-0.32932,0.54083,
1403715364612143104,0.23777,0.88108,0.64316,0.19896,0.74525,-0.33685,0.53995,
1403715364712142848,0.21498,0.85487,0.65955,0.20411,0.74328,-0.33665,0.54087,
1403715364812143104,0.18797,0.82925,0.67625,0.21862,0.74416,-0.33516,0.53488,
1403715364912143104,0.15905,0.80168,0.69226,0.23077,0.74526,-0.33823,0.52623,
1403715365012142848,0.13077,0.77678,0.70752,0.24060,0.74411,-0.34580,0.51849,
1403715365112143104,0.10500,0.75279,0.72369,0.25050,0.74040,-0.35537,0.51262,
1403715365212142848,0.08058,0.73136,0.74188,0.26094,0.73180,-0.36583,0.51239,
1403715365312143104,0.05882,0.71173,0.75732,0.27051,0.72546,-0.37372,0.51076,
1403715365412143104,0.04114,0.69667,0.77109,0.27642,0.71887,-0.38353,0.50963,
1403715365512142848,0.02206,0.68305,0.78479,0.28367,0.71124,-0.39581,0.50695,
1403715365612143104,0.00307,0.67350,0.79734,0.29160,0.70133,-0.41205,0.50331,
1403715365712142848,-0.01647,0.66592,0.80933,0.29725,0.68738,-0.43368,0.50107,
1403715365812143104,-0.03798,0.65986,0.81926,0.30460,0.67351,-0.45548,0.49612,
1403715365912143104,-0.06245,0.65499,0.82896,0.31335,0.66214,-0.47239,0.49013,
1403715366012142848,-0.08756,0.65312,0.83628,0.31738,0.65171,-0.48702,0.48719,
1403715366112143104,-0.11628,0.65075,0.84152,0.31708,0.64266,-0.49948,0.48679,
1403715366212142848,-0.15076,0.64857,0.84612,0.31952,0.63706,-0.50571,0.48613,
1403715366312143104,-0.19119,0.64723,0.84997,0.32319,0.63507,-0.50757,0.48437,
1403715366412143104,-0.23675,0.64483,0.85267,0.32681,0.63727,-0.50666,0.47997,
1403715366512142848,-0.28690,0.64401,0.85538,0.33347,0.64338,-0.50207,0.47200,
1403715366612143104,-0.34008,0.64293,0.85567,0.33504,0.64911,-0.49914,0.46611,
1403715366812143104,-0.44533,0.63894,0.85505,0.33079,0.65983,-0.49595,0.45743,
1403715367012142848,-0.54351,0.62664,0.86050,0.32227,0.66585,-0.49515,0.45565,
1403715367312143104,-0.66767,0.58109,0.88199,0.31154,0.66944,-0.49359,0.45952,
1403715367512142848,-0.76929,0.52880,0.89316,0.30508,0.67303,-0.49304,0.45920,
1403715367712142848,-0.86046,0.45463,0.89713,0.30368,0.67480,-0.48923,0.46161,
1403715367912143104,-0.94294,0.36263,0.92855,0.31038,0.67550,-0.48167,0.46407,
1403715368012142848,-0.98736,0.30904,0.93501,0.31547,0.67166,-0.47814,0.46983,
1403715368112143104,-1.03413,0.25462,0.94251,0.31772,0.66751,-0.47717,0.47518,
1403715368212142848,-1.07987,0.19999,0.94746,0.31787,0.66444,-0.47810,0.47843,
1403715368412143104,-1.17556,0.09138,0.95277,0.30866,0.65648,-0.48634,0.48707,
1403715368512142848,-1.22579,0.04224,0.95001,0.30838,0.65212,-0.48797,0.49145,
1403715368612143104,-1.28643,-0.00935,0.95042,0.31607,0.65305,-0.48466,0.48860,
1403715368712142848,-1.34867,-0.05864,0.94785,0.32343,0.65615,-0.48147,0.48276,
1403715368812143104,-1.41628,-0.10580,0.94930,0.32916,0.65808,-0.47957,0.47812,
1403715368912143104,-1.47682,-0.15204,0.94222,0.33006,0.65981,-0.47969,0.47498,
1403715369112143104,-1.60484,-0.23960,0.93341,0.31627,0.67401,-0.47133,0.47279,
1403715369212142848,-1.66531,-0.28396,0.93200,0.30631,0.68495,-0.45975,0.47501,
1403715369312143104,-1.72106,-0.32667,0.93081,0.29607,0.69730,-0.44352,0.47896,
1403715369412143104,-1.77958,-0.37366,0.92767,0.28396,0.70988,-0.42489,0.48468,
1403715369512142848,-1.83301,-0.42055,0.92734,0.26975,0.72227,-0.40532,0.49120,
1403715369612143104,-1.88564,-0.46868,0.92721,0.25520,0.73396,-0.38460,0.49825,
1403715369712142848,-1.93351,-0.51669,0.92733,0.24315,0.74391,-0.36554,0.50385,
1403715369812143104,-1.97948,-0.56663,0.92670,0.23519,0.75179,-0.35031,0.50674,
1403715370012142848,-2.06087,-0.67036,0.92064,0.23099,0.76505,-0.33155,0.50142,
1403715370212142848,-2.11755,-0.77612,0.91368,0.23632,0.76466,-0.32268,0.50530,
1403715370312143104,-2.13602,-0.82760,0.91056,0.23255,0.75790,-0.32665,0.51458,
1403715370512142848,-2.16594,-0.92651,0.90697,0.22211,0.74732,-0.33997,0.52593,
1403715370712142848,-2.19740,-1.02716,0.90340,0.22173,0.74367,-0.34629,0.52714,
1403715370812143104,-2.21500,-1.07683,0.90447,0.22705,0.74472,-0.34475,0.52440,
1403715370912143104,-2.23036,-1.12564,0.90140,0.23061,0.74664,-0.34430,0.52039,
1403715371012142848,-2.24655,-1.17625,0.89670,0.22986,0.75097,-0.34699,0.51264,
1403715371112143104,-2.26079,-1.22648,0.89131,0.22706,0.75851,-0.35105,0.49987,
1403715371212142848,-2.27079,-1.27982,0.88630,0.22513,0.76420,-0.35353,0.49024,
1403715371412143104,-2.27253,-1.40227,0.87525,0.22632,0.76564,-0.35273,0.48801,
1403715371512142848,-2.26514,-1.46895,0.86991,0.22510,0.75780,-0.35307,0.50041,
1403715371612143104,-2.25451,-1.53999,0.86663,0.22110,0.74874,-0.35443,0.51467,
1403715371712142848,-2.24411,-1.61383,0.86117,0.21525,0.74165,-0.35712,0.52543,
1403715371912143104,-2.23087,-1.76946,0.84685,0.21677,0.74393,-0.35253,0.52469,
1403715372012142848,-2.22718,-1.85044,0.83771,0.22196,0.74856,-0.34718,0.51948,
1403715372112143104,-2.22454,-1.93248,0.83183,0.22452,0.74849,-0.34403,0.52057,
1403715372312143104,-2.21418,-2.09479,0.82594,0.21909,0.75015,-0.33446,0.52670,
1403715372412143104,-2.20560,-2.17565,0.83055,0.21384,0.75437,-0.32261,0.53021,
1403715372512142848,-2.19696,-2.25480,0.83781,0.20853,0.75839,-0.31154,0.53320,
1403715372612143104,-2.18958,-2.32973,0.85052,0.20467,0.76073,-0.30212,0.53677,
1403715372812143104,-2.17513,-2.48174,0.87440,0.19889,0.76402,-0.29164,0.54005,
1403715373012142848,-2.16170,-2.62762,0.89278,0.19065,0.76383,-0.29253,0.54281,
1403715373212142848,-2.15309,-2.77456,0.90577,0.18671,0.76203,-0.29607,0.54479,
1403715373312143104,-2.15076,-2.84413,0.91010,0.19084,0.76226,-0.29516,0.54353,
1403715373412143104,-2.14898,-2.91671,0.91734,0.19379,0.76195,-0.29530,0.54284,
1403715373512142848,-2.14706,-2.98876,0.92186,0.19612,0.76221,-0.29392,0.54239,
1403715373712142848,-2.13856,-3.12681,0.92770,0.20120,0.77100,-0.26916,0.54096,
1403715373812143104,-2.13116,-3.18980,0.92899,0.19404,0.77651,-0.25210,0.54391,
1403715373912143104,-2.11774,-3.24276,0.92967,0.17859,0.78227,-0.23496,0.54859,
1403715374012142848,-2.10546,-3.29565,0.93091,0.16047,0.78795,-0.21575,0.55393,
1403715374112143104,-2.09098,-3.33954,0.93009,0.14139,0.79338,-0.19446,0.55923,
1403715374212142848,-2.07600,-3.38341,0.93166,0.12414,0.79907,-0.17123,0.56281,
1403715374312143104,-2.06232,-3.41922,0.92830,0.10568,0.80448,-0.14893,0.56521,
1403715374412143104,-2.04714,-3.45249,0.92896,0.09120,0.81036,-0.12836,0.56438,
1403715374512142848,-2.03156,-3.48803,0.92856,0.08096,0.81693,-0.11388,0.55955,
1403715374612143104,-2.01433,-3.52409,0.93036,0.07499,0.82259,-0.10479,0.55384,
1403715374912143104,-1.92849,-3.61095,0.93339,0.07443,0.82693,-0.09793,0.54869,
1403715375012142848,-1.89068,-3.63692,0.93552,0.07814,0.82229,-0.09833,0.55503,
1403715375112143104,-1.84794,-3.65968,0.93665,0.08310,0.81859,-0.09937,0.55959,
1403715375212142848,-1.80111,-3.67842,0.93654,0.08627,0.81554,-0.10312,0.56286,
1403715375412143104,-1.70335,-3.70496,0.93234,0.08925,0.81390,-0.11419,0.56263,
1403715375612143104,-1.60030,-3.72014,0.92398,0.08874,0.81246,-0.12645,0.56218,
1403715375812143104,-1.49456,-3.72959,0.91141,0.09256,0.80907,-0.13232,0.56509,
1403715376012142848,-1.38487,-3.73418,0.90124,0.10088,0.80638,-0.12963,0.56812,
1403715376212142848,-1.27966,-3.72936,0.88550,0.09196,0.80376,-0.13408,0.57231,
1403715376312143104,-1.22528,-3.72551,0.87602,0.08932,0.79975,-0.13442,0.57824,
1403715376412143104,-1.17566,-3.72015,0.86690,0.09232,0.79152,-0.13077,0.58980,
1403715376512142848,-1.13544,-3.71224,0.85389,0.09748,0.79444,-0.12541,0.58621,
1403715376612143104,-1.09859,-3.70188,0.84062,0.09874,0.80037,-0.12183,0.57863,
1403715376712142848,-1.06483,-3.68724,0.82762,0.09733,0.80435,-0.11965,0.57378,
1403715376912143104,-1.00029,-3.64614,0.80778,0.09605,0.79859,-0.11302,0.58332,
1403715377012142848,-0.97364,-3.61876,0.79947,0.09435,0.79131,-0.10929,0.59412,
1403715377112143104,-0.95305,-3.58614,0.78914,0.09255,0.79487,-0.10568,0.59029,
1403715377212142848,-0.93450,-3.55092,0.77701,0.09234,0.80121,-0.10145,0.58245,
1403715377312143104,-0.91892,-3.51082,0.76848,0.08898,0.80435,-0.09966,0.57894,
1403715377412143104,-0.90382,-3.46649,0.76046,0.08501,0.80347,-0.09891,0.58089,
1403715377512142848,-0.89429,-3.41895,0.75252,0.08297,0.80206,-0.09737,0.58338,
1403715377612143104,-0.88573,-3.36853,0.74396,0.08058,0.80250,-0.09718,0.58314,
1403715377712142848,-0.88105,-3.31481,0.73465,0.07914,0.80523,-0.09731,0.57955,
1403715377812143104,-0.87790,-3.25791,0.72583,0.07864,0.80639,-0.09746,0.57797,
1403715377912143104,-0.87747,-3.19818,0.71698,0.07811,0.80718,-0.09760,0.57692,
1403715378012142848,-0.87852,-3.13606,0.70768,0.07560,0.80706,-0.09885,0.57721,
1403715378112143104,-0.88163,-3.07227,0.69825,0.06969,0.80617,-0.10167,0.57871,
1403715378212142848,-0.88679,-3.00783,0.68881,0.06329,0.80478,-0.10485,0.58080,
1403715378312143104,-0.89546,-2.94490,0.67761,0.05619,0.80673,-0.10865,0.57812,
1403715378412143104,-0.90582,-2.88573,0.66613,0.05115,0.81114,-0.11159,0.57183,
1403715378512142848,-0.91849,-2.83015,0.65572,0.05387,0.81504,-0.10981,0.56635,
1403715378612143104,-0.93310,-2.77960,0.64871,0.05877,0.81743,-0.10624,0.56309,
1403715378712142848,-0.94529,-2.72947,0.63979,0.06153,0.82017,-0.10403,0.55921,
1403715378812143104,-0.95715,-2.68582,0.64109,0.06150,0.82372,-0.10383,0.55401,
1403715378912143104,-0.96368,-2.64027,0.63953,0.05996,0.82633,-0.10448,0.55015,
1403715379112143104,-0.96365,-2.55946,0.64873,0.06158,0.82597,-0.10328,0.55074,
1403715379312143104,-0.94752,-2.49294,0.66564,0.07536,0.82262,-0.09422,0.55564,
1403715379512142848,-0.91892,-2.41987,0.68180,0.08319,0.82341,-0.08917,0.55418,
1403715379712142848,-0.87635,-2.33539,0.69685,0.08480,0.82630,-0.08822,0.54978,
1403715379812143104,-0.84896,-2.28890,0.70608,0.08580,0.82460,-0.08738,0.55230,
1403715379912143104,-0.81663,-2.23732,0.71701,0.08833,0.82025,-0.08517,0.55869,
1403715380012142848,-0.78037,-2.18127,0.72562,0.09105,0.81717,-0.08379,0.56296,
1403715380112143104,-0.74123,-2.12103,0.73440,0.08718,0.81380,-0.08740,0.56789,
1403715380212142848,-0.70509,-2.05509,0.73895,0.07925,0.81106,-0.09338,0.57200,
1403715380312143104,-0.66998,-1.99078,0.74370,0.07309,0.81087,-0.09809,0.57230,
1403715380412143104,-0.63565,-1.92390,0.74770,0.07214,0.81242,-0.10095,0.56971,
1403715380512142848,-0.60181,-1.85731,0.75260,0.07508,0.81261,-0.09939,0.56934,
1403715380612143104,-0.57092,-1.79122,0.75773,0.07672,0.81307,-0.09705,0.56887,
1403715380712142848,-0.54122,-1.72505,0.76350,0.07646,0.81281,-0.09600,0.56945,
1403715380812143104,-0.51169,-1.65722,0.77042,0.07654,0.81205,-0.09490,0.57070,
1403715380912143104,-0.48315,-1.58971,0.77653,0.07709,0.81153,-0.09370,0.57158,
1403715381012142848,-0.45572,-1.51991,0.78195,0.07852,0.81133,-0.09231,0.57189,
1403715381112143104,-0.42816,-1.44504,0.78674,0.07791,0.81073,-0.09437,0.57249,
1403715381212142848,-0.40418,-1.37296,0.79101,0.07507,0.80931,-0.09874,0.57414,
1403715381312143104,-0.38225,-1.29984,0.79343,0.07371,0.80767,-0.10259,0.57594,
1403715381412143104,-0.36361,-1.23196,0.79432,0.07179,0.80625,-0.10782,0.57721,
1403715381512142848,-0.34689,-1.16210,0.79483,0.07317,0.80345,-0.11137,0.58027,
1403715381712142848,-0.32344,-1.02338,0.78752,0.08448,0.80740,-0.10900,0.57367,
1403715381812143104,-0.31634,-0.95554,0.78284,0.08777,0.81294,-0.10748,0.56558,
1403715381912143104,-0.30821,-0.88613,0.77751,0.09109,0.81882,-0.10864,0.55626,
1403715382112143104,-0.28198,-0.74781,0.77024,0.10427,0.82064,-0.13042,0.54651,
1403715382312143104,-0.24035,-0.61458,0.76661,0.12086,0.81284,-0.16912,0.54413,
1403715382412143104,-0.21423,-0.55043,0.76568,0.13339,0.80703,-0.18916,0.54326,
1403715382512142848,-0.18419,-0.48645,0.76384,0.14380,0.80233,-0.20762,0.54082,
1403715382712142848,-0.11217,-0.36768,0.76406,0.15937,0.79386,-0.23977,0.53563,
1403715382912143104,-0.03924,-0.25587,0.74714,0.18062,0.78535,-0.26859,0.52770,
1403715383112143104,0.05551,-0.15773,0.74376,0.19086,0.77657,-0.29848,0.52098,
1403715383312143104,0.15611,-0.07323,0.73193,0.19122,0.77296,-0.31365,0.51730,
1403715383412143104,0.20875,-0.04095,0.72602,0.19025,0.77112,-0.31662,0.51859,
1403715383512142848,0.26417,-0.01132,0.71842,0.19151,0.76713,-0.31911,0.52250,
1403715383612143104,0.32197,0.01382,0.71195,0.19880,0.76110,-0.32263,0.52641,
1403715383712142848,0.37640,0.03363,0.70380,0.20818,0.75478,-0.33186,0.52615,
1403715383812143104,0.42659,0.04759,0.69530,0.21985,0.74630,-0.34622,0.52424,
1403715383912143104,0.47422,0.05833,0.68686,0.23323,0.73692,-0.36493,0.51902,
1403715384012142848,0.51970,0.06709,0.67828,0.24923,0.72596,-0.38569,0.51197,
1403715384112143104,0.56194,0.07548,0.67231,0.26476,0.71414,-0.40768,0.50369,
1403715384212142848,0.60338,0.08114,0.66767,0.27912,0.70140,-0.42944,0.49569,
1403715384312143104,0.63976,0.08597,0.66292,0.29160,0.68729,-0.45130,0.48881,
1403715384412143104,0.67721,0.09043,0.66323,0.30439,0.67298,-0.47178,0.48153,
1403715384512142848,0.70874,0.09318,0.66122,0.31450,0.65936,-0.49265,0.47289,
1403715384612143104,0.73849,0.09440,0.66008,0.32370,0.64758,-0.51278,0.46143,
1403715384712142848,0.76023,0.09050,0.66007,0.33370,0.63653,-0.53121,0.44865,
1403715384812143104,0.77801,0.08174,0.66376,0.34320,0.62397,-0.54811,0.43868,
1403715384912143104,0.79665,0.07276,0.66093,0.35212,0.61138,-0.56285,0.43062,
1403715385012142848,0.81562,0.05584,0.66538,0.36146,0.60114,-0.57074,0.42688,
1403715385112143104,0.82146,0.03807,0.66830,0.37166,0.59564,-0.57467,0.42051,
1403715385212142848,0.82841,0.01573,0.67210,0.38233,0.59001,-0.57896,0.41294,
1403715385312143104,0.83219,-0.00704,0.67766,0.38935,0.58574,-0.58326,0.40636,
1403715385512142848,0.84290,-0.06324,0.69110,-0.39236,-0.57772,0.58947,-0.40598,
1403715385712142848,0.84977,-0.12230,0.70939,-0.38143,-0.56760,0.59657,-0.42005,
1403715385912143104,0.83932,-0.18621,0.73154,-0.38340,-0.56361,0.59218,-0.42973,
1403715386012142848,0.82403,-0.21898,0.74668,-0.39457,-0.56537,0.58371,-0.42891,
1403715386112143104,0.80538,-0.24772,0.75987,-0.40211,-0.56827,0.57810,-0.42564,
1403715386312143104,0.76277,-0.29424,0.77952,-0.40409,-0.57188,0.57824,-0.41868,
1403715386512142848,0.71561,-0.32747,0.79013,-0.40749,-0.56637,0.57778,-0.42350,
1403715386812143104,0.63107,-0.35087,0.79058,-0.39212,-0.55762,0.58810,-0.43525,
1403715386912143104,0.60180,-0.35091,0.78731,-0.37995,-0.55728,0.59566,-0.43620,
1403715387112143104,0.50912,-0.33846,0.78346,-0.37342,-0.56128,0.59927,-0.43175,
1403715387212142848,0.45163,-0.34262,0.76452,-0.38011,-0.56716,0.59425,-0.42510,
1403715387312143104,0.38615,-0.33813,0.75670,-0.38534,-0.57145,0.58958,-0.42113,
1403715387412143104,0.32011,-0.33650,0.74592,-0.38881,-0.57459,0.58572,-0.41904,
1403715387512142848,0.25186,-0.33413,0.73425,-0.38836,-0.57855,0.58436,-0.41590,
1403715387612143104,0.17928,-0.33002,0.73029,-0.38351,-0.58219,0.58598,-0.41305,
1403715387712142848,0.10566,-0.33207,0.73508,-0.37863,-0.58638,0.58690,-0.41029,
1403715387912143104,-0.04670,-0.34095,0.77900,0.37110,0.59227,-0.58611,0.40985,
1403715388112143104,-0.19282,-0.36937,0.79007,0.37046,0.59458,-0.58227,0.41255,
1403715388212142848,-0.27247,-0.38817,0.77724,0.37328,0.59438,-0.57870,0.41530,
1403715388312143104,-0.35208,-0.41032,0.76710,0.37782,0.59364,-0.57421,0.41848,
1403715388412143104,-0.42276,-0.43172,0.73219,0.38128,0.59341,-0.57110,0.41992,
1403715388512142848,-0.50184,-0.45499,0.70899,0.38364,0.59384,-0.56928,0.41964,
1403715388612143104,-0.58020,-0.48103,0.68426,0.38365,0.59293,-0.56908,0.42118,
1403715388712142848,-0.65569,-0.50566,0.66262,0.38461,0.59241,-0.56802,0.42246,
1403715388812143104,-0.72874,-0.53237,0.63950,0.38521,0.59268,-0.56724,0.42259,
1403715388912143104,-0.80524,-0.55895,0.62419,0.38687,0.59396,-0.56509,0.42215,
1403715389012142848,-0.87684,-0.58692,0.61404,0.38786,0.59484,-0.56312,0.42263,
1403715389112143104,-0.95002,-0.61332,0.61710,0.38884,0.59603,-0.56084,0.42310,
1403715389212142848,-1.02413,-0.64109,0.62954,0.39012,0.59805,-0.55822,0.42253,
1403715389312143104,-1.09308,-0.66815,0.63925,0.39222,0.60076,-0.55515,0.42079,
1403715389412143104,-1.16086,-0.69378,0.65103,0.39350,0.60317,-0.55251,0.41962,
1403715389612143104,-1.28841,-0.74542,0.66402,0.38906,0.60302,-0.55274,0.42365,
1403715389912143104,-1.45825,-0.82164,0.67188,0.36558,0.62006,-0.53753,0.43924,
1403715390012142848,-1.51358,-0.84646,0.67126,0.35423,0.63355,-0.52853,0.44022,
1403715390112143104,-1.56950,-0.87454,0.66673,0.34301,0.64813,-0.51758,0.44088,
1403715390212142848,-1.62041,-0.90586,0.66267,0.33377,0.66290,-0.50363,0.44218,
1403715390312143104,-1.66849,-0.94277,0.65291,0.32554,0.67643,-0.48790,0.44545,
1403715390412143104,-1.71364,-0.98540,0.64567,0.31869,0.68834,-0.47036,0.45098,
1403715390512142848,-1.75433,-1.03090,0.63774,0.31410,0.70046,-0.45046,0.45583,
1403715390612143104,-1.78760,-1.07788,0.63134,0.31018,0.71092,-0.42983,0.46220,
1403715390712142848,-1.81283,-1.12582,0.62227,0.30009,0.71901,-0.41406,0.47066,
1403715390812143104,-1.83373,-1.17455,0.61554,0.28275,0.72494,-0.40514,0.47997,
1403715390912143104,-1.84888,-1.22503,0.60805,0.27062,0.72992,-0.39891,0.48461,
1403715391112143104,-1.86710,-1.33379,0.59422,0.25050,0.73726,-0.39152,0.49032,
1403715391212142848,-1.87108,-1.39426,0.58702,0.23890,0.73955,-0.38585,0.49710,
1403715391312143104,-1.87208,-1.45968,0.58226,0.23141,0.73926,-0.38062,0.50505,
1403715391512142848,-1.87619,-1.60429,0.57148,0.22747,0.74113,-0.37370,0.50925,
1403715391712142848,-1.87921,-1.76750,0.56471,0.21757,0.74156,-0.36913,0.51623,
1403715391812143104,-1.88003,-1.85524,0.57382,0.21538,0.74465,-0.35871,0.52003,
1403715391912143104,-1.88294,-1.94756,0.59719,0.21560,0.75118,-0.34394,0.52053,
1403715392012142848,-1.88382,-2.04164,0.62376,0.21293,0.75885,-0.33428,0.51679,
1403715392212142848,-1.87949,-2.23580,0.67486,0.20565,0.76665,-0.32437,0.51453,
1403715392312143104,-1.87271,-2.33533,0.69866,0.20120,0.76776,-0.31504,0.52040,
1403715392412143104,-1.86207,-2.43689,0.72422,0.19732,0.76524,-0.29903,0.53484,
1403715392512142848,-1.85133,-2.53773,0.74820,0.19392,0.76074,-0.27887,0.55309,
1403715392612143104,-1.83989,-2.63312,0.76800,0.18589,0.76482,-0.25976,0.55948,
1403715392712142848,-1.83212,-2.72296,0.78214,0.17525,0.76918,-0.24080,0.56539,
1403715392812143104,-1.82749,-2.81067,0.79211,0.16293,0.77710,-0.22218,0.56587,
1403715392912143104,-1.82237,-2.89432,0.80321,0.14826,0.78874,-0.20395,0.56064,
1403715393012142848,-1.81766,-2.97087,0.81030,0.13480,0.79879,-0.18285,0.55707,
1403715393112143104,-1.81165,-3.04220,0.81762,0.12031,0.80553,-0.16100,0.55742,
1403715393212142848,-1.80307,-3.11292,0.82217,0.11083,0.80979,-0.13335,0.56051,
1403715393312143104,-1.79120,-3.17757,0.82589,0.09864,0.81092,-0.10553,0.56704,
1403715393412143104,-1.77977,-3.23252,0.82879,0.08541,0.81208,-0.07727,0.57206,
1403715393512142848,-1.76808,-3.28128,0.83042,0.07240,0.81245,-0.04859,0.57648,
1403715393612143104,-1.75726,-3.32086,0.83023,0.05755,0.81195,-0.02046,0.58053,
1403715393712142848,-1.74584,-3.35169,0.82847,0.03304,0.81308,0.00134,0.58121,
1403715393812143104,-1.73572,-3.37476,0.82507,0.00648,0.81612,0.02140,0.57745,
1403715393912143104,-1.72630,-3.39322,0.82161,-0.01649,0.81781,0.04313,0.57363,
1403715394012142848,-1.71628,-3.40646,0.81638,-0.03884,0.81754,0.06461,0.57091,
1403715394112143104,-1.70853,-3.42136,0.81439,-0.05905,0.81552,0.08841,0.56888,
1403715394212142848,-1.69848,-3.43282,0.81229,-0.07679,0.81186,0.11552,0.56713,
1403715394312143104,-1.69106,-3.43831,0.80702,-0.09606,0.80665,0.14258,0.56547,
1403715394412143104,-1.68556,-3.44630,0.80418,-0.11296,0.79800,0.17187,0.56647,
1403715394512142848,-1.68134,-3.45006,0.80281,-0.12878,0.78732,0.20128,0.56836,
1403715394612143104,-1.68054,-3.45052,0.80060,-0.14750,0.77849,0.22875,0.56557,
1403715394712142848,-1.68465,-3.44862,0.79696,-0.16923,0.77144,0.25476,0.55798,
1403715394812143104,-1.69307,-3.44474,0.79257,-0.18974,0.76568,0.28204,0.54607,
1403715394912143104,-1.70500,-3.43896,0.78845,-0.20990,0.75757,0.31140,0.53391,
1403715395012142848,-1.71937,-3.43091,0.78472,-0.22983,0.74630,0.34262,0.52232,
1403715395112143104,-1.73561,-3.42004,0.78020,-0.25010,0.73257,0.37334,0.51128,
1403715395212142848,-1.75388,-3.40712,0.77575,-0.26905,0.71952,0.40094,0.49915,
1403715395312143104,-1.77425,-3.39222,0.77064,-0.28500,0.70557,0.42607,0.48930,
1403715395412143104,-1.79506,-3.37526,0.76437,-0.29877,0.69292,0.44799,0.47948,
1403715395512142848,-1.81601,-3.35653,0.75562,-0.31193,0.68212,0.46675,0.46856,
1403715395612143104,-1.83712,-3.33513,0.74403,-0.32524,0.67191,0.48219,0.45853,
1403715395712142848,-1.85741,-3.31228,0.73024,-0.33455,0.66139,0.49758,0.45062,
1403715395812143104,-1.87685,-3.28649,0.71429,-0.34198,0.64988,0.51206,0.44553,
1403715395912143104,-1.89660,-3.25788,0.69719,-0.35112,0.64398,0.51964,0.43814,
1403715396012142848,-1.91609,-3.22707,0.68047,-0.36175,0.64284,0.52068,0.42986,
1403715396112143104,-1.93198,-3.19545,0.66525,-0.37322,0.64435,0.51638,0.42293,
1403715396412143104,-1.94986,-3.09905,0.62950,-0.36782,0.63754,0.51712,0.43686,
1403715396612143104,-1.95094,-3.03889,0.60738,-0.36190,0.62741,0.52734,0.44418,
1403715396712142848,-1.95553,-3.01012,0.59526,-0.36701,0.62027,0.53350,0.44266,
1403715396812143104,-1.96263,-2.98204,0.58052,-0.37286,0.61747,0.53883,0.43517,
1403715396912143104,-1.97120,-2.95437,0.56490,-0.37571,0.61624,0.54490,0.42682,
1403715397012142848,-1.97908,-2.92780,0.54727,-0.37327,0.61807,0.55251,0.41641,
1403715397112143104,-1.98640,-2.89795,0.52819,-0.37129,0.61992,0.55824,0.40769,
1403715397212142848,-1.99248,-2.86304,0.50903,-0.37507,0.62318,0.55864,0.39859,
1403715397312143104,-1.99714,-2.82084,0.48965,-0.38327,0.62751,0.55451,0.38969,
1403715397512142848,-1.99028,-2.71953,0.45391,-0.39166,0.63095,0.54982,0.38238,
1403715397712142848,-1.95393,-2.60032,0.42979,-0.39938,0.62518,0.54570,0.38968,
1403715397812143104,-1.92559,-2.53728,0.42392,-0.40167,0.62019,0.54381,0.39788,
1403715397912143104,-1.89199,-2.47605,0.42102,-0.40120,0.61577,0.54342,0.40565,
1403715398012142848,-1.85581,-2.41076,0.41977,-0.40262,0.60824,0.54119,0.41840,
1403715398112143104,-1.81812,-2.35178,0.41699,-0.40441,0.60182,0.53830,0.42954,
1403715398212142848,-1.78145,-2.29974,0.41179,-0.40423,0.59844,0.53653,0.43657,
1403715398412143104,-1.71354,-2.21453,0.39126,-0.39684,0.60322,0.53667,0.43661,
1403715398612143104,-1.65323,-2.14753,0.37135,-0.38907,0.60487,0.53608,0.44201,
1403715398712142848,-1.62781,-2.11853,0.36323,-0.38572,0.59995,0.53512,0.45270,
1403715398812143104,-1.60575,-2.10030,0.35803,-0.38148,0.59429,0.53553,0.46315,
1403715399312143104,-1.62070,-2.08546,0.33784,-0.38544,0.59453,0.53745,0.45729,
1403715399412143104,-1.64333,-2.10126,0.33538,-0.38088,0.59662,0.54210,0.45288,
1403715399612143104,-1.70406,-2.14096,0.33028,-0.36922,0.60539,0.55003,0.44119,
1403715399712142848,-1.74207,-2.16325,0.32733,-0.36497,0.61587,0.55141,0.42831,
1403715399812143104,-1.78240,-2.18124,0.32847,-0.36136,0.62251,0.55143,0.42170,
1403715400012142848,-1.86793,-2.20328,0.33728,-0.35276,0.62894,0.54973,0.42165,
1403715400212142848,-1.95888,-2.20204,0.35318,-0.33969,0.63810,0.53403,0.43846,
1403715400312143104,-2.00816,-2.19392,0.36181,-0.32539,0.64468,0.52542,0.44993,
1403715400412143104,-2.06132,-2.17964,0.36971,-0.31106,0.65417,0.51332,0.46023,
1403715400512142848,-2.12095,-2.16019,0.37596,-0.30235,0.66855,0.49413,0.46633,
1403715400612143104,-2.18246,-2.13592,0.38176,-0.29367,0.68606,0.47127,0.47010,
1403715400712142848,-2.24892,-2.10579,0.38443,-0.28229,0.70449,0.44664,0.47384,
1403715400812143104,-2.31499,-2.07099,0.38603,-0.27250,0.72228,0.41921,0.47783,
1403715400912143104,-2.37835,-2.03092,0.38385,-0.26473,0.73864,0.39148,0.48070,
1403715401012142848,-2.43962,-1.98605,0.38326,-0.25790,0.75227,0.37036,0.48002,
1403715401112143104,-2.49475,-1.93735,0.38250,-0.24941,0.76104,0.35785,0.48016,
1403715401312143104,-2.58349,-1.82771,0.38814,-0.22875,0.76692,0.35128,0.48590,
1403715401412143104,-2.61777,-1.76250,0.39422,-0.22704,0.76590,0.34798,0.49067,
1403715401512142848,-2.64525,-1.69086,0.40229,-0.22859,0.76347,0.34494,0.49585,
1403715401612143104,-2.66718,-1.61727,0.41306,-0.23545,0.76060,0.33933,0.50090,
1403715401712142848,-2.68391,-1.54229,0.42562,-0.24392,0.75804,0.32982,0.50705,
1403715401812143104,-2.69556,-1.46660,0.43720,-0.25096,0.75844,0.31527,0.51224,
1403715401912143104,-2.70312,-1.39528,0.44851,-0.24754,0.75903,0.30843,0.51717,
1403715402012142848,-2.70627,-1.32884,0.45728,-0.23762,0.75725,0.31129,0.52269,
1403715402112143104,-2.70726,-1.26434,0.46587,-0.23239,0.75362,0.31449,0.52834,
1403715402212142848,-2.70740,-1.20258,0.47483,-0.23379,0.74450,0.31226,0.54181,
1403715402412143104,-2.71279,-1.09233,0.48105,-0.21407,0.74816,0.30688,0.54796,
1403715402512142848,-2.71782,-1.04217,0.48296,-0.19617,0.74974,0.30075,0.55584,
1403715402612143104,-2.72762,-0.99177,0.48554,-0.18481,0.74958,0.29357,0.56373,
1403715402812143104,-2.76928,-0.88535,0.48750,-0.18268,0.75857,0.27479,0.56186,
1403715402912143104,-2.79924,-0.83268,0.48782,-0.18918,0.76708,0.26402,0.55326,
1403715403012142848,-2.83050,-0.78160,0.48821,-0.19403,0.77770,0.25532,0.54069,
1403715403112143104,-2.85949,-0.73149,0.48932,-0.19452,0.78841,0.25073,0.52698,
1403715403212142848,-2.88308,-0.68331,0.49268,-0.19483,0.79545,0.24806,0.51746,
1403715403312143104,-2.89985,-0.63471,0.49874,-0.19009,0.79719,0.25124,0.51500,
1403715403512142848,-2.91126,-0.54093,0.51291,-0.17786,0.79546,0.24695,0.52404,
1403715403612143104,-2.90568,-0.49611,0.51918,-0.17005,0.79872,0.23497,0.52718,
1403715403712142848,-2.89515,-0.45171,0.52345,-0.15940,0.80538,0.21958,0.52701,
1403715403812143104,-2.87879,-0.40571,0.52728,-0.15046,0.81355,0.19894,0.52528,
1403715403912143104,-2.85508,-0.35900,0.53294,-0.13963,0.81941,0.17777,0.52675,
1403715404012142848,-2.82291,-0.31342,0.53896,-0.12693,0.82319,0.15770,0.53045,
1403715404112143104,-2.78370,-0.27010,0.54709,-0.11148,0.82252,0.13975,0.53991,
1403715404212142848,-2.73902,-0.22762,0.55562,-0.09019,0.82014,0.12657,0.55065,
1403715404312143104,-2.69172,-0.18389,0.56175,-0.07047,0.81809,0.11772,0.55848,
1403715404412143104,-2.64352,-0.13591,0.56535,-0.05805,0.81779,0.11053,0.56182,
1403715404512142848,-2.59546,-0.08403,0.56804,-0.05053,0.81611,0.10561,0.56591,
1403715404712142848,-2.50353,0.03458,0.56517,-0.05289,0.81347,0.09498,0.57136,
1403715404812143104,-2.45912,0.09826,0.56051,-0.05948,0.81288,0.08746,0.57274,
1403715404912143104,-2.41640,0.16110,0.55417,-0.05959,0.81305,0.07769,0.57391,
1403715405012142848,-2.37471,0.22225,0.54729,-0.05750,0.81181,0.06223,0.57774,
1403715405112143104,-2.33425,0.28144,0.54002,-0.05362,0.81156,0.03978,0.58045,
1403715405212142848,-2.29736,0.33572,0.53203,-0.04428,0.81377,0.01257,0.57936,
1403715405312143104,-2.26294,0.38453,0.52306,-0.02880,0.81582,-0.01582,0.57738,
1403715405412143104,-2.22966,0.42846,0.51410,-0.00829,0.81758,-0.04202,0.57422,
1403715405512142848,-2.19766,0.46643,0.50481,0.01118,0.81850,-0.06916,0.57022,
1403715405612143104,-2.16669,0.50080,0.49608,0.03382,0.81818,-0.09403,0.56622,
1403715405712142848,-2.13773,0.52832,0.48732,0.05891,0.81898,-0.11500,0.55908,
1403715405812143104,-2.10659,0.55376,0.47895,0.08062,0.81884,-0.13660,0.55167,
1403715405912143104,-2.07289,0.57936,0.47163,0.09905,0.81612,-0.16066,0.54619,
1403715406012142848,-2.03502,0.60223,0.46228,0.11710,0.80697,-0.18570,0.54828,
1403715406112143104,-1.99470,0.62525,0.45187,0.13528,0.79653,-0.21130,0.55009,
1403715406212142848,-1.95422,0.64627,0.43782,0.15149,0.78691,-0.23734,0.54908,
1403715406312143104,-1.91424,0.66590,0.42174,0.16723,0.77873,-0.26226,0.54482,
1403715406412143104,-1.87502,0.68455,0.40381,0.17812,0.77165,-0.28878,0.53799,
1403715406512142848,-1.83563,0.70071,0.38478,0.18715,0.76396,-0.31543,0.53089,
1403715406612143104,-1.79728,0.71393,0.36489,0.19801,0.75532,-0.33974,0.52427,
1403715406712142848,-1.76058,0.72212,0.34563,0.21107,0.74570,-0.36094,0.51875,
1403715406812143104,-1.72441,0.72566,0.32534,0.22822,0.73532,-0.37912,0.51332,
1403715406912143104,-1.69054,0.72456,0.30618,0.24543,0.72518,-0.39665,0.50651,
1403715407012142848,-1.65853,0.72038,0.28934,0.26132,0.71490,-0.41409,0.49916,
1403715407112143104,-1.62732,0.71260,0.27368,0.27269,0.70530,-0.43335,0.49031,
1403715407212142848,-1.59788,0.70230,0.25816,0.28031,0.69963,-0.45096,0.47810,
1403715407312143104,-1.56838,0.68745,0.24466,0.28390,0.69893,-0.46421,0.46412,
1403715407412143104,-1.53731,0.66571,0.23500,0.28772,0.69782,-0.47154,0.45599,
1403715407512142848,-1.50341,0.63543,0.22856,0.29341,0.69474,-0.47348,0.45505,
1403715407612143104,-1.46858,0.59828,0.22448,0.29810,0.69121,-0.47346,0.45739,
1403715407712142848,-1.43168,0.55567,0.22575,0.30889,0.69012,-0.46636,0.45916,
1403715407812143104,-1.39280,0.50970,0.22975,0.31700,0.69086,-0.45897,0.45997,
1403715407912143104,-1.35016,0.46199,0.23305,0.31866,0.69036,-0.45589,0.46263,
1403715408012142848,-1.30849,0.41329,0.23434,0.31628,0.68879,-0.45622,0.46627,
1403715408112143104,-1.25689,0.36608,0.26527,0.31376,0.68761,-0.45685,0.46908,
1403715408212142848,-1.20864,0.31714,0.29744,0.31158,0.68588,-0.45657,0.47331,
1403715408312143104,-1.16032,0.26872,0.33039,0.31010,0.68528,-0.45616,0.47554,
1403715408412143104,-1.11298,0.22234,0.35436,0.30949,0.68376,-0.45420,0.47999,
1403715408512142848,-1.07222,0.17358,0.37074,0.30915,0.68267,-0.44652,0.48888,
1403715408612143104,-1.01903,0.12848,0.37234,0.30681,0.68392,-0.43372,0.50000,
1403715408712142848,-0.97501,0.08288,0.35418,0.30307,0.68872,-0.41593,0.51071,
1403715408812143104,-0.92910,0.04563,0.34808,0.29311,0.69660,-0.39705,0.52076,
1403715408912143104,-0.88697,0.01489,0.35214,0.27817,0.70731,-0.37745,0.52903,
1403715409012142848,-0.85045,-0.01251,0.34655,0.26200,0.71888,-0.35537,0.53692,
1403715409112143104,-0.81462,-0.03378,0.34834,0.24354,0.72999,-0.33378,0.54442,
1403715409212142848,-0.78320,-0.05125,0.35453,0.22405,0.73876,-0.31740,0.55072,
1403715409312143104,-0.75652,-0.06617,0.36384,0.20910,0.74669,-0.30639,0.55214,
1403715409412143104,-0.73632,-0.07924,0.37627,0.20120,0.75131,-0.29740,0.55373,
1403715409512142848,-0.72141,-0.09050,0.39260,0.20255,0.75385,-0.28825,0.55461,
1403715409712142848,-0.70335,-0.10654,0.42893,0.20473,0.76146,-0.29314,0.54069,
1403715409912143104,-0.68651,-0.12097,0.46811,0.20273,0.77017,-0.30799,0.52046,
1403715410112143104,-0.66473,-0.14577,0.51044,0.20619,0.77059,-0.31823,0.51225,
1403715410212142848,-0.64251,-0.16088,0.53225,0.21244,0.76461,-0.31781,0.51888,
1403715410312143104,-0.62321,-0.17884,0.53964,0.21721,0.75931,-0.31727,0.52499,
1403715410512142848,-0.58029,-0.21372,0.53047,0.22558,0.75814,-0.31250,0.52600,
1403715410712142848,-0.52946,-0.24393,0.52095,0.22836,0.75937,-0.30674,0.52642,
1403715410812143104,-0.49949,-0.25609,0.51789,0.22708,0.75324,-0.30418,0.53715,
1403715410912143104,-0.47283,-0.26567,0.51595,0.22568,0.74797,-0.30056,0.54706,
1403715411112143104,-0.42629,-0.26890,0.50160,0.21396,0.75578,-0.29846,0.54216,
1403715411212142848,-0.40541,-0.26626,0.49413,0.20471,0.75827,-0.30032,0.54123,
1403715411312143104,-0.38147,-0.26488,0.49742,0.19794,0.75781,-0.30111,0.54395,
1403715411412143104,-0.36761,-0.25982,0.48824,0.19459,0.75337,-0.29998,0.55189,
1403715411512142848,-0.35188,-0.25702,0.48473,0.19406,0.74959,-0.29748,0.55853,
1403715411712142848,-0.33925,-0.24849,0.47405,0.19541,0.75762,-0.29179,0.55016,
1403715412112143104,-0.34273,-0.22024,0.44724,0.19319,0.76158,-0.28907,0.54691,
1403715412312143104,-0.35592,-0.20226,0.43209,0.19358,0.76441,-0.28959,0.54254,
1403715412512142848,-0.37097,-0.18518,0.42008,0.19184,0.76675,-0.29213,0.53847,
1403715412712142848,-0.38682,-0.16934,0.40950,0.19208,0.76998,-0.29232,0.53366,
1403715413412143104,-0.40317,-0.13366,0.31575,0.19076,0.76244,-0.29554,0.54310,
1403715413512142848,-0.40542,-0.12832,0.28868,0.18722,0.76080,-0.29799,0.54529,
1403715413712142848,-0.41531,-0.12339,0.25145,0.19479,0.76114,-0.29357,0.54455,
1403715413812143104,-0.42325,-0.12079,0.23269,0.19800,0.76269,-0.29197,0.54209,
1403715413912143104,-0.43150,-0.11747,0.20874,0.20004,0.76347,-0.29089,0.54081,
1403715414012142848,-0.43919,-0.11334,0.18581,0.20267,0.76357,-0.28901,0.54071,
1403715414112143104,-0.44651,-0.10672,0.17383,0.20188,0.76548,-0.28976,0.53789,
1403715414212142848,-0.45365,-0.09787,0.17092,0.19859,0.77108,-0.29290,0.52935,
1403715414312143104,-0.45794,-0.08832,0.17556,0.19551,0.77670,-0.29581,0.52058,
1403715414512142848,-0.45222,-0.07607,0.18649,0.19827,0.77861,-0.29457,0.51737,
1403715414612143104,-0.44216,-0.07222,0.18309,0.20175,0.77427,-0.29206,0.52393,
1403715414712142848,-0.42858,-0.06820,0.17544,0.20116,0.76923,-0.29301,0.53100,
1403715414812143104,-0.41366,-0.06327,0.16372,0.19630,0.76473,-0.29773,0.53666,
1403715414912143104,-0.39850,-0.05874,0.14709,0.18762,0.75974,-0.30612,0.54211,
1403715415012142848,-0.38566,-0.05548,0.12731,0.18045,0.75558,-0.31357,0.54609,
1403715415112143104,-0.37619,-0.05488,0.10655,0.17732,0.75273,-0.31864,0.54811,
1403715415212142848,-0.37141,-0.05750,0.08626,0.17836,0.75057,-0.32150,0.54906,
1403715415312143104,-0.37159,-0.06324,0.06918,0.18767,0.75119,-0.31843,0.54690,
1403715415412143104,-0.37513,-0.07120,0.05709,0.20354,0.75361,-0.31159,0.54181,
1403715415512142848,-0.37987,-0.07825,0.04920,0.21686,0.75647,-0.30527,0.53622,
1403715415612143104,-0.38297,-0.08268,0.04166,0.22312,0.75671,-0.30277,0.53473,
1403715415712142848,-0.38576,-0.08347,0.02741,0.22628,0.75665,-0.30306,0.53332,
1403715415912143104,-0.38218,-0.07978,0.03008,0.22688,0.75451,-0.30334,0.53594,
1403715416012142848,-0.38030,-0.07697,0.02674,0.22716,0.75683,-0.30224,0.53316,
