timestamp_ns,x,y,z,qw,qx,qy,qz
1403715524962142944,0.007963765,0.063461125,-0.025722672,0.372093573,-0.553762549,0.594791188,-0.448460540
1403715525062143087,0.007488865,0.063847373,-0.026162179,0.372311420,-0.553834565,0.594492419,-0.448586942
1403715525162142992,0.007462049,0.063744759,-0.026133381,0.372288330,-0.553600077,0.594793454,-0.448496489
1403715525262142896,0.007639548,0.063336267,-0.026084209,0.372337148,-0.553467703,0.594959076,-0.448399651
1403715525362143039,0.007906840,0.063225909,-0.026231536,0.372206213,-0.553580595,0.595016442,-0.448292865
1403715525462142944,0.007888122,0.063475097,-0.026364749,0.372130761,-0.553665108,0.595066988,-0.448184030
1403715525562143087,0.007956275,0.063524183,-0.026526459,0.372033803,-0.553626274,0.595134938,-0.448222271
1403715525662142992,0.008275466,0.062904683,-0.026530664,0.371715112,-0.553588760,0.595285874,-0.448332564
1403715525762142896,0.008218173,0.063000391,-0.026505095,0.371857746,-0.553839160,0.594959403,-0.448338387
1403715525862143039,0.007964973,0.063485765,-0.026299231,0.371916582,-0.554004874,0.594797905,-0.448299127
1403715525962142944,0.007657377,0.063542084,-0.026424597,0.372092594,-0.553981337,0.594627037,-0.448408817
1403715526062143087,0.007623443,0.063342834,-0.026265375,0.372299295,-0.554060175,0.594490698,-0.448320608
1403715526162142992,0.007501102,0.063307373,-0.026525522,0.372279385,-0.554020125,0.594546844,-0.448312180
1403715526262142896,0.007657985,0.063395211,-0.026321637,0.372253948,-0.554023047,0.594598302,-0.448261443
1403715526362143039,0.007771734,0.063479108,-0.026045139,0.372250065,-0.554061392,0.594601211,-0.448213411
1403715526462142944,0.007661737,0.063540303,-0.026039265,0.372393828,-0.554111532,0.594523070,-0.448135657
1403715526562143087,0.007538850,0.063372787,-0.026235616,0.372583622,-0.554137682,0.594452104,-0.448039697
1403715526662142992,0.007584900,0.063451963,-0.026312326,0.372633190,-0.554216699,0.594407737,-0.447959595
1403715526762142896,0.007547101,0.063386945,-0.026085076,0.372752400,-0.554280994,0.594351395,-0.447855609
1403715526862143039,0.007527772,0.063443506,-0.026077061,0.372843405,-0.554385123,0.594278414,-0.447747805
1403715526962142944,0.007952851,0.063456238,-0.025070484,0.372729254,-0.554311314,0.594513588,-0.447622011
1403715527062143087,0.007795039,0.064123743,-0.024438865,0.372732161,-0.554382416,0.594427848,-0.447645404
1403715527162142992,0.007641559,0.063811848,-0.024976668,0.372940048,-0.554436811,0.594284087,-0.447595764
1403715527262142896,0.007538808,0.063255425,-0.025747170,0.373114865,-0.554531859,0.594145733,-0.447515992
1403715527362143039,0.007819791,0.063827903,-0.024444492,0.373021698,-0.554550866,0.594210644,-0.447483922
1403715527462142944,0.008008279,0.063940196,-0.023512007,0.373100254,-0.554714709,0.594224416,-0.447196976
1403715527562143087,0.007842063,0.063748538,-0.023260577,0.373321077,-0.554676633,0.594060939,-0.447277104
1403715527662142992,0.008214629,0.063883855,-0.022110295,0.372972760,-0.554902633,0.594246924,-0.447040246
1403715527762142896,0.008310944,0.064063139,-0.021310118,0.373122355,-0.554817423,0.594236986,-0.447034383
1403715527862143039,0.008626352,0.064016490,-0.020628354,0.372688817,-0.555092083,0.594420800,-0.446810628
1403715527962142944,0.008689496,0.064094725,-0.019908995,0.372341358,-0.555155640,0.594650060,-0.446716279
1403715528062143087,0.008406753,0.064117933,-0.019879331,0.372103409,-0.555293094,0.594459566,-0.446997156
1403715528162142992,0.008460528,0.064223928,-0.020341617,0.372078954,-0.555403903,0.594652175,-0.446623497
1403715528262142896,0.008876624,0.064178678,-0.018937880,0.371301339,-0.555685093,0.595307628,-0.446047331
1403715528362143039,0.010158245,0.064142650,-0.018321380,0.370218796,-0.556510843,0.596379121,-0.444483598
1403715528462142944,0.014260750,0.065527065,-0.014301837,0.365300729,-0.559047526,0.600776198,-0.439419162
1403715528562143087,0.011210203,0.066229784,-0.016334481,0.362770615,-0.559645209,0.606160630,-0.433317449
1403715528662142992,0.017129995,0.070952780,-0.001364582,0.364711043,-0.557478067,0.607393361,-0.432755548
1403715528762142896,0.027884239,0.079205620,0.024280704,0.362580338,-0.557136517,0.609918398,-0.431432436
1403715528862143039,0.039091275,0.092042601,0.061205643,0.372101806,-0.577127626,0.603056079,-0.405940039
1403715528962142944,0.043514913,0.099587200,0.080446226,0.377454787,-0.584993816,0.599316593,-0.395132561
1403715529062143087,0.050877193,0.110321564,0.101595396,0.375021464,-0.585727150,0.599728494,-0.395737717
1403715529162142992,0.058825692,0.125088996,0.132513944,0.380554275,-0.589686096,0.595255159,-0.391305568
1403715529262142896,0.066155116,0.139376974,0.166389010,-0.383916827,0.597448573,-0.589126587,0.385477544
1403715529362143039,0.075530793,0.155706601,0.201495743,-0.385908115,0.609148098,-0.580471321,0.378241413
1403715529462142944,0.087687710,0.172982348,0.228867446,-0.390055413,0.616266496,-0.570093025,0.378241091
1403715529562143087,0.103180216,0.191271293,0.249442819,-0.394575085,0.621303162,-0.561321921,0.378431744
1403715529662142992,0.120394350,0.210457959,0.263630237,-0.399521367,0.623123844,-0.553547674,0.381686160
1403715529762142896,0.138250054,0.231040044,0.276779349,-0.403431988,0.628524642,-0.545051380,0.380944088
1403715529862143039,0.157197694,0.254110581,0.294560192,-0.408867688,0.630275383,-0.539748507,0.379804824
1403715529962142944,0.177796835,0.279123654,0.317837757,-0.415906435,0.628656702,-0.536060917,0.380067471
1403715530062143087,0.196482789,0.305917268,0.345702954,-0.423859045,0.628230992,-0.526516922,0.385291139
1403715530162142992,0.214241954,0.333989752,0.375977081,-0.425704763,0.629525536,-0.518328648,0.392184226
1403715530262142896,0.228547875,0.366606486,0.413537172,-0.419234647,0.634498313,-0.516237028,0.393895331
1403715530362143039,0.240205375,0.406604251,0.465820847,-0.416553752,0.635930547,-0.517925422,0.392209853
1403715530462142944,0.253171596,0.453936100,0.530834193,-0.419485707,0.633214743,-0.522445395,0.387455339
1403715530562143087,0.263334834,0.504925369,0.596966714,-0.424228835,0.635416051,-0.520520023,0.381228597
1403715530662142992,0.271439103,0.556930796,0.652252078,-0.429399439,0.637294024,-0.517283953,0.376682573
1403715530762142896,0.277152037,0.610883870,0.696175696,-0.435152354,0.640546677,-0.512590439,0.370935879
1403715530862143039,0.283842982,0.667445977,0.736273254,-0.441860998,0.646541709,-0.504486386,0.363642907
1403715530962142944,0.289861351,0.724257735,0.774712483,-0.445860769,0.653982065,-0.495643155,0.357566071
1403715531062143087,0.301376208,0.783386671,0.809421541,-0.439662538,0.663411164,-0.495550624,0.347867877
1403715531162142992,0.312568373,0.840283519,0.839316904,-0.428791431,0.674850437,-0.499978612,0.332770468
1403715531262142896,0.333683466,0.900783055,0.870475390,-0.434975544,0.672502496,-0.507411668,0.317915190
1403715531362143039,0.359789293,0.958297480,0.903191276,-0.454352132,0.662245214,-0.505304449,0.315694203
1403715531462142944,0.393096660,1.010054354,0.930759656,-0.465916230,0.655933143,-0.499938038,0.320524160
1403715531562143087,0.430422786,1.056401915,0.944225118,-0.471104395,0.652795881,-0.496369787,0.324861848
1403715531662142992,0.461169127,1.102041887,0.955426693,-0.474987893,0.652880135,-0.495697786,0.320027713
1403715531762142896,0.498823940,1.139243639,0.954378959,-0.472193879,0.655281420,-0.490571657,0.327075909
1403715531862143039,0.553269563,1.159496148,0.955069064,-0.470870076,0.655634882,-0.483442868,0.338684611
1403715531962142944,0.577038864,1.199313672,0.955220935,-0.476537904,0.650101080,-0.475616258,0.352234845
1403715532062143087,0.612407500,1.225780213,0.954887194,-0.476828831,0.648301860,-0.473060184,0.358542921
1403715532162142992,0.640484490,1.249886829,0.954113485,-0.476327157,0.648009857,-0.470884012,0.362579524
1403715532262142896,0.663705380,1.273450723,0.953109493,-0.478580476,0.647498026,-0.469626877,0.362156914
1403715532362143039,0.679765696,1.297116591,0.950078787,-0.480821095,0.649475289,-0.470921492,0.353872676
1403715532462142944,0.692862627,1.318558024,0.947233553,-0.483991604,0.649982576,-0.474199693,0.344106711
1403715532562143087,0.702289573,1.335904372,0.944653880,-0.489297335,0.648336352,-0.478454572,0.333660479
1403715532662142992,0.711203891,1.344863257,0.942290659,-0.499956148,0.642160751,-0.483509971,0.322322087
1403715532762142896,0.717360022,1.347000498,0.938859984,0.509994377,-0.635841639,0.486322896,-0.314803408
1403715532862143039,0.722826147,1.336716399,0.931481464,0.513877123,-0.631164745,0.489574421,-0.312855004
1403715532962142944,0.728291302,1.313722078,0.919074553,0.511644470,-0.625100423,0.498658281,-0.314339491
1403715533062143087,0.734040942,1.277937338,0.896116918,0.505169786,-0.615699039,0.513582738,-0.319297592
1403715533162142992,0.739562435,1.227207753,0.864667277,-0.496735481,0.602736749,-0.528345278,0.332886677
1403715533262142896,0.743924977,1.161964135,0.838815022,-0.489627920,0.585224109,-0.537306603,0.359275460
1403715533362143039,0.739590002,1.083463638,0.825596095,-0.477278110,0.573941971,-0.546834935,0.379167210
1403715533462142944,0.727342065,0.996337659,0.826726802,-0.462142687,0.568774338,-0.558499436,0.388584958
1403715533562143087,0.705570669,0.902758863,0.843844430,0.454506659,-0.561488872,0.574866315,-0.384295021
1403715533662142992,0.678155337,0.801597807,0.875691396,0.451619905,-0.554476141,0.590433998,-0.374143506
1403715533762142896,0.647870447,0.687510916,0.922486300,0.449798664,-0.548814498,0.601386487,-0.367175846
1403715533862143039,0.616205646,0.560544351,0.974192054,0.441192636,-0.550217236,0.604047769,-0.371128474
1403715533962142944,0.583219419,0.423864148,1.018354863,0.429267696,-0.555550325,0.601018696,-0.381928801
1403715534062143087,0.550649357,0.280102091,1.048123880,0.419747481,-0.560689471,0.596997062,-0.391195447
1403715534162142992,0.517341450,0.132520768,1.065541647,0.410394688,-0.566892657,0.590181789,-0.402360996
1403715534262142896,0.485477543,-0.015898662,1.069787243,0.400819968,-0.573788770,0.583677940,-0.411618589
1403715534362143039,0.457968641,-0.164515161,1.065008547,0.396466483,-0.577887932,0.579548318,-0.415912987
1403715534462142944,0.434161791,-0.311004048,1.049328335,0.392231982,-0.577158045,0.580765969,-0.419229714
1403715534562143087,0.415702277,-0.458973051,1.026667715,0.387330311,-0.571889920,0.585709989,-0.424100175
1403715534662142992,0.402708509,-0.603966717,1.000757972,0.380389209,-0.562670267,0.595850699,-0.428565240
1403715534762142896,0.391126985,-0.745663848,0.973462720,0.367946600,-0.551275455,0.610848849,-0.433098552
1403715534862143039,0.382360761,-0.884335618,0.943586753,0.348803123,-0.538616244,0.629660380,-0.437900363
1403715534962142944,0.378015429,-1.020828133,0.914812563,0.329448510,-0.523661799,0.648127795,-0.444040945
1403715535062143087,0.380398304,-1.151405597,0.886035507,0.313569082,-0.509776879,0.662889742,-0.449865708
1403715535162142992,0.392213161,-1.277490933,0.856918881,0.299681897,-0.500367708,0.676989513,-0.448896554
1403715535262142896,0.413856505,-1.401268911,0.828007682,0.289826624,-0.493985938,0.688834710,-0.444393027
1403715535362143039,0.447754885,-1.521942920,0.802570142,0.285481300,-0.487718244,0.697504443,-0.440589257
1403715535462142944,0.490478759,-1.643363346,0.782333068,0.297333512,-0.472535468,0.705348147,-0.436791718
1403715535562143087,0.538731596,-1.768330214,0.765489141,0.311080375,-0.459385850,0.703514645,-0.444140502
1403715535662142992,0.594401631,-1.898566294,0.748259006,0.320627805,-0.454674059,0.694430988,-0.456327638
1403715535762142896,0.652986238,-2.029906925,0.728525643,0.325107567,-0.461664252,0.684113387,-0.461692606
1403715535862143039,0.712329329,-2.161262403,0.706651286,0.324988216,-0.478933316,0.668850410,-0.466524026
1403715535962142944,0.772401362,-2.289381732,0.681376013,0.323714785,-0.500608758,0.656864048,-0.461659216
1403715536062143087,0.834790308,-2.414201926,0.659679993,0.323127003,-0.518968376,0.650521867,-0.450646276
1403715536162142992,0.902203088,-2.535071132,0.640816803,0.322833363,-0.533303574,0.645840230,-0.440745182
1403715536262142896,0.978237749,-2.653448281,0.625024189,0.319098069,-0.547002045,0.639279549,-0.436218802
1403715536362143039,1.062004853,-2.764812552,0.613662168,0.317963425,-0.557215511,0.629389032,-0.438496957
1403715536462142944,1.155601076,-2.869427108,0.606390443,0.315945826,-0.565755593,0.614733233,-0.449668651
1403715536562143087,1.257229050,-2.962686949,0.602031571,0.315828166,-0.570319156,0.601947112,-0.461138053
1403715536662142992,1.366418708,-3.042506842,0.599878478,0.319824535,-0.570580521,0.591442720,-0.471535412
1403715536762142896,1.478653297,-3.106396449,0.601916419,0.332218459,-0.564968501,0.580368731,-0.483335933
1403715536862143039,1.589609830,-3.153118138,0.606886817,0.344564303,-0.561109347,0.566313533,-0.495702254
1403715536962142944,1.694659120,-3.182358585,0.611698835,-0.348904150,0.560173363,-0.549094724,0.512802771
1403715537062143087,1.789696192,-3.193283305,0.619108852,-0.353234649,0.556432341,-0.532439999,0.531145912
1403715537162142992,1.872086763,-3.181267657,0.631821407,-0.363956981,0.546850547,-0.514820714,0.550862440
1403715537262142896,1.934352933,-3.143932166,0.648512171,-0.378948785,0.534120777,-0.502649373,0.564319432
1403715537362143039,1.968517636,-3.080148067,0.669986647,-0.402504530,0.520327234,-0.512422017,0.551972235
1403715537462142944,1.976016547,-2.998810064,0.690842033,0.411109676,-0.518194133,0.541148813,-0.519251035
1403715537562143087,1.961380562,-2.909272541,0.711125566,0.405072999,-0.524558291,0.574459005,-0.480365815
1403715537662142992,1.939592465,-2.819104835,0.730715720,0.397241794,-0.530434801,0.597901310,-0.450945566
1403715537762142896,1.913015023,-2.733783210,0.756736190,0.402252223,-0.524498967,0.602433319,-0.447401474
1403715537862143039,1.878864926,-2.651564160,0.783411896,0.411770854,-0.515432633,0.596991361,-0.456481412
1403715537962142944,1.834025309,-2.574053727,0.806888876,0.412948862,-0.513621427,0.596002987,-0.458744706
1403715538062143087,1.778129179,-2.499334292,0.826247498,0.409542014,-0.515517515,0.603083353,-0.450341536
1403715538162142992,1.716087952,-2.430343753,0.844982422,0.405327213,-0.513481155,0.614716793,-0.440647499
1403715538262142896,1.648757891,-2.368182801,0.854228722,0.397280075,-0.507839756,0.625995954,-0.438630127
1403715538362143039,1.577568959,-2.312577682,0.851187566,0.390770280,-0.496696473,0.633821116,-0.445939452
1403715538462142944,1.504707038,-2.266096863,0.841984919,0.383411970,-0.481910789,0.632774877,-0.469417945
1403715538562143087,1.422389088,-2.221075206,0.833542164,0.372080103,-0.466632756,0.630610332,-0.496125868
1403715538662142992,1.328965713,-2.175538696,0.826863514,0.358156320,-0.450729835,0.637038163,-0.512590524
1403715538762142896,1.229073619,-2.130166823,0.818127008,0.337663972,-0.435270763,0.654176567,-0.518242631
1403715538862143039,1.120706245,-2.083335203,0.807213805,0.310587177,-0.419327423,0.677903457,-0.517829142
1403715538962142944,1.006945029,-2.034854554,0.791861799,0.283521025,-0.396826269,0.700227016,-0.521370181
1403715539062143087,0.892154428,-1.986671157,0.766156980,0.257539462,-0.367966626,0.719506674,-0.529701929
1403715539162142992,0.777372152,-1.938769104,0.728978460,0.232485550,-0.335329888,0.737106622,-0.538681875
1403715539262142896,0.662609562,-1.891212949,0.680430646,0.207941541,-0.302417853,0.754121699,-0.544613827
1403715539362143039,0.546603992,-1.841162909,0.621446833,0.182262296,-0.273598743,0.771069691,-0.545321662
1403715539462142944,0.433138397,-1.793033007,0.561086067,0.160714294,-0.248625083,0.782213967,-0.548176791
1403715539562143087,0.326271756,-1.744160084,0.516310289,0.150737297,-0.225943496,0.792447263,-0.546127402
1403715539662142992,0.227218202,-1.699081495,0.491028835,0.150906648,-0.206050805,0.798409817,-0.545263252
1403715539762142896,0.134391439,-1.650721890,0.482886713,0.149571420,-0.192835401,0.798920661,-0.549698714
1403715539862143039,0.037570341,-1.605812938,0.486767753,0.146316387,-0.190552675,0.798829197,-0.551500777
1403715539962142944,-0.057546157,-1.566637117,0.505068619,0.147633896,-0.193590691,0.805147758,-0.540799376
1403715540062143087,-0.152441309,-1.535549252,0.532588625,0.150933063,-0.197313873,0.815316348,-0.523015965
1403715540162142992,-0.245113614,-1.515321444,0.564998793,0.159416321,-0.197731945,0.825111622,-0.504657632
1403715540262142896,-0.335686716,-1.514294299,0.600865756,0.165708389,-0.198286393,0.826865739,-0.499516051
1403715540362143039,-0.425177362,-1.528206775,0.635979381,0.160510750,-0.206794635,0.822307165,-0.505255583
1403715540462142944,-0.513031342,-1.552791441,0.669411517,0.149871313,-0.217944161,0.819480353,-0.508419988
1403715540562143087,-0.598460266,-1.588635001,0.696453694,0.136416850,-0.227969172,0.822874484,-0.502292825
1403715540662142992,-0.673394211,-1.635231326,0.719474095,0.130217438,-0.229881101,0.828677227,-0.493449240
1403715540762142896,-0.738778596,-1.695170249,0.743242655,0.138373077,-0.218857296,0.834793185,-0.485875205
1403715540862143039,-0.796797361,-1.771376998,0.767206462,0.144842787,-0.209643166,0.832486563,-0.491971983
1403715540962142944,-0.850536891,-1.860547176,0.789628499,0.147429574,-0.204655402,0.826816248,-0.502748027
1403715541062143087,-0.901273236,-1.960521148,0.809910541,0.144821220,-0.205435410,0.820808790,-0.512928881
1403715541162142992,-0.949020430,-2.068661057,0.827354646,0.144397442,-0.205992755,0.818620604,-0.516310633
1403715541262142896,-0.993544859,-2.185336074,0.846255048,0.161296204,-0.194190403,0.814436135,-0.522462825
1403715541362143039,-1.040274719,-2.310594498,0.862124401,0.163792087,-0.188842017,0.807542700,-0.534214968
1403715541462142944,-1.090475216,-2.439666003,0.870973869,0.152494897,-0.193967382,0.806632079,-0.537090914
1403715541562143087,-1.141177453,-2.571237739,0.876654615,0.139198411,-0.201486589,0.813330336,-0.527750623
1403715541662142992,-1.187518465,-2.706870498,0.883593677,0.129044430,-0.207932733,0.818580523,-0.519651268
1403715541762142896,-1.228766383,-2.849279501,0.891409617,0.112602591,-0.220401452,0.814393121,-0.524888274
1403715541862143039,-1.259055751,-2.997695119,0.899217644,0.094419649,-0.234835432,0.802587708,-0.540176101
1403715541962142944,-1.277932528,-3.143241714,0.904175986,0.081684526,-0.249279416,0.791162374,-0.552493900
1403715542062143087,-1.281134748,-3.283906276,0.908172541,0.076658898,-0.266249027,0.779802898,-0.561375373
1403715542162142992,-1.267150922,-3.410974578,0.916972670,0.086048566,-0.280044046,0.764749218,-0.573872468
1403715542262142896,-1.235338817,-3.524817742,0.930082356,0.107124272,-0.291348500,0.748557535,-0.585919839
1403715542362143039,-1.192854629,-3.621119467,0.946660060,0.138793214,-0.299657894,0.735774456,-0.591250826
1403715542462142944,-1.142317587,-3.706326292,0.970277629,0.180993696,-0.303426839,0.723328427,-0.593270108
1403715542562143087,-1.092699743,-3.778095728,0.987285690,0.213691765,-0.308726076,0.713106176,-0.592033464
1403715542662142992,-1.049856668,-3.846369212,0.992470578,0.227936592,-0.320541796,0.713977316,-0.579253191
1403715542762142896,-1.013664884,-3.900320931,0.997501249,0.236264848,-0.329952390,0.715151279,-0.569094887
1403715542862143039,-0.981720725,-3.945003213,0.999220042,0.238030998,-0.338603001,0.719306041,-0.557931959
1403715542962142944,-0.953155301,-3.980288799,0.997174672,0.244482888,-0.340144340,0.723703548,-0.548436979
1403715543062143087,-0.927364175,-4.012569830,0.988576388,0.253681024,-0.336710190,0.725824277,-0.543554326
1403715543162142992,-0.906332570,-4.041592470,0.974169451,0.258563668,-0.333258864,0.726267646,-0.542787864
1403715543262142896,-0.891012296,-4.068897258,0.958766529,0.262933072,-0.328105968,0.724737821,-0.545864236
1403715543362143039,-0.883301236,-4.092218419,0.943352267,0.263605722,-0.324690376,0.724826935,-0.547461503
1403715543462142944,-0.882728971,-4.113982445,0.927599345,0.258735719,-0.325427644,0.723591586,-0.550969957
1403715543562143087,-0.889998555,-4.131466343,0.911611866,0.252617757,-0.326985864,0.720518086,-0.556882573
1403715543662142992,-0.904016630,-4.143579917,0.895436448,0.248873479,-0.327390666,0.712382242,-0.568672915
1403715543762142896,-0.925901408,-4.149889622,0.875851611,0.236401345,-0.327704732,0.704668560,-0.583237716
1403715543862143039,-0.955811113,-4.144860015,0.852921538,0.214299789,-0.325088586,0.701720194,-0.596642088
1403715543962142944,-0.988888473,-4.126819499,0.827473199,0.188604021,-0.316270445,0.706827842,-0.603983386
1403715544062143087,-1.023993974,-4.092722997,0.799378789,0.160483818,-0.301030590,0.717922877,-0.606804969
1403715544162142992,-1.056507991,-4.044213879,0.764431641,0.144144054,-0.268247941,0.738748740,-0.601261867
1403715544262142896,-1.087912710,-3.985682484,0.716966611,0.126493198,-0.226809009,0.759404150,-0.596542103
1403715544362143039,-1.117067928,-3.919980347,0.656572670,0.107096958,-0.179897234,0.778301162,-0.591958214
1403715544462142944,-1.144982366,-3.848081732,0.586481759,0.088162236,-0.133003504,0.791812686,-0.589550811
1403715544562143087,-1.172163905,-3.771118354,0.515809380,0.067825779,-0.093929795,0.799536026,-0.589337765
1403715544662142992,-1.197430645,-3.689820820,0.458538255,0.051477458,-0.067035533,0.802958297,-0.590012103
1403715544762142896,-1.221324188,-3.604537217,0.425700568,0.038763932,-0.053229502,0.797991030,-0.599061177
1403715544862143039,-1.244244396,-3.511239175,0.419220924,0.031068465,-0.047419006,0.793077287,-0.606477209
1403715544962142944,-1.265657994,-3.408594200,0.433791320,0.027657645,-0.046152598,0.794982606,-0.604241383
1403715545062143087,-1.286594573,-3.298063131,0.451952246,0.022981339,-0.044031318,0.800700264,-0.597002670
1403715545162142992,-1.307699954,-3.186756361,0.468020066,0.015072322,-0.038245378,0.805489073,-0.591183110
1403715545262142896,-1.328509355,-3.074820927,0.474757846,0.005770947,-0.026777271,0.809551188,-0.586409881
1403715545362143039,-1.347661112,-2.963658710,0.470522370,-0.001342529,-0.011183661,0.812371880,-0.583030919
1403715545462142944,-1.364173054,-2.852563781,0.465306495,0.004456596,0.009246774,0.813281875,-0.581779363
1403715545562143087,-1.382403909,-2.741742098,0.466266180,0.014671212,0.028408973,0.813600091,-0.580545069
1403715545662142992,-1.405626370,-2.631413997,0.473395623,0.022924973,0.041471683,0.813128979,-0.580151539
1403715545762142896,-1.437014098,-2.521726750,0.479993674,0.026479714,0.042659147,0.813498434,-0.579395651
1403715545862143039,-1.476871910,-2.410555134,0.483079159,0.025933539,0.031979473,0.813889963,-0.579558360
1403715545962142944,-1.522645764,-2.299136073,0.486061177,0.024139066,0.008633721,0.813945729,-0.580374977
1403715546062143087,-1.570905284,-2.186775483,0.489275805,0.027820308,-0.023149599,0.813032219,-0.581092709
1403715546162142992,-1.618740699,-2.075266567,0.495776073,0.043076900,-0.058614186,0.811095886,-0.580372485
1403715546262142896,-1.664981615,-1.963120504,0.503641892,0.066072162,-0.097238734,0.807538568,-0.577979722
1403715546362143039,-1.710662784,-1.848961356,0.512956746,0.093508548,-0.136411000,0.802098266,-0.573834961
1403715546462142944,-1.756115387,-1.735051233,0.525059804,0.122069383,-0.176238147,0.795934597,-0.566151304
1403715546562143087,-1.802470233,-1.622550814,0.539326603,0.150263749,-0.216789931,0.787285725,-0.557318688
1403715546662142992,-1.849705923,-1.512627206,0.551992855,0.173142249,-0.261096980,0.777848291,-0.544795526
1403715546762142896,-1.894758875,-1.404362574,0.560754529,0.192128136,-0.307576287,0.771369432,-0.522946274
1403715546862143039,-1.938071514,-1.301694254,0.570462010,0.213610812,-0.349213324,0.765758903,-0.496017921
1403715546962142944,-1.975876459,-1.206498943,0.581009233,0.233968917,-0.389017261,0.751534928,-0.478664149
1403715547062143087,-2.007366532,-1.119041972,0.591428419,0.248234859,-0.430677161,0.730537087,-0.468201027
1403715547162142992,-2.028093026,-1.037273804,0.601949618,0.265836924,-0.467742970,0.708284979,-0.457033513
1403715547262142896,-2.038013986,-0.959023044,0.612383419,0.283254242,-0.502760265,0.683816144,-0.446536260
1403715547362143039,-2.033447914,-0.882400341,0.622577161,0.297851253,-0.533697505,0.661423980,-0.434706709
1403715547462142944,-2.019233370,-0.807223288,0.632011122,0.310892533,-0.560657962,0.644652420,-0.416451366
1403715547562143087,-1.991318142,-0.730817458,0.637633724,0.323169526,-0.586837822,0.626963795,-0.397616935
1403715547662142992,-1.949758211,-0.652389922,0.641668384,-0.336365488,0.613390157,-0.604542612,0.380971132
1403715547762142896,-1.896331042,-0.569660442,0.647327649,-0.348816842,0.639176829,-0.579534038,0.365950940
1403715547862143039,-1.827189795,-0.482748038,0.652788936,-0.363536401,0.661253224,-0.554906433,0.350234649
1403715547962142944,-1.741479206,-0.390877035,0.658487285,-0.383907151,0.675841438,-0.528899894,0.340761723
1403715548062143087,-1.642648781,-0.295606070,0.665790443,-0.408799302,0.679340755,-0.507030548,0.338081784
1403715548162142992,-1.538263507,-0.195341620,0.672266447,-0.428973008,0.678284274,-0.487409429,0.344012573
1403715548262142896,-1.430051081,-0.093163686,0.676793235,-0.440307098,0.676865448,-0.473574631,0.351724171
1403715548362143039,-1.320697892,0.012461677,0.675035172,-0.445265593,0.675389263,-0.467754163,0.356081365
1403715548462142944,-1.211823730,0.117535773,0.662690853,-0.444816968,0.674992549,-0.467124607,0.358214357
1403715548562143087,-1.105354991,0.226395187,0.643969939,-0.445766728,0.672206560,-0.472089985,0.355754706
1403715548662142992,-1.001157184,0.337978570,0.624639411,-0.446597559,0.668550361,-0.478677355,0.352787507
1403715548762142896,-0.899356564,0.451655666,0.606020161,-0.447931236,0.664140557,-0.483891282,0.352312583
1403715548862143039,-0.799050605,0.563636741,0.587983667,-0.447531777,0.660932922,-0.488111122,0.353030471
1403715548962142944,-0.699806413,0.675400470,0.571502263,-0.449288350,0.658236854,-0.489990827,0.353232519
1403715549062143087,-0.604037908,0.788636022,0.554907361,-0.454095370,0.659401975,-0.485023391,0.351765178
1403715549162142992,-0.511912656,0.901801494,0.540715964,-0.466725907,0.658358331,-0.473882647,0.352372633
1403715549262142896,-0.422682668,1.014388562,0.530264870,-0.481046191,0.654820409,-0.461880314,0.355628133
1403715549362143039,-0.341176663,1.124743803,0.519270065,-0.494081769,0.650983857,-0.455094585,0.353542276
1403715549462142944,-0.269245014,1.229715269,0.507469336,0.503328886,-0.649236891,0.458451786,-0.339077352
1403715549562143087,-0.201532611,1.325547940,0.494031241,0.504091427,-0.652445098,0.465278072,-0.322061398
1403715549662142992,-0.135373911,1.412968159,0.481239660,-0.499994956,0.654310198,-0.477771653,0.305969699
1403715549762142896,-0.067981861,1.489786184,0.471377568,-0.498274495,0.646808598,-0.492828832,0.300800444
1403715549862143039,0.003043488,1.552214974,0.463499076,-0.497504362,0.632188157,-0.508861089,0.306411384
1403715549962142944,0.075100493,1.598246362,0.458652441,-0.495526448,0.612277359,-0.532824686,0.309302164
1403715550062143087,0.149785017,1.625327601,0.454251699,-0.486768448,0.591053140,-0.561443288,0.313837694
1403715550162142992,0.225233331,1.630959573,0.451393620,0.465851115,-0.574932156,0.585141764,-0.331730117
1403715550262142896,0.302010313,1.620147635,0.460553200,0.441702159,-0.559699857,0.605346371,-0.353823465
1403715550362143039,0.378824697,1.591237410,0.484114680,0.419210841,-0.542994411,0.623634912,-0.374831744
1403715550462142944,0.456576503,1.548333854,0.517891248,0.396559150,-0.524212219,0.638436704,-0.400425980
1403715550562143087,0.534127109,1.495893646,0.551884698,0.374740275,-0.502294421,0.654567115,-0.422861600
1403715550662142992,0.611241916,1.438032579,0.576167114,0.358809714,-0.474726502,0.674325905,-0.437235534
1403715550762142896,0.686751496,1.374187915,0.589194375,0.347351014,-0.442432845,0.695649001,-0.446847758
1403715550862143039,0.758087328,1.302702670,0.590690507,0.338649151,-0.407725525,0.717232618,-0.452387024
1403715550962142944,0.825196994,1.220749728,0.583912656,0.328068798,-0.373281977,0.736611050,-0.458732591
1403715551062143087,0.887049151,1.125637256,0.577301480,0.308824855,-0.344930661,0.750676124,-0.471312428
1403715551162142992,0.938544380,1.016435359,0.582224914,0.286005851,-0.318454715,0.761243355,-0.487130169
1403715551262142896,0.981720162,0.895877471,0.601056201,0.269182067,-0.286504603,0.772376808,-0.498888959
1403715551362143039,1.016480524,0.764518410,0.628346361,0.255072412,-0.250431413,0.784830028,-0.506225246
1403715551462142944,1.041232260,0.622988499,0.654574204,0.238850979,-0.214626465,0.794299872,-0.515726094
1403715551562143087,1.050143322,0.472811186,0.679299949,0.216411364,-0.182293831,0.799739686,-0.529482309
1403715551662142992,1.045739892,0.314590331,0.703016100,0.185212239,-0.156015881,0.799855986,-0.549168346
1403715551762142896,1.027762485,0.153305228,0.727436723,0.155055515,-0.128471103,0.796080957,-0.570708395
1403715551862143039,0.998563356,-0.004326849,0.751429094,0.132149981,-0.095719548,0.790257836,-0.590649391
1403715551962142944,0.957632848,-0.154471715,0.774953156,0.109731105,-0.062603626,0.782077805,-0.610241082
1403715552062143087,0.904670013,-0.292950414,0.793281432,0.074045634,-0.039489169,0.779805778,-0.620371500
1403715552162142992,0.845604960,-0.418927728,0.808763271,0.042809173,-0.015093292,0.782284805,-0.621264880
1403715552262142896,0.782280833,-0.526419387,0.825034067,0.010935595,0.010241632,0.777688108,-0.628471741
1403715552362143039,0.716401232,-0.621942539,0.839507363,-0.019245401,0.038718208,0.769904562,-0.636692611
1403715552462142944,0.649407752,-0.701011748,0.853145245,-0.049780767,0.070466562,0.765261529,-0.637911539
1403715552562143087,0.583277827,-0.764048429,0.866567145,-0.075171994,0.108048568,0.757988972,-0.638848493
1403715552662142992,0.526547511,-0.818573231,0.901280005,-0.098936667,0.151234598,0.749001082,-0.637445692
1403715552762142896,0.457254962,-0.831824657,0.889228793,-0.117586041,0.196289381,0.739263077,-0.633351486
1403715552862143039,0.395018883,-0.834836692,0.894819472,-0.139857974,0.242252102,0.730719930,-0.622737545
1403715552962142944,0.331738576,-0.819593537,0.897652437,-0.154836429,0.291027548,0.722134072,-0.608153787
1403715553062143087,0.265913793,-0.791180475,0.899902197,-0.166851030,0.339681987,0.710482067,-0.593289232
1403715553162142992,0.196295694,-0.743728269,0.898004999,-0.188117237,0.379709149,0.695840644,-0.579860901
1403715553262142896,0.123660547,-0.675249724,0.896066659,-0.214736129,0.413141170,0.674885982,-0.572478541
1403715553362143039,0.048430579,-0.585898161,0.890927445,-0.249808245,0.438958462,0.648649582,-0.569354924
1403715553462142944,-0.022960713,-0.476284115,0.882192266,-0.297015195,0.455309826,0.621977631,-0.563576759
1403715553562143087,-0.085552130,-0.350949014,0.868311422,-0.342086571,0.469153598,0.597113627,-0.553468153
1403715553662142992,-0.131462357,-0.211968006,0.849197005,-0.376219406,0.482101888,0.581639101,-0.536407201
1403715553762142896,-0.159182554,-0.064930215,0.824950971,-0.391275091,0.496772149,0.582884020,-0.510262143
1403715553862143039,-0.168647815,0.086956338,0.799858788,-0.393353121,0.511594408,0.597942746,-0.475403992
1403715553962142944,-0.165742641,0.238949669,0.780332650,-0.390113543,0.522087487,0.613286378,-0.446224045
1403715554062143087,-0.157295573,0.387643629,0.764669788,-0.373386270,0.536743231,0.628430271,-0.421384375
1403715554162142992,-0.149887611,0.531885848,0.747545752,-0.353029144,0.549832602,0.644450669,-0.397162270
1403715554262142896,-0.155525754,0.670569196,0.734384978,-0.338644774,0.556658278,0.656593560,-0.379916011
1403715554362143039,-0.180640662,0.804634001,0.717577546,-0.340968580,0.549904925,0.670156719,-0.363641269
1403715554462142944,-0.221279189,0.931816079,0.691550354,-0.377789133,0.510096273,0.687916156,-0.351921192
1403715554562143087,-0.272269411,1.042423732,0.652918540,-0.433963224,0.446567277,0.704103261,-0.341309514
1403715554662142992,-0.320597864,1.126711486,0.605620758,-0.482352064,0.388938613,0.711572471,-0.331251959
1403715554762142896,-0.355126626,1.171881323,0.555336473,0.511937873,-0.352596466,-0.712336363,0.325840838
1403715554862143039,-0.374544772,1.156238600,0.510372672,0.529462618,-0.332632726,-0.706218019,0.332085705
1403715554962142944,-0.366321025,1.072713036,0.492895479,0.531284090,-0.335166131,-0.693192965,0.353389861
1403715555062143087,-0.317030364,0.924720774,0.503093335,-0.497532182,0.378754346,0.676299702,-0.389391302
1403715555162142992,-0.242554587,0.738120476,0.536514273,-0.432045083,0.445379240,0.657931743,-0.426732001
1403715555262142896,-0.158258484,0.539637366,0.575125903,-0.351762390,0.510930307,0.636648501,-0.458139856
1403715555362143039,-0.080562069,0.347067089,0.596782247,-0.288393445,0.555115792,0.614950973,-0.480115589
1403715555462142944,-0.013778061,0.175443531,0.609909933,-0.278309709,0.562830982,0.604994502,-0.489639300
1403715555562143087,0.040673037,0.032976886,0.631820434,-0.298069829,0.550611283,0.606672698,-0.489826325
1403715555662142992,0.095216765,-0.084311686,0.661757324,-0.316815087,0.536860720,0.613489471,-0.484808660
1403715555762142896,0.156420795,-0.185867618,0.696439085,-0.317575280,0.532631450,0.621189269,-0.479138364
1403715555862143039,0.205885372,-0.270390016,0.748616617,-0.300319127,0.538712257,0.623492976,-0.480472721
1403715555962142944,0.243202383,-0.336800224,0.815119495,-0.288666845,0.541650332,0.625733523,-0.481397891
1403715556062143087,0.270104810,-0.386273218,0.877616005,-0.267271192,0.551685660,0.624045643,-0.484536973
1403715556162142992,0.285112461,-0.414735659,0.929713634,-0.258563819,0.554920933,0.620187111,-0.490484919
1403715556262142896,0.289145107,-0.423489389,0.978226148,-0.265301110,0.549724537,0.615441075,-0.498648711
1403715556362143039,0.281378910,-0.410900986,1.023138508,-0.274210240,0.541368241,0.616473102,-0.501687239
1403715556462142944,0.267448767,-0.379098032,1.061124276,-0.285307715,0.530783838,0.623421442,-0.498210529
1403715556562143087,0.248952058,-0.332460200,1.083363753,-0.307096547,0.512985076,0.641173266,-0.481076776
1403715556662142992,0.226084987,-0.275884395,1.091725856,-0.319619119,0.500814485,0.656188084,-0.465237218
1403715556762142896,0.200611346,-0.215851996,1.086184288,-0.322862417,0.494757708,0.669493948,-0.450280494
1403715556862143039,0.169203089,-0.155996461,1.072023061,-0.333988011,0.483780757,0.676639294,-0.443359282
1403715556962142944,0.133780636,-0.099893530,1.055415280,-0.343757167,0.474312500,0.681476775,-0.438689033
1403715557062143087,0.097301302,-0.051075789,1.040065988,-0.335238056,0.479239615,0.686602426,-0.431881865
1403715557162142992,0.056070945,-0.008464491,1.026984962,-0.317951820,0.491188877,0.691629819,-0.423424515
1403715557262142896,0.006473421,0.030052482,1.017453590,-0.303291969,0.501759129,0.695376114,-0.415576490
1403715557362143039,-0.057355616,0.064692244,1.009590246,-0.296899634,0.507552652,0.697128784,-0.410185777
1403715557462142944,-0.137599559,0.095267142,1.002007975,-0.301169502,0.507175277,0.693367166,-0.413898711
1403715557562143087,-0.231996191,0.121534917,0.993138708,-0.318693160,0.498009483,0.685482104,-0.424894703
1403715557662142992,-0.334649060,0.143875667,0.982097635,-0.337214770,0.487436455,0.679530873,-0.432353667
1403715557762142896,-0.441788698,0.159568084,0.969279235,-0.350796398,0.480910630,0.674270350,-0.437065612
1403715557862143039,-0.549745800,0.169407292,0.962270599,-0.351309460,0.485332480,0.669125219,-0.439665200
1403715557962142944,-0.657497273,0.175030021,0.967244162,-0.350410030,0.491823808,0.664651177,-0.439955642
1403715558062143087,-0.766053168,0.176932264,0.983906227,-0.351529732,0.496243223,0.660735807,-0.439997392
1403715558162142992,-0.875851653,0.176975738,1.009698455,-0.350959411,0.500468874,0.659747808,-0.437139826
1403715558262142896,-0.987292213,0.173903876,1.037735760,-0.356144824,0.499316945,0.662356828,-0.430263739
1403715558362143039,-1.100973570,0.167199068,1.063291837,-0.370183223,0.490792047,0.662947000,-0.427304134
1403715558462142944,-1.214302463,0.153441362,1.088270659,-0.380339478,0.483818605,0.655076101,-0.438334051
1403715558562143087,-1.324728158,0.133847521,1.106323739,-0.386530758,0.478915140,0.639827795,-0.460276715
1403715558662142992,-1.428074927,0.114174760,1.112140587,-0.388960408,0.476793731,0.629042232,-0.475061478
1403715558762142896,-1.523720783,0.095143687,1.104842193,-0.387715524,0.473767496,0.627679628,-0.480873493
1403715558862143039,-1.607912215,0.075938284,1.096973293,-0.386488075,0.463191991,0.634737655,-0.482895700
1403715558962142944,-1.678631935,0.056712226,1.089216425,-0.385944419,0.446185368,0.645858766,-0.484594652
1403715559062143087,-1.734070651,0.036272300,1.084859654,-0.382461027,0.427080102,0.658532857,-0.487504487
1403715559162142992,-1.775909683,0.011942085,1.086616941,-0.371566013,0.409211261,0.669094826,-0.496786630
1403715559262142896,-1.804578678,-0.014990004,1.088974058,-0.361168379,0.388391289,0.680295789,-0.505872758
1403715559362143039,-1.819905893,-0.043425283,1.089517302,-0.350743925,0.365892986,0.693363792,-0.512198862
1403715559462142944,-1.823971241,-0.072895396,1.087093785,-0.335960863,0.347973692,0.711277420,-0.510028470
1403715559562143087,-1.817513292,-0.105981835,1.077512940,-0.309905676,0.344885986,0.727952473,-0.505071605
1403715559662142992,-1.805661992,-0.141871400,1.057630086,-0.287971859,0.343737812,0.737878217,-0.504432613
1403715559762142896,-1.791430251,-0.181540008,1.027239288,-0.280441414,0.332615434,0.746451812,-0.503516910
1403715559862143039,-1.772207019,-0.225135622,0.994452209,-0.273207398,0.317988139,0.754522101,-0.504913517
1403715559962142944,-1.748398306,-0.273825247,0.960654147,-0.267759345,0.297284962,0.764319754,-0.505709302
1403715560062143087,-1.719640333,-0.329725851,0.928490852,-0.259611842,0.275392760,0.773914297,-0.507757008
1403715560162142992,-1.683771825,-0.394313918,0.904197970,-0.246262742,0.255844341,0.782822078,-0.510967640
1403715560262142896,-1.641972515,-0.468523440,0.894938544,-0.221198776,0.244587358,0.788322004,-0.519419430
1403715560362143039,-1.595844070,-0.547974401,0.896352966,-0.197296004,0.232120195,0.793800933,-0.526378742
1403715560462142944,-1.548796520,-0.631568880,0.900517060,-0.179074981,0.215181363,0.799137811,-0.531984860
1403715560562143087,-1.502469532,-0.719040870,0.903122952,-0.162525438,0.197530599,0.803335240,-0.537791444
1403715560662142992,-1.455665236,-0.808941971,0.905746580,-0.147702093,0.176386024,0.807915615,-0.542535180
1403715560762142896,-1.408661758,-0.902228038,0.909263158,-0.133499621,0.152535725,0.812242615,-0.546966762
1403715560862143039,-1.361363024,-0.997306314,0.911813951,-0.123275309,0.124209126,0.816480795,-0.550213052
1403715560962142944,-1.310860367,-1.095064405,0.914552487,-0.110924464,0.094911195,0.820942142,-0.552034082
1403715561062143087,-1.255149051,-1.194305347,0.918538514,-0.092838343,0.067029928,0.824022572,-0.554864697
1403715561162142992,-1.195765396,-1.296227715,0.921840641,-0.068493390,0.043439001,0.826209988,-0.557493287
1403715561262142896,-1.134516776,-1.402145653,0.926758517,-0.041556730,0.028072116,0.826981444,-0.559988113
1403715561362143039,-1.073780883,-1.511261054,0.932650655,-0.011119093,0.023112874,0.827021208,-0.561585330
1403715561462142944,-1.017234688,-1.620953214,0.937498251,0.009694493,0.012166939,0.825854298,-0.563668928
1403715561562143087,-0.966695212,-1.730057409,0.941211408,0.015160483,-0.009786274,0.822385614,-0.568644256
1403715561662142992,-0.919663113,-1.839455576,0.944165734,0.014419659,-0.035725343,0.818416138,-0.573333061
1403715561762142896,-0.872040660,-1.947510604,0.947896201,0.019035936,-0.059887536,0.810322096,-0.582605542
1403715561862143039,-0.822182943,-2.051160402,0.953516029,0.030142527,-0.082706788,0.801753619,-0.591136320
1403715561962142944,-0.768926978,-2.148317766,0.961494325,0.045172508,-0.105781569,0.790701105,-0.601299814
1403715562062143087,-0.715497997,-2.235962968,0.971346180,0.061124711,-0.125133833,0.777184453,-0.613668982
1403715562162142992,-0.661775794,-2.311018073,0.981925603,0.069371115,-0.140549065,0.764252437,-0.625581187
1403715562262142896,-0.607869064,-2.371068026,0.990759613,0.068012460,-0.154782944,0.757954833,-0.630016680
1403715562362143039,-0.552340639,-2.414054715,0.997305648,0.058827758,-0.167602151,0.761925452,-0.622830972
1403715562462142944,-0.491731616,-2.442424899,1.001253414,0.046402630,-0.180256182,0.773348691,-0.606041505
1403715562562143087,-0.421838416,-2.458204846,1.006614810,0.037750130,-0.196289602,0.778147596,-0.595425594
1403715562662142992,-0.339024423,-2.463392177,1.014533287,0.046780505,-0.207329813,0.779366238,-0.589418527
1403715562762142896,-0.244052925,-2.459629913,1.024221336,0.076504770,-0.201925398,0.787709756,-0.576963165
1403715562862143039,-0.142407654,-2.449312856,1.033361149,0.103373170,-0.198260079,0.792801155,-0.566986118
1403715562962142944,-0.038705683,-2.436673313,1.040357943,0.127052030,-0.202656598,0.793343006,-0.559816899
1403715563062143087,0.065085072,-2.423560224,1.046070395,0.146355026,-0.214919527,0.788401100,-0.557506511
1403715563162142992,0.167177504,-2.409208560,1.051144436,0.160675682,-0.237374020,0.775095139,-0.563084741
1403715563262142896,0.268634671,-2.391116132,1.056249872,0.181497577,-0.264545071,0.756078699,-0.570455550
1403715563362143039,0.366593851,-2.364943303,1.060238354,0.206642522,-0.297736725,0.736056096,-0.571728199
1403715563462142944,0.459592748,-2.331230096,1.063430135,0.230968749,-0.335397799,0.716401068,-0.566507956
1403715563562143087,0.547099270,-2.290808552,1.057860783,0.252119036,-0.372798351,0.695971697,-0.559536218
1403715563662142992,0.628106599,-2.242573975,1.040482198,0.270785562,-0.406652673,0.674275591,-0.553769998
1403715563762142896,0.700341575,-2.183947289,1.008683327,0.289263276,-0.436370579,0.651051528,-0.549581098
1403715563862143039,0.763841930,-2.116085308,0.971687823,0.319209515,-0.457956065,0.631745408,-0.537846881
1403715563962142944,0.818978241,-2.036932141,0.926414407,0.351934141,-0.478114349,0.616320415,-0.517395570
1403715564062143087,0.861910861,-1.951451014,0.874795081,0.385759220,-0.498295375,0.604885915,-0.486831154
1403715564162142992,0.893346657,-1.863553906,0.824573263,0.416235862,-0.519207549,0.589060217,-0.458453147
1403715564262142896,0.911275188,-1.779320403,0.776429322,0.440170299,-0.543961995,0.569462901,-0.431355376
1403715564362143039,0.918271613,-1.702746393,0.738474584,-0.457882241,0.574242068,-0.541318368,0.409346217
1403715564462142944,0.911425819,-1.632198074,0.711143088,-0.464724993,0.613734365,-0.513549817,0.378982052
1403715564562143087,0.897926888,-1.568204714,0.700483973,-0.470678075,0.650696431,-0.482466249,0.349689323
1403715564662142992,0.882228760,-1.508156379,0.703881060,-0.479118862,0.682124276,-0.446239922,0.325609460
1403715564762142896,0.866512280,-1.449602341,0.721246260,-0.488472610,0.708823013,-0.406763097,0.305791152
1403715564862143039,0.848287282,-1.392363220,0.753350140,-0.499995526,0.730188971,-0.366627809,0.287075932
1403715564962142944,0.829716355,-1.333872679,0.799254146,0.515542553,-0.744643698,0.325994949,-0.271014634
1403715565062143087,0.805179316,-1.272818615,0.856958413,0.529114140,-0.757666919,0.287426995,-0.251723637
1403715565162142992,0.771657545,-1.211839564,0.920199771,0.542672439,-0.769335576,0.253394104,-0.222307949
1403715565262142896,0.732625784,-1.146286226,0.976184433,0.554375209,-0.778880554,0.222615689,-0.190933145
1403715565362143039,0.693729743,-1.091709502,1.022385114,0.571213825,-0.781277655,0.191662211,-0.163050877
1403715565462142944,0.650242304,-1.040286937,1.055941291,0.589280044,-0.779940263,0.160907541,-0.136201979
1403715565562143087,0.606068387,-0.994548275,1.078906309,0.602135123,-0.780419976,0.126947345,-0.110735393
1403715565662142992,0.558001651,-0.959256920,1.101187394,0.610304976,-0.782766277,0.089942878,-0.081945537
1403715565762142896,0.505625377,-0.936832325,1.126780935,0.612732830,-0.787198837,0.048160242,-0.050567397
1403715565862143039,0.449948106,-0.926867749,1.154553980,0.608351989,-0.793503251,0.002198118,-0.015988000
1403715565962142944,0.392936091,-0.926998301,1.184967853,0.605299665,-0.794247288,-0.048763376,0.020141845
1403715566062143087,0.337249893,-0.936260759,1.214776240,0.602119983,-0.790049721,-0.099267224,0.058472065
1403715566162142992,0.282361336,-0.950163648,1.242634334,0.596936327,-0.782825010,-0.149187873,0.092709241
1403715566262142896,0.231341800,-0.975715174,1.272038324,0.590358123,-0.772345012,-0.196905493,0.127234807
1403715566362143039,0.186968916,-1.009628682,1.299301287,0.581858356,-0.759249794,-0.242912948,0.161164210
1403715566462142944,0.152867141,-1.051623292,1.319755442,0.572453070,-0.743676007,-0.286472868,0.192812800
1403715566562143087,0.117766996,-1.096765881,1.325948602,0.564634248,-0.725217550,-0.324820696,0.223022838
1403715566662142992,0.085197146,-1.148704045,1.320901328,0.556064677,-0.705500526,-0.361236211,0.250138927
1403715566762142896,0.059172547,-1.210346172,1.309311191,0.543636708,-0.683854335,-0.399933708,0.277228078
1403715566862143039,0.041742823,-1.279401024,1.298108787,0.525182550,-0.660854685,-0.438536899,0.308447342
1403715566962142944,0.031335110,-1.354135186,1.289923569,0.505396147,-0.632153169,-0.477277990,0.342290558
1403715567062143087,0.029645679,-1.432267967,1.281646352,-0.476369554,0.603295121,0.518107715,-0.375061915
1403715567162142992,0.037491278,-1.515513617,1.274868431,-0.441796196,0.570836682,0.557604631,-0.409925211
1403715567262142896,0.054377068,-1.599346269,1.266706280,-0.403506875,0.534241487,0.600103064,-0.437772255
1403715567362143039,0.073954345,-1.680251040,1.254713929,-0.365541537,0.491091049,0.643328593,-0.459714354
1403715567462142944,0.102057422,-1.760318991,1.235509594,-0.329555826,0.442066741,0.685062374,-0.476087700
1403715567562143087,0.130382422,-1.837778408,1.204130096,-0.295717496,0.391563631,0.719974157,-0.490781314
1403715567662142992,0.161724516,-1.917010686,1.163369142,-0.262516371,0.341656596,0.745652648,-0.508289340
1403715567762142896,0.196184931,-1.994717302,1.118681862,-0.229794783,0.289583917,0.763748393,-0.529172850
1403715567862143039,0.235106187,-2.073638466,1.074679489,-0.196760940,0.237491716,0.777446789,-0.548141686
1403715567962142944,0.279329981,-2.150612773,1.034176635,-0.164352726,0.183995014,0.790087746,-0.561155388
1403715568062143087,0.326154649,-2.222687898,0.995450774,-0.133951981,0.131170625,0.796456536,-0.574898356
1403715568162142992,0.378278844,-2.291671025,0.961800999,-0.101538302,0.081382165,0.798021789,-0.588411540
1403715568262142896,0.434795980,-2.352621468,0.928898004,-0.066710838,0.033990376,0.799309391,-0.596237215
1403715568362143039,0.498314070,-2.406329571,0.898124975,-0.030574930,-0.010776169,0.798918471,-0.600565005
1403715568462142944,0.562852215,-2.454383684,0.868652743,0.003483846,-0.055243692,0.796384679,-0.602251975
1403715568562143087,0.631678825,-2.489843841,0.845910803,0.036710930,-0.100042973,0.792000713,-0.601147720
1403715568662142992,0.701684758,-2.513543623,0.826285024,0.067216422,-0.146052023,0.785354861,-0.597803062
1403715568762142896,0.775387434,-2.532111145,0.810995405,0.099822198,-0.189293391,0.777082470,-0.591900646
1403715568862143039,0.850254189,-2.540277604,0.800063283,0.129859521,-0.232015235,0.768082681,-0.582541356
1403715568962142944,0.924480511,-2.540599209,0.790159568,0.158034969,-0.270740695,0.760320446,-0.568891241
1403715569062143087,1.000063452,-2.536468250,0.779083733,0.181605015,-0.306192878,0.752024727,-0.554729079
1403715569162142992,1.075268636,-2.526994622,0.767718986,0.206377173,-0.338265137,0.741899036,-0.540898309
1403715569262142896,1.150485949,-2.515011851,0.757326847,0.232566699,-0.363047013,0.729731851,-0.530660930
1403715569362143039,1.225893988,-2.501245057,0.749230014,0.257169555,-0.381143147,0.710612578,-0.532563129
1403715569462142944,1.297632534,-2.482791575,0.742913595,0.278058102,-0.397215120,0.692280875,-0.534463311
1403715569562143087,1.365178836,-2.458563077,0.737113105,0.291679916,-0.417730922,0.675712063,-0.532763466
1403715569662142992,1.426330843,-2.425935152,0.730928789,0.303122382,-0.441051685,0.661388293,-0.525505241
1403715569762142896,1.485447103,-2.381894229,0.725678011,0.316581684,-0.465174249,0.648987058,-0.512059327
1403715569862143039,1.533156980,-2.331747437,0.723919136,0.336839872,-0.490112830,0.634012903,-0.494323734
1403715569962142944,1.574869924,-2.276073090,0.723303099,0.359346511,-0.514476496,0.611087459,-0.482448067
1403715570062143087,1.609752630,-2.215523008,0.722387852,0.382040067,-0.538625470,0.586708200,-0.468723242
1403715570162142992,1.637869154,-2.150257968,0.720258135,-0.403716746,0.563375242,-0.560900464,0.452782283
1403715570262142896,1.657460741,-2.079282643,0.717452864,-0.424861081,0.588373827,-0.533581865,0.434280664
1403715570362143039,1.667421146,-2.005342916,0.712373968,-0.447438362,0.612282665,-0.502233072,0.415536751
1403715570462142944,1.667079518,-1.929285327,0.704798390,-0.470854153,0.635007378,-0.468865533,0.393988717
1403715570562143087,1.655298451,-1.852609621,0.697458745,-0.492692224,0.657526823,-0.432065011,0.371796551
1403715570662142992,1.628719241,-1.776149203,0.686381290,0.509144232,-0.682112094,0.396264535,-0.344194219
1403715570762142896,1.592333019,-1.701349552,0.672349639,0.520916374,-0.707602580,0.361406066,-0.311978165
1403715570862143039,1.547594597,-1.628291127,0.659920612,0.532773681,-0.730142237,0.323387048,-0.280116648
1403715570962142944,1.494435152,-1.557733731,0.645833636,0.541364945,-0.750354925,0.287018960,-0.248015322
1403715571062143087,1.434960826,-1.488475622,0.632717687,0.547765273,-0.765560497,0.257800137,-0.217737043
1403715571162142992,1.376805530,-1.421197361,0.619168828,0.556803920,-0.771659762,0.239316533,-0.192972030
1403715571262142896,1.318193774,-1.356638293,0.608823976,0.572911712,-0.767307606,0.223057506,-0.182363806
1403715571362143039,1.257410187,-1.300043853,0.599475071,0.585797237,-0.761338690,0.210580794,-0.181275275
1403715571462142944,1.192123474,-1.252685890,0.589237587,0.582388281,-0.765834518,0.206304212,-0.178213223
1403715571562143087,1.121720127,-1.208694059,0.576631150,0.570852982,-0.775411096,0.212343692,-0.166657319
1403715571662142992,1.049241022,-1.168980587,0.559775937,0.558206431,-0.784511103,0.232153063,-0.138032114
1403715571762142896,0.982114913,-1.132317560,0.533167470,0.541858383,-0.793050127,0.260039788,-0.099198272
1403715571862143039,0.927838335,-1.100855870,0.500728106,0.521098569,-0.802545412,0.282245858,-0.068661624
1403715571962142944,0.898682865,-1.074180388,0.466795487,-0.499168181,0.812544072,-0.296795332,0.050157645
1403715572062143087,0.894254001,-1.051668666,0.433546618,-0.477924652,0.824607168,-0.298589626,0.049550778
1403715572162142992,0.925864194,-1.014086353,0.399039490,-0.463590687,0.837939749,-0.278015632,0.075152911
1403715572262142896,0.983429407,-0.960461240,0.369049188,-0.473427039,0.840136053,-0.239272968,0.113078284
1403715572362143039,1.054122498,-0.889066679,0.343163101,0.503209898,-0.829779242,0.189422894,-0.149549911
1403715572462142944,1.122609486,-0.805496278,0.317855037,0.536181349,-0.814448994,0.146211990,-0.166746668
1403715572562143087,1.179855418,-0.717394410,0.292641883,0.558355515,-0.805685410,0.117312980,-0.159209936
1403715572662142992,1.224546750,-0.628883917,0.269894677,0.571527506,-0.802775990,0.090558543,-0.143896390
1403715572762142896,1.254541016,-0.542839554,0.249355589,0.574819773,-0.806132759,0.063138858,-0.125481827
1403715572862143039,1.268895969,-0.458346574,0.238552188,0.574585922,-0.811430130,0.041136596,-0.098691148
1403715572962142944,1.272211738,-0.375094688,0.240935467,0.578940315,-0.812120289,0.020374137,-0.069811476
1403715573062143087,1.266235628,-0.292681544,0.254242653,0.584520428,-0.810234601,-0.002410046,-0.043011081
1403715573162142992,1.251806213,-0.215404823,0.279222582,0.587316744,-0.808850004,-0.024822039,-0.014303150
1403715573262142896,1.233502881,-0.142727798,0.305934795,0.586275276,-0.808512933,-0.049467157,0.011880179
1403715573362143039,1.213665302,-0.073951703,0.330193799,0.581218866,-0.809438072,-0.074378997,0.038241374
1403715573462142944,1.193818440,-0.007821985,0.353350270,0.573808593,-0.810414608,-0.096597333,0.068123542
1403715573562143087,1.178195767,0.056702824,0.376492081,0.565567215,-0.810368571,-0.117387120,0.098268855
1403715573662142992,1.166400470,0.119540636,0.398272820,0.558851950,-0.808109561,-0.145985491,0.115462863
1403715573762142896,1.158350919,0.183785421,0.416035514,0.549031695,-0.806639066,-0.181351628,0.122512050
1403715573862143039,1.148119143,0.250678937,0.430960131,0.536744214,-0.804678572,-0.218574342,0.128931383
1403715573962142944,1.135846015,0.320738436,0.449515293,0.523189828,-0.800798165,-0.253271678,0.144388918
1403715574062143087,1.119001255,0.392233571,0.467952349,0.507707523,-0.794761529,-0.288152777,0.165997470
1403715574162142992,1.094829235,0.471827501,0.488922426,-0.496731220,0.782676575,0.322095478,-0.192171739
1403715574262142896,1.064359723,0.556710227,0.511643159,-0.497512498,0.760318919,0.357164091,-0.216403021
1403715574362143039,1.030178920,0.644883918,0.531297473,0.507938201,-0.730428098,-0.394077606,0.230600126
1403715574462142944,0.989848256,0.730852426,0.547692657,0.516007661,-0.705153679,-0.425953825,0.234643820
1403715574562143087,0.942164354,0.811090823,0.559530188,0.518031586,-0.689010287,-0.447768483,0.237511023
1403715574662142992,0.888228785,0.880477598,0.566481343,0.512971815,-0.679701891,-0.466556762,0.239144399
1403715574762142896,0.826359094,0.941881879,0.575343970,0.504184059,-0.673852672,-0.480064961,0.247504837
1403715574862143039,0.756570381,0.991766881,0.587953994,-0.490697021,0.675515897,0.481768984,-0.266070203
1403715574962142944,0.677467246,1.035162978,0.603855781,-0.484820198,0.675567905,0.476833161,-0.284934234
1403715575062143087,0.596400642,1.074710547,0.624504790,-0.487963797,0.671588441,0.471518467,-0.297540979
1403715575162142992,0.513336316,1.109414659,0.645329637,0.501253590,-0.662588679,-0.464921667,0.305890380
1403715575262142896,0.431397799,1.138360927,0.668084605,0.522275260,-0.649462311,-0.456283800,0.311821027
1403715575362143039,0.357252015,1.157229922,0.685451018,0.525684587,-0.651625130,-0.453886665,0.305003771
1403715575462142944,0.288222297,1.167554305,0.700509689,0.516869907,-0.663305056,-0.454030444,0.294496619
1403715575562143087,0.220117853,1.171167464,0.718731197,0.521508188,-0.665040310,-0.456277617,0.278498352
1403715575662142992,0.150376447,1.164656063,0.739949796,0.537956312,-0.656676267,-0.458932022,0.262222587
1403715575762142896,0.079798108,1.142514749,0.761027177,0.549499753,-0.651179250,-0.460587776,0.248745870
1403715575862143039,0.007366859,1.101389423,0.780496818,0.548840169,-0.655137959,-0.458766941,0.243108242
1403715575962142944,-0.067594830,1.041734853,0.800203639,0.540492375,-0.664607739,-0.450696907,0.251071393
1403715576062143087,-0.144632375,0.968404419,0.820378487,0.528675926,-0.675779608,-0.440289237,0.264516682
1403715576162142992,-0.220721707,0.886382538,0.840092619,0.522138644,-0.681740479,-0.432402786,0.275007248
1403715576262142896,-0.296913923,0.800009378,0.856777528,0.517495694,-0.685106218,-0.427534074,0.282917466
1403715576362143039,-0.371599544,0.710882892,0.875523976,0.523700728,-0.679928258,-0.424667634,0.288257718
1403715576462142944,-0.442620841,0.617322297,0.897538764,0.536514456,-0.668961010,-0.419168816,0.298229624
1403715576562143087,-0.505491065,0.517632805,0.920342316,0.549513155,-0.659250731,-0.413442840,0.304119688
1403715576662142992,-0.557705552,0.410341586,0.942094808,0.559772530,-0.653856249,-0.408613351,0.303581702
1403715576762142896,-0.596919358,0.294231332,0.963037375,0.561045638,-0.658501230,-0.405018644,0.295911847
1403715576862143039,-0.623572748,0.169035731,0.982298256,0.551736209,-0.673242588,-0.402890822,0.282861378
1403715576962142944,-0.643570321,0.036028980,1.003037315,0.540815954,-0.688476561,-0.400662690,0.270162060
1403715577062143087,-0.660117241,-0.101980153,1.026532887,0.532714733,-0.701680138,-0.389172277,0.269081653
1403715577162142992,-0.675694088,-0.240800120,1.049143232,0.525820328,-0.715084659,-0.372247889,0.271290290
1403715577262142896,-0.687488330,-0.379532818,1.060392809,0.523685099,-0.723855588,-0.357534883,0.271948179
1403715577362143039,-0.695117958,-0.516221804,1.047848394,0.526993771,-0.726670756,-0.351538777,0.265796285
1403715577462142944,-0.698959959,-0.650644698,1.020947481,0.530844923,-0.727201476,-0.350168110,0.258387259
1403715577562143087,-0.699182876,-0.784381446,0.992833014,0.532981252,-0.727646532,-0.349207109,0.253999812
1403715577662142992,-0.695056990,-0.918506998,0.976345716,0.532922664,-0.729002769,-0.347531903,0.252527174
1403715577762142896,-0.687842729,-1.050718841,0.975096202,0.528561132,-0.732442768,-0.343853636,0.256739943
1403715577862143039,-0.677781482,-1.180214855,0.976108585,0.524677951,-0.737592684,-0.333705047,0.263269866
1403715577962142944,-0.662429436,-1.304132659,0.964636232,0.521212558,-0.745668560,-0.319426264,0.265108901
1403715578062143087,-0.640941924,-1.422911855,0.937402159,0.513902286,-0.759032535,-0.300170319,0.263954222
1403715578162142992,-0.612284034,-1.533793926,0.898526533,-0.494323537,0.781741936,0.273454501,-0.264095479
1403715578262142896,-0.577051746,-1.626945179,0.853020289,-0.490256003,0.796935840,0.246897665,-0.252158406
1403715578362143039,-0.534060451,-1.701336832,0.807011092,0.500755340,-0.804346187,-0.224035219,0.228209380
1403715578462142944,-0.480730709,-1.759066452,0.759567247,0.511133850,-0.811253144,-0.204699244,0.196745374
1403715578562143087,-0.423046195,-1.805448912,0.710050809,0.509564486,-0.823793082,-0.193536119,0.155732986
1403715578662142992,-0.366149462,-1.843981397,0.657216437,-0.489975930,0.842926745,0.189471538,-0.116183591
1403715578762142896,-0.316733675,-1.870272474,0.606047378,-0.470555989,0.858348467,0.183969964,-0.089274981
1403715578862143039,-0.277488906,-1.873664143,0.560475255,-0.462812637,0.865345029,0.176283400,-0.076854455
1403715578962142944,-0.249888830,-1.855418800,0.516970613,-0.476641138,0.858796564,0.176132436,-0.065261420
1403715579062143087,-0.237468362,-1.815485194,0.481976665,0.504628310,-0.841868889,-0.185017745,0.048738860
1403715579162142992,-0.243396810,-1.762341799,0.459490202,0.535461583,-0.819954263,-0.200680050,0.026142244
1403715579262142896,-0.272186148,-1.706532188,0.449964831,0.564578629,-0.797314833,-0.213180209,0.009707083
1403715579362143039,-0.324788850,-1.657386313,0.444862140,0.576201709,-0.788538841,-0.214853301,0.006012083
1403715579462142944,-0.398427935,-1.616455180,0.438921167,0.574823865,-0.790778468,-0.210085364,0.010539368
1403715579562143087,-0.491379210,-1.583120791,0.433055682,0.563796349,-0.801224944,-0.198752827,0.025876239
1403715579662142992,-0.600410301,-1.553615294,0.429349865,0.562952126,-0.802694717,-0.193334173,0.037255770
1403715579762142896,-0.723149893,-1.526761886,0.430151901,0.568303856,-0.799400200,-0.188280523,0.050403302
1403715579862143039,-0.855566858,-1.503082366,0.439814282,0.574622023,-0.794285133,-0.190463297,0.051423634
1403715579962142944,-0.997672400,-1.484015787,0.459441975,0.577742929,-0.793350968,-0.183987760,0.054367758
1403715580062143087,-1.146658108,-1.468392500,0.476636042,0.580419631,-0.795311832,-0.165240885,0.057337523
1403715580162142992,-1.297464382,-1.454957981,0.482406121,0.582879346,-0.798492988,-0.140421685,0.054243582
1403715580262142896,-1.449938560,-1.444816080,0.474884240,0.584708991,-0.802104845,-0.112476654,0.045740739
1403715580362143039,-1.602167325,-1.437641466,0.467334563,0.586525260,-0.805084420,-0.078769506,0.040281010
1403715580462142944,-1.752720076,-1.435823732,0.461066978,0.586887498,-0.807778719,-0.042604779,0.035234040
1403715580562143087,-1.899041545,-1.438610116,0.455664506,0.584316624,-0.810812222,-0.010738970,0.032284644
1403715580662142992,-2.038235331,-1.443998455,0.450731504,0.576897129,-0.815783222,0.017071056,0.037363288
1403715580762142896,-2.166415194,-1.451399157,0.445631429,0.568063687,-0.820720605,0.040668645,0.045468633
1403715580862143039,-2.279302344,-1.455323343,0.443126729,0.560032570,-0.823961952,0.063022761,0.058977568
1403715580962142944,-2.371964020,-1.455465909,0.443279337,0.548537393,-0.828172027,0.084380108,0.078216488
1403715581062143087,-2.439837947,-1.450900985,0.444097350,0.536858440,-0.835541970,0.087617817,0.077302980
1403715581162142992,-2.481645893,-1.439247204,0.445848088,0.528546187,-0.842430154,0.082131610,0.064844137
1403715581262142896,-2.501172852,-1.417380366,0.451181388,0.533676901,-0.841281079,0.072353360,0.046905245
1403715581362143039,-2.506964881,-1.385244831,0.458474008,0.542908004,-0.836221115,0.063961922,0.043520324
1403715581462142944,-2.494822624,-1.349413995,0.463429488,0.549737896,-0.833164825,0.044016687,0.041074949
1403715581562143087,-2.472056631,-1.307933615,0.461976776,0.559251956,-0.828457200,0.007276602,0.029033919
1403715581662142992,-2.446002605,-1.262149496,0.447766758,0.566033771,-0.823401125,-0.033714728,0.021901463
1403715581762142896,-2.420678140,-1.215115794,0.425317293,0.568712487,-0.818639432,-0.077533362,0.019600124
1403715581862143039,-2.399875379,-1.168185838,0.406870454,0.569954714,-0.812280900,-0.121839406,0.022506064
1403715581962142944,-2.391826539,-1.123971843,0.402129055,0.568359088,-0.807521186,-0.151104815,0.045219642
1403715582062143087,-2.394290629,-1.081174247,0.412950098,0.577424620,-0.794804419,-0.170281597,0.076621931
1403715582162142992,-2.400865953,-1.043146547,0.428779926,0.590538446,-0.778429841,-0.187098123,0.101516594
1403715582262142896,-2.407287456,-1.011829700,0.435753733,0.595450911,-0.769215937,-0.199818200,0.117548893
1403715582362143039,-2.412394635,-0.985331508,0.427884707,0.584148418,-0.774262280,-0.211290073,0.121016747
1403715582462142944,-2.418766664,-0.963677488,0.416440702,0.569686932,-0.783070559,-0.219402560,0.118826832
1403715582562143087,-2.429423547,-0.943705791,0.411334405,0.555576571,-0.792661913,-0.223043064,0.115210928
1403715582662142992,-2.446802768,-0.922963246,0.418887349,0.546153598,-0.799846057,-0.222779678,0.111048402
1403715582762142896,-2.469727440,-0.901422986,0.431353972,0.539964073,-0.805647676,-0.218978755,0.106859379
1403715582862143039,-2.497559896,-0.877529054,0.435126628,0.531183919,-0.813445793,-0.214195227,0.101340958
1403715582962142944,-2.533121349,-0.847307632,0.425542507,0.519795358,-0.822605261,-0.210380922,0.094197866
1403715583062143087,-2.575576992,-0.809942553,0.405205908,0.511716691,-0.829294464,-0.206202780,0.088865814
1403715583162142992,-2.628874150,-0.760874327,0.382096350,0.522300529,-0.824337709,-0.198728515,0.090423871
1403715583262142896,-2.689614437,-0.704565575,0.361901391,0.549205951,-0.808289595,-0.186750149,0.100822294
1403715583362143039,-2.753030522,-0.645713655,0.342766844,0.576600017,-0.789991553,-0.173572965,0.115404475
1403715583462142944,-2.814985524,-0.590734480,0.321767247,0.599876557,-0.772626118,-0.162755322,0.129258282
1403715583562143087,-2.870701664,-0.544773935,0.298312518,0.621388024,-0.754986800,-0.156833577,0.138834736
1403715583662142992,-2.915119611,-0.512593272,0.277933241,0.653626899,-0.726525771,-0.152028723,0.147714076
1403715583762142896,-2.946609947,-0.502149835,0.255862009,0.684214918,-0.697089238,-0.149526453,0.153487390
1403715583862143039,-2.960370012,-0.523525453,0.238253747,0.703832917,-0.676364271,-0.148112279,0.158787125
1403715583962142944,-2.952729194,-0.585382270,0.236126105,0.703548738,-0.675339242,-0.145601068,0.166542519
1403715584062143087,-2.920308917,-0.685802260,0.252913452,0.687343230,-0.689970252,-0.142251053,0.176819043
1403715584162142992,-2.862426592,-0.816844786,0.286798883,0.655946838,-0.718573534,-0.141716805,0.182488818
1403715584262142896,-2.782524759,-0.969070495,0.332925719,0.612449712,-0.755522378,-0.145719875,0.181265015
1403715584362143039,-2.685803774,-1.129381787,0.376101493,0.570901000,-0.787300792,-0.152953567,0.175598172
1403715584462142944,-2.579233146,-1.286193392,0.400118339,0.543454360,-0.806954513,-0.161444012,0.165582620
1403715584562143087,-2.465504245,-1.434486522,0.410861869,0.528778113,-0.816835884,-0.167419178,0.158567539
1403715584662142992,-2.349252613,-1.570367328,0.420287635,0.522053445,-0.821576352,-0.175590526,0.147106988
1403715584762142896,-2.233183183,-1.692741578,0.430722007,0.518332605,-0.824218993,-0.190116589,0.125896962
1403715584862143039,-2.119108123,-1.799062165,0.444388872,0.516936795,-0.824974836,-0.199275465,0.111723579
1403715584962142944,-2.019840768,-1.896071855,0.458608783,0.510659899,-0.828767941,-0.208776997,0.093714108
1403715585062143087,-1.933044875,-1.984505021,0.471299190,-0.495228292,0.838422892,0.212557629,-0.081334166
1403715585162142992,-1.862003750,-2.056391253,0.486715692,-0.479297517,0.848560893,0.210624153,-0.076522992
1403715585262142896,-1.804264122,-2.107337230,0.504753880,-0.476723943,0.850355151,0.208932280,-0.077315593
1403715585362143039,-1.761038848,-2.140027653,0.525403238,-0.491764151,0.841362423,0.209064802,-0.081050611
1403715585462142944,-1.727171686,-2.161790035,0.545065739,0.507412385,-0.831284981,-0.210599828,0.084532031
1403715585562143087,-1.706224218,-2.173440500,0.565165529,0.524540179,-0.819645026,-0.213300069,0.086848796
1403715585662142992,-1.696241562,-2.178037876,0.581434552,0.535451617,-0.811725821,-0.215588877,0.088961748
1403715585762142896,-1.695322490,-2.179455279,0.588932670,0.537112176,-0.810131798,-0.216985835,0.090078454
1403715585862143039,-1.706246992,-2.176557109,0.579347644,0.534519099,-0.812155955,-0.212288557,0.098110171
1403715585962142944,-1.722016731,-2.170148963,0.553373850,0.528513547,-0.816996991,-0.198811082,0.116890978
1403715586062143087,-1.740573192,-2.155537247,0.529326294,0.525576863,-0.819427488,-0.179209567,0.142096745
1403715586162142992,-1.756428331,-2.130114046,0.518028667,0.544894049,-0.806732314,-0.167299292,0.155834511
1403715586262142896,-1.761687618,-2.101502309,0.515036130,0.566758466,-0.791960833,-0.171990394,0.148331335
1403715586362143039,-1.760965199,-2.072948819,0.512665060,0.584899041,-0.778950793,-0.185890394,0.128738242
1403715586462142944,-1.761739937,-2.049964644,0.510998299,0.600313056,-0.766911939,-0.196004796,0.114247244
1403715586562143087,-1.762121871,-2.036544360,0.510823621,0.608792857,-0.759885221,-0.199751806,0.109749369
1403715586662142992,-1.763528234,-2.034845922,0.511751271,0.609284722,-0.759502531,-0.199939867,0.109325579
1403715586762142896,-1.766755555,-2.045690328,0.512937196,0.598499275,-0.768449999,-0.195533946,0.114235249
1403715586862143039,-1.768347975,-2.065624080,0.513822463,0.577113396,-0.785155512,-0.189628179,0.120466194
1403715586962142944,-1.770786395,-2.088673411,0.516991652,0.559985209,-0.798121453,-0.186376825,0.121170919
1403715587062143087,-1.772795282,-2.110248664,0.521244759,0.553739436,-0.803043547,-0.183815047,0.121267173
1403715587162142992,-1.775013685,-2.128238806,0.528114909,0.559864288,-0.799052337,-0.184013517,0.119190465
1403715587262142896,-1.777841605,-2.145876111,0.540119188,0.572815085,-0.789310730,-0.187683816,0.116817097
1403715587362143039,-1.781882223,-2.166680503,0.554852179,0.578431225,-0.784115851,-0.188763507,0.122261969
1403715587462142944,-1.785181426,-2.190181928,0.571437429,0.577775230,-0.783580738,-0.182947908,0.136773806
1403715587562143087,-1.784403486,-2.216336107,0.589063336,0.572247750,-0.788145296,-0.170937618,0.148794608
1403715587662142992,-1.775993560,-2.242645261,0.607734979,0.565413385,-0.795751688,-0.151823745,0.155037113
1403715587762142896,-1.756870988,-2.265779935,0.625066281,0.559075886,-0.805064563,-0.131047414,0.148767531
1403715587862143039,-1.726788894,-2.282271538,0.642763840,0.560380641,-0.810731340,-0.104872235,0.133003930
1403715587962142944,-1.685378711,-2.292881395,0.660068481,0.570019881,-0.811217315,-0.078472254,0.104143694
1403715588062143087,-1.635533346,-2.302316233,0.675715201,0.585116008,-0.806198877,-0.051423632,0.070980543
1403715588162142992,-1.579161173,-2.315280851,0.682499941,0.599313286,-0.799260068,-0.023172201,0.038340286
1403715588262142896,-1.519667042,-2.333254366,0.669411732,0.609798078,-0.792454982,0.008176208,0.009723987
1403715588362143039,-1.458840676,-2.359645792,0.637163174,0.613621374,-0.788369998,0.041803246,-0.013929959
1403715588462142944,-1.394907606,-2.396726466,0.600325372,0.614276330,-0.784887293,0.071819979,-0.038189230
1403715588562143087,-1.328439855,-2.444216464,0.565927376,0.610862859,-0.783018155,0.100939517,-0.059500844
1403715588662142992,-1.261834178,-2.500688566,0.531491694,0.600593367,-0.785085988,0.129738627,-0.078073604
1403715588762142896,-1.193189466,-2.564971584,0.495749085,0.582965482,-0.791384004,0.156325573,-0.097082027
1403715588862143039,-1.122587205,-2.630842465,0.457154609,0.556731980,-0.802039463,0.180935329,-0.118509957
1403715588962142944,-1.050326387,-2.696885967,0.416627802,0.525445029,-0.814011559,0.204988502,-0.138825133
1403715589062143087,-0.977031590,-2.752841614,0.379870295,-0.498633688,0.821091712,-0.229859276,0.156004994
1403715589162142992,-0.898832886,-2.793762562,0.355343846,-0.483116151,0.820801132,-0.252625290,0.170483866
1403715589262142896,-0.812412983,-2.813548417,0.346487468,-0.473760402,0.817293507,-0.272012844,0.183279616
1403715589362143039,-0.720507681,-2.818573850,0.348599469,-0.460189395,0.815859226,-0.292216818,0.192895761
1403715589462142944,-0.621644648,-2.808543489,0.359429435,-0.447492726,0.813129156,-0.314293194,0.199476877
1403715589562143087,-0.513518718,-2.784912352,0.372450371,-0.435442421,0.810901984,-0.331178586,0.207722448
1403715589662142992,-0.393317325,-2.742222503,0.395185208,-0.429332715,0.808104812,-0.342140387,0.213494705
1403715589762142896,-0.259839248,-2.677960176,0.436527950,-0.440835390,0.798305801,-0.343441690,0.224543568
1403715589862143039,-0.114608591,-2.595548103,0.496471198,-0.475792239,0.776307919,-0.334535437,0.243009882
1403715589962142944,0.032781113,-2.502581625,0.560202345,0.504850925,-0.757560881,0.328525334,-0.251591255
1403715590062143087,0.176244733,-2.407581435,0.616308306,0.520866658,-0.747570068,0.323987069,-0.254694517
1403715590162142992,0.312915524,-2.313648381,0.667875512,0.523460862,-0.746938307,0.319294258,-0.257144061
1403715590262142896,0.443287958,-2.219548391,0.712388893,0.518084647,-0.754211722,0.312249889,-0.255446636
1403715590362143039,0.566618191,-2.123203247,0.754571155,0.513534597,-0.764165016,0.294274392,-0.256391551
1403715590462142944,0.681363843,-2.020744587,0.795993395,0.512368184,-0.774982333,0.267361695,-0.255732187
1403715590562143087,0.784335786,-1.910240938,0.831427054,0.513437663,-0.786412660,0.235853368,-0.249619879
1403715590662142992,0.874622762,-1.792182415,0.866234277,0.514487905,-0.799261100,0.208283415,-0.230438514
1403715590762142896,0.950592509,-1.665487747,0.902076701,0.521312935,-0.809071842,0.189502509,-0.194227643
1403715590862143039,1.018226664,-1.533609945,0.942272093,0.536820533,-0.811571276,0.165538149,-0.160539407
1403715590962142944,1.081290941,-1.399238911,0.981344922,0.550837024,-0.813215449,0.133546618,-0.132001920
1403715591062143087,1.136988950,-1.266434317,1.017322166,0.555496032,-0.819026719,0.097253683,-0.105646175
1403715591162142992,1.185363883,-1.133925022,1.050750289,0.556690739,-0.824757234,0.054847943,-0.082840986
1403715591262142896,1.228970285,-0.998705095,1.079974116,0.555710518,-0.828776343,0.006670472,-0.065353636
1403715591362143039,1.264146370,-0.860723214,1.106507254,0.555559882,-0.829148288,-0.040684189,-0.047022661
1403715591462142944,1.288737662,-0.720747999,1.132202694,0.555721967,-0.826719093,-0.084286371,-0.024585456
1403715591562143087,1.299847632,-0.581191466,1.151276734,0.552335057,-0.824571067,-0.122486073,0.002387800
1403715591662142992,1.300856070,-0.441132193,1.160442917,0.548909587,-0.820619731,-0.155401199,0.033645053
1403715591762142896,1.293829147,-0.297034963,1.156017478,0.550438540,-0.811149448,-0.189473966,0.056156950
1403715591862143039,1.277890511,-0.153541040,1.141798337,0.549616356,-0.801944496,-0.221399434,0.076086641
1403715591962142944,1.249857226,-0.011266891,1.115411049,0.548546261,-0.791003601,-0.254955452,0.091695258
1403715592062143087,1.213395222,0.127731467,1.075708341,0.547321070,-0.777603282,-0.292156379,0.102065822
1403715592162142992,1.163236690,0.256769208,1.032377002,0.548598570,-0.760145324,-0.327633068,0.117793332
1403715592262142896,1.095872746,0.375268290,1.001487532,0.554021146,-0.737060146,-0.360821440,0.140038562
1403715592362143039,1.014802012,0.477643460,0.983639430,0.554195166,-0.714986038,-0.394510100,0.161320999
1403715592462142944,0.923326164,0.561874953,0.976843324,0.548880174,-0.694438546,-0.428824985,0.180540279
1403715592562143087,0.818437200,0.629626198,0.972597102,0.544314337,-0.671292084,-0.462114866,0.198843383
1403715592662142992,0.702255170,0.676839613,0.965392450,0.539192721,-0.646701418,-0.494398490,0.215913452
1403715592762142896,0.577074594,0.702252321,0.960835703,0.529155591,-0.623272102,-0.525019349,0.236391476
1403715592862143039,0.446304044,0.701955757,0.960670576,0.503653776,-0.612767719,-0.544102876,0.273497086
1403715592962142944,0.312583409,0.680882321,0.965277983,-0.468760787,0.607689993,0.556670437,-0.317953175
1403715593062143087,0.176204136,0.649148484,0.969511238,-0.436695324,0.596162677,0.569127725,-0.360528624
1403715593162142992,0.039990406,0.613444405,0.971373941,-0.412220029,0.574549452,0.588184500,-0.392436708
1403715593262142896,-0.095433119,0.578266587,0.969043596,-0.395121176,0.546802716,0.610065412,-0.415579401
1403715593362143039,-0.227839620,0.543777117,0.964934533,-0.386345123,0.514111727,0.636610831,-0.425620992
1403715593462142944,-0.359129037,0.505995765,0.959126826,-0.381443723,0.478042551,0.664390228,-0.429606367
1403715593562143087,-0.485901442,0.461160758,0.953497080,-0.372229672,0.444268392,0.687236097,-0.437923754
1403715593662142992,-0.607804609,0.407753942,0.949810934,-0.361357904,0.410183851,0.701531120,-0.457191165
1403715593762142896,-0.720890288,0.345195170,0.948101496,-0.349724677,0.376572642,0.710327736,-0.480957589
1403715593862143039,-0.822656856,0.276817419,0.944660331,-0.334055481,0.342602568,0.723226940,-0.497969085
1403715593962142944,-0.910691735,0.203178835,0.939278729,-0.309832739,0.310570086,0.740358272,-0.509332430
1403715594062143087,-0.984501590,0.124185684,0.933915072,-0.281373101,0.280361666,0.759464540,-0.515208818
1403715594162142992,-1.048259482,0.040433893,0.929910889,-0.251034961,0.253368816,0.775748494,-0.520576571
1403715594262142896,-1.102530381,-0.049563853,0.928760437,-0.224773352,0.225770484,0.787873130,-0.527029942
1403715594362143039,-1.148620437,-0.144019722,0.927866664,-0.203782251,0.194617752,0.797140383,-0.534007430
1403715594462142944,-1.184012571,-0.243224895,0.927432252,-0.186146396,0.158736477,0.805526018,-0.539703700
1403715594562143087,-1.208990992,-0.346003111,0.925699926,-0.170361344,0.117484945,0.813083385,-0.544122880
1403715594662142992,-1.220358678,-0.451249219,0.923663764,-0.149493798,0.077702677,0.821476305,-0.544784892
1403715594762142896,-1.217986015,-0.562326708,0.920411409,-0.114654891,0.046976155,0.835059812,-0.536024820
1403715594862143039,-1.204541475,-0.678969639,0.919367470,-0.072505691,0.021793907,0.844899769,-0.529539735
1403715594962142944,-1.184347175,-0.805082047,0.917203122,-0.036029182,-0.006843347,0.850776333,-0.524246791
1403715595062143087,-1.161961578,-0.939888122,0.913362262,-0.007093542,-0.039908374,0.852221971,-0.521607817
1403715595162142992,-1.134961216,-1.085401412,0.911528288,0.025218412,-0.069234138,0.848449693,-0.524121918
1403715595262142896,-1.105564034,-1.238271042,0.909392471,0.055523868,-0.100754319,0.840724703,-0.529100785
1403715595362143039,-1.075176558,-1.396246083,0.904930085,0.084169775,-0.134511807,0.828628215,-0.536840111
1403715595462142944,-1.044264915,-1.556258985,0.899084811,0.113896844,-0.167640589,0.814506827,-0.543601665
1403715595562143087,-1.013905747,-1.717704117,0.893295236,0.135874818,-0.206825751,0.796258818,-0.552026301
1403715595662142992,-0.985355556,-1.876797551,0.886006885,0.145149574,-0.254304099,0.768897282,-0.568381911
1403715595762142896,-0.952843304,-2.027343714,0.877984671,0.149990997,-0.302489366,0.733747112,-0.589591434
1403715595862143039,-0.916100002,-2.164147181,0.873013911,0.158373161,-0.343067049,0.697283219,-0.609113335
1403715595962142944,-0.874545625,-2.273825762,0.875639166,0.175357841,-0.368803733,0.660332188,-0.630233952
1403715596062143087,-0.831628808,-2.349313478,0.889185550,-0.210083917,0.375413321,-0.627830562,0.648658902
1403715596162142992,-0.797307387,-2.389117004,0.913153605,-0.240912819,0.376322934,-0.610142910,0.654268822
1403715596262142896,-0.782434477,-2.390714266,0.939722309,-0.246465343,0.389059000,-0.620738706,0.634485136
1403715596362143039,-0.780684044,-2.362761718,0.967512124,0.236444879,-0.412167903,0.656099518,-0.586297588
1403715596462142944,-0.782110079,-2.312285222,0.997412306,0.232975381,-0.431702055,0.689992362,-0.532227722
1403715596562143087,-0.776572657,-2.250535601,1.030114256,0.233522112,-0.448945139,0.712537998,-0.486009553
1403715596662142992,-0.757930699,-2.187210472,1.064304042,0.235827407,-0.466585539,0.725281718,-0.447939503
1403715596762142896,-0.722657619,-2.125975942,1.096803485,0.240157242,-0.484947716,0.727634813,-0.421542158
1403715596862143039,-0.670391505,-2.069481967,1.126335069,0.246390184,-0.501205118,0.728491981,-0.396717456
1403715596962142944,-0.594452247,-2.022291827,1.151615075,0.248714746,-0.515081799,0.728768599,-0.376467852
1403715597062143087,-0.492831719,-1.983221837,1.174512438,0.250970664,-0.523938955,0.726085043,-0.367834484
1403715597162142992,-0.363643450,-1.956680463,1.200504019,0.264541980,-0.523704601,0.717909374,-0.374642713
1403715597262142896,-0.210135901,-1.939744209,1.228587047,0.292834912,-0.515941360,0.703206369,-0.391858432
1403715597362143039,-0.042414754,-1.930425523,1.255083751,0.325345644,-0.508448677,0.684582676,-0.408627844
1403715597462142944,0.131905615,-1.928425816,1.281194008,0.357130450,-0.504835843,0.660645204,-0.425613121
1403715597562143087,0.304173411,-1.930905969,1.303602912,0.380056816,-0.511726389,0.634377515,-0.437330639
1403715597662142992,0.468592303,-1.937553690,1.325106854,0.395160562,-0.527149698,0.612817217,-0.436367259
1403715597762142896,0.623365537,-1.947862406,1.338979358,0.402863316,-0.546825957,0.596806194,-0.427205909
1403715597862143039,0.774784143,-1.960071561,1.351039803,0.410024613,-0.560595567,0.584555900,-0.419412478
1403715597962142944,0.923242275,-1.974355923,1.363652530,0.420676592,-0.565442527,0.570514116,-0.421686610
1403715598062143087,1.065588253,-1.990987952,1.374970740,-0.426907464,0.568041330,-0.560747117,0.425019688
1403715598162142992,1.199141452,-2.009125557,1.380315352,-0.428056225,0.570587931,-0.552175898,0.431623748
1403715598262142896,1.324763347,-2.026689801,1.378585316,-0.437639242,0.564242418,-0.543945152,0.440710857
1403715598362143039,1.439142113,-2.043910148,1.365415023,-0.451394260,0.552573169,-0.534853846,0.452589745
1403715598462142944,1.537895963,-2.061980795,1.352889807,-0.471223496,0.534373192,-0.524745818,0.465870728
1403715598562143087,1.605882629,-2.081852408,1.340711496,-0.485505582,0.520263834,-0.519673807,0.472809695
1403715598662142992,1.646974897,-2.104717668,1.327751410,0.482064743,-0.520790316,0.523069818,-0.472005293
1403715598762142896,1.672636336,-2.125455303,1.306937216,0.461018509,-0.535204137,0.536920787,-0.461231540
1403715598862143039,1.677348694,-2.144950674,1.280042391,0.438368314,-0.551248442,0.551401910,-0.447117781
1403715598962142944,1.670088407,-2.165545140,1.249485161,-0.421945258,0.562229467,-0.560015202,0.438455471
1403715599062143087,1.653971961,-2.184106492,1.216595046,-0.413936892,0.567527920,-0.563366586,0.434955628
1403715599162142992,1.632611750,-2.200987893,1.182724097,-0.412386223,0.568351509,-0.563878168,0.434690208
1403715599262142896,1.603879184,-2.214998565,1.145066482,0.411623745,-0.568996586,0.571430916,-0.424588607
1403715599362143039,1.571679872,-2.228005596,1.103605749,0.414771715,-0.566617407,0.580753181,-0.411867553
1403715599462142944,1.538542212,-2.243261217,1.060442956,0.424286933,-0.559570840,0.588778613,-0.400250945
1403715599562143087,1.506972145,-2.264369955,1.016476865,0.432839391,-0.553152780,0.593183626,-0.393452983
1403715599662142992,1.473557049,-2.294521174,0.977841300,0.442877144,-0.545161002,0.594094587,-0.392059866
1403715599762142896,1.436902813,-2.334086804,0.938543599,0.446323985,-0.541576508,0.588789508,-0.401019577
1403715599862143039,1.394294266,-2.383367592,0.897613516,0.439395382,-0.545577115,0.580912037,-0.414509970
1403715599962142944,1.344125687,-2.435997447,0.854375386,0.421307703,-0.557517096,0.578323042,-0.420971456
1403715600062143087,1.292180377,-2.490787073,0.809425232,0.403798801,-0.570010085,0.575479109,-0.425275000
1403715600162142992,1.237157118,-2.542150305,0.765292136,-0.386588151,0.589111804,-0.560284117,0.435406239
1403715600262142896,1.179756592,-2.584328352,0.720936927,-0.375135114,0.611934077,-0.537872047,0.442158335
1403715600362143039,1.121912838,-2.612696479,0.678752616,-0.375629392,0.634217870,-0.514674061,0.437927921
1403715600462142944,1.060648446,-2.622843136,0.638710018,-0.385967739,0.655565145,-0.496893205,0.417564831
1403715600562143087,0.999211832,-2.616560360,0.601766052,-0.402982458,0.674997486,-0.489398704,0.377455218
1403715600662142992,0.940856116,-2.598102253,0.569946100,-0.419923406,0.693763268,-0.475753930,0.340609834
1403715600762142896,0.890049529,-2.573375016,0.547564174,-0.437678963,0.711190186,-0.450616613,0.315579331
1403715600862143039,0.847801063,-2.542414142,0.536216757,-0.453652790,0.727398525,-0.420432331,0.297198902
1403715600962142944,0.812549073,-2.504754576,0.539190462,-0.467650198,0.740638883,-0.391742930,0.281593348
1403715601062143087,0.785115247,-2.460636388,0.554669729,-0.480399070,0.748531114,-0.367759356,0.271423949
1403715601162142992,0.760446642,-2.411943980,0.581004665,-0.487389078,0.753976186,-0.350390420,0.266830192
1403715601262142896,0.739079488,-2.357086427,0.618039752,-0.490505018,0.757098043,-0.337811756,0.268496923
1403715601362143039,0.717455702,-2.295557858,0.659738373,-0.491230391,0.760030529,-0.327106564,0.272116875
1403715601462142944,0.694465377,-2.227616461,0.700127888,-0.494049391,0.760405964,-0.323999748,0.269670416
1403715601562143087,0.669602873,-2.154491860,0.736521389,-0.497320117,0.759210113,-0.324954942,0.265851444
1403715601662142992,0.643941815,-2.076602221,0.771255003,-0.499751212,0.757772899,-0.328182768,0.261390572
1403715601762142896,0.618287505,-1.993880002,0.804788499,0.506904210,-0.752980068,0.328970932,-0.260475077
1403715601862143039,0.591620603,-1.909502868,0.837305755,0.512546071,-0.748097856,0.329621151,-0.262670935
1403715601962142944,0.564393972,-1.824198547,0.868831372,0.521502286,-0.736458817,0.334212497,-0.271966511
1403715602062143087,0.534653547,-1.739100084,0.899482271,0.537467242,-0.715980353,0.339446373,-0.288577993
1403715602162142992,0.498712681,-1.658006767,0.923756341,0.545858821,-0.697965642,0.351496309,-0.302212598
1403715602262142896,0.451224203,-1.587237325,0.945296296,0.542579966,-0.686251400,0.372542114,-0.309642327
1403715602362143039,0.394125543,-1.524003225,0.961567274,0.524985947,-0.683394435,0.396076900,-0.316993517
1403715602462142944,0.330526560,-1.466171327,0.972619551,-0.499940624,0.683979274,-0.422302401,0.322323451
1403715602562143087,0.263645338,-1.412673130,0.983924847,-0.478641275,0.680783758,-0.445500019,0.330099589
1403715602662142992,0.197442174,-1.362013582,0.989648079,-0.462205619,0.672497125,-0.461724103,0.347741911
1403715602762142896,0.131602070,-1.310376577,0.984287979,-0.447250349,0.661432890,-0.479259712,0.364395097
1403715602862143039,0.066194138,-1.254668160,0.965146033,-0.433407653,0.649365569,-0.498983954,0.376161106
1403715602962142944,0.001865399,-1.196478114,0.933718789,-0.419259210,0.637948655,-0.518304315,0.385491720
1403715603062143087,-0.058678670,-1.135674755,0.892974661,-0.409030887,0.623714984,-0.534910220,0.396918643
1403715603162142992,-0.118331142,-1.070497168,0.849737730,-0.398459241,0.607885545,-0.551951280,0.408723845
1403715603262142896,-0.177614362,-1.002877592,0.806637904,-0.384669389,0.595082274,-0.570502648,0.415250861
1403715603362143039,-0.234255702,-0.933969207,0.765389366,-0.371142678,0.586262321,-0.585944738,0.418590932
1403715603462142944,-0.286366239,-0.859786513,0.729344876,0.368565494,-0.574869395,0.597888409,-0.419778638
1403715603562143087,-0.334823930,-0.783245132,0.698447523,0.373048014,-0.562403171,0.608993310,-0.416731330
1403715603662142992,-0.378861563,-0.708641553,0.670622269,0.380595597,-0.550010048,0.620486004,-0.409430162
1403715603762142896,-0.418236075,-0.639509869,0.646087276,0.390768237,-0.537620583,0.627681240,-0.405315376
1403715603862143039,-0.455212043,-0.579351183,0.629564695,0.398297764,-0.529438091,0.633876257,-0.399067776
1403715603962142944,-0.489663153,-0.530756815,0.622835544,0.391208069,-0.533692784,0.644981512,-0.382265755
1403715604062143087,-0.517172549,-0.494248097,0.619897361,0.376773567,-0.544497110,0.646563834,-0.378840051
1403715604162142992,-0.536829725,-0.464965808,0.616841939,0.364492713,-0.553523783,0.637761588,-0.392449539
1403715604262142896,-0.547989115,-0.444275335,0.612438994,0.361193238,-0.556211023,0.628223841,-0.406821272
1403715604362143039,-0.552088004,-0.424250093,0.605169405,0.359935532,-0.557046654,0.623807179,-0.413533603
1403715604462142944,-0.547932448,-0.407496029,0.596746759,0.358174819,-0.558053053,0.623289016,-0.414485696
1403715604562143087,-0.537983272,-0.389966716,0.589294485,0.363592236,-0.554307152,0.619064403,-0.421074260
1403715604662142992,-0.524073866,-0.371914943,0.581057102,0.369650357,-0.549924417,0.613051711,-0.430243359
1403715604762142896,-0.507749229,-0.354502891,0.571883878,0.371015143,-0.548656993,0.609667000,-0.435464599
1403715604862143039,-0.491208057,-0.333959526,0.562781234,0.371077871,-0.548400175,0.609888960,-0.435423837
1403715604962142944,-0.474515025,-0.313502814,0.555363255,0.368511749,-0.550525405,0.609904285,-0.434899566
1403715605062143087,-0.456341320,-0.291468518,0.549945560,0.366853015,-0.552183878,0.611226159,-0.432335995
1403715605162142992,-0.435106832,-0.269209393,0.548036547,0.368671745,-0.552080571,0.609232206,-0.433732991
1403715605262142896,-0.412011662,-0.244167263,0.548669454,0.372473402,-0.551029846,0.607730841,-0.433927297
1403715605362143039,-0.388137376,-0.219398481,0.551923030,0.380226733,-0.547788374,0.608099066,-0.430779589
1403715605462142944,-0.364220216,-0.194769414,0.549644294,0.385555770,-0.546116985,0.608921454,-0.426986710
1403715605562143087,-0.341308737,-0.172796015,0.537548532,0.387542985,-0.546599455,0.611712215,-0.420532563
1403715605662142992,-0.318304108,-0.153672132,0.517190515,0.388269426,-0.547642401,0.612095783,-0.417939476
1403715605762142896,-0.293474983,-0.139604844,0.494729636,0.384371456,-0.551263037,0.606322333,-0.425136304
1403715605862143039,-0.267081080,-0.128168596,0.475684946,0.381335758,-0.553984595,0.602477686,-0.429772901
1403715605962142944,-0.240915996,-0.116022263,0.460364746,0.381069802,-0.555106022,0.598945999,-0.433482180
1403715606062143087,-0.215090117,-0.103150924,0.440137672,0.381575071,-0.555870684,0.596650634,-0.435219794
1403715606162142992,-0.189751314,-0.088941918,0.414459043,0.382604953,-0.557026714,0.594921462,-0.435204715
1403715606262142896,-0.165505021,-0.072033522,0.387990158,0.386094042,-0.556140936,0.596134991,-0.431580494
1403715606362143039,-0.142050045,-0.054537417,0.369280730,0.391066263,-0.554972629,0.597954143,-0.426055633
1403715606462142944,-0.118231873,-0.039181152,0.360942080,0.394870909,-0.554027761,0.598501086,-0.422997228
1403715606562143087,-0.094063197,-0.024608743,0.358878549,0.399576328,-0.552836783,0.598085535,-0.420718365
1403715606662142992,-0.072633339,-0.011954011,0.355632097,0.405344961,-0.551481656,0.597819401,-0.417343276
1403715606762142896,-0.051986882,-0.002676463,0.348662435,0.412752805,-0.548696777,0.598672659,-0.412502141
1403715606862143039,-0.034212934,0.001027687,0.338816575,0.418278308,-0.546766862,0.594402700,-0.415661744
1403715606962142944,-0.018848327,-0.000057743,0.326172896,0.416942450,-0.548950678,0.585200941,-0.427026938
1403715607062143087,-0.009676595,-0.003562449,0.309874245,0.407116845,-0.556733515,0.580614141,-0.432655621
1403715607162142992,-0.003986759,-0.005964503,0.293693707,0.400250528,-0.562746053,0.579138073,-0.433261453
1403715607262142896,-0.000373093,-0.006188699,0.279473773,0.396336692,-0.566190524,0.579353757,-0.432081870
1403715607362143039,0.000632765,-0.003908226,0.268482590,0.396160857,-0.566553302,0.579437868,-0.431654594
1403715607462142944,-0.000702124,-0.000201190,0.260558551,0.396198774,-0.566150000,0.578506856,-0.433394193
1403715607562143087,-0.004671374,0.006034391,0.254357815,0.394235996,-0.566800223,0.579293398,-0.433283562
1403715607662142992,-0.010265067,0.014755240,0.249655125,0.392610951,-0.566746961,0.580597879,-0.433082701
1403715607762142896,-0.017973383,0.025698674,0.245761896,0.391858202,-0.566362031,0.581068537,-0.433636432
1403715607862143039,-0.027475234,0.038637898,0.233689517,0.393481111,-0.564127513,0.584749827,-0.430116733
1403715607962142944,-0.032216870,0.046292152,0.225941337,0.391012142,-0.569364783,0.577173986,-0.435664365
1403715608062143087,-0.031401537,0.045209981,0.225760285,0.388688698,-0.571941067,0.577452038,-0.433997299
1403715608162142992,-0.030517103,0.045583075,0.224079842,0.387425728,-0.572805789,0.579900019,-0.430709647
1403715608262142896,-0.031494350,0.045086393,0.223820737,0.389404927,-0.571578292,0.578441711,-0.432512712
1403715608362143039,-0.031141102,0.045778195,0.223225075,0.388409510,-0.572414928,0.579456365,-0.430940278
1403715608462142944,-0.031267019,0.045746380,0.223292051,0.388810916,-0.572264843,0.579353301,-0.430916202
1403715608562143087,-0.031288046,0.045563886,0.223146075,0.388901082,-0.572237042,0.579102838,-0.431208325
1403715608662142992,-0.031220120,0.045538732,0.223083726,0.388703942,-0.572432938,0.579229601,-0.430955736
1403715608762142896,-0.031426509,0.045561422,0.223093651,0.388990988,-0.572286528,0.579047797,-0.431135465
1403715608862143039,-0.031223081,0.045480587,0.223006853,0.388706388,-0.572504677,0.579298272,-0.430765888
1403715608962142944,-0.031368082,0.045508259,0.223070962,0.388976989,-0.572405020,0.579195273,-0.430792562
1403715609062143087,-0.031325095,0.045467139,0.223064508,0.389010949,-0.572435147,0.579273320,-0.430616889
1403715609162142992,-0.031329045,0.045459965,0.223074130,0.389006138,-0.572493770,0.579329895,-0.430467166
1403715609262142896,-0.031373474,0.045453418,0.223083687,0.389053221,-0.572461220,0.579272657,-0.430544923
1403715609362143039,-0.031286811,0.045404733,0.223051786,0.388945365,-0.572519202,0.579406500,-0.430385147
