1403715525,-0.00003,0.00003,-0.00003,0.03915,0.81368,-0.02770,0.57933,0.00213,0.00618,-0.00258,
1403715525,-0.00049,0.00042,-0.00046,0.03909,0.81352,-0.02744,0.57957,-0.00412,-0.00719,-0.00221,
1403715525,-0.00055,0.00030,-0.00047,0.03904,0.81357,-0.02782,0.57949,-0.00180,-0.00439,-0.00045,
1403715525,-0.00038,-0.00011,-0.00044,0.03894,0.81359,-0.02803,0.57946,0.00142,0.00539,-0.00029,
1403715525,-0.00010,-0.00022,-0.00058,0.03895,0.81371,-0.02799,0.57929,0.00073,0.00075,-0.00090,
1403715525,-0.00011,0.00003,-0.00072,0.03893,0.81380,-0.02797,0.57916,-0.00222,-0.01043,-0.00132,
1403715526,-0.00005,0.00008,-0.00087,0.03903,0.81383,-0.02805,0.57912,-0.00148,-0.00884,-0.00217,
1403715526,0.00024,-0.00053,-0.00085,0.03933,0.81391,-0.02818,0.57898,-0.00131,-0.00557,-0.00159,
1403715526,0.00022,-0.00043,-0.00081,0.03923,0.81386,-0.02777,0.57907,-0.00096,-0.00286,-0.00191,
1403715526,-0.00000,0.00006,-0.00059,0.03916,0.81386,-0.02754,0.57909,-0.00312,-0.00823,-0.00153,
1403715526,-0.00031,0.00011,-0.00072,0.03912,0.81372,-0.02743,0.57929,-0.00240,-0.00270,-0.00202,
1403715526,-0.00031,-0.00010,-0.00057,0.03891,0.81368,-0.02728,0.57937,-0.00103,-0.00191,-0.00172,
1403715526,-0.00044,-0.00013,-0.00083,0.03892,0.81369,-0.02735,0.57935,-0.00164,0.00014,-0.00274,
1403715526,-0.00028,-0.00005,-0.00063,0.03890,0.81373,-0.02738,0.57929,-0.00184,0.00074,0.00029,
1403715526,-0.00016,0.00004,-0.00036,0.03887,0.81376,-0.02736,0.57926,-0.00218,0.00333,-0.00069,
1403715526,-0.00025,0.00009,-0.00036,0.03871,0.81374,-0.02727,0.57930,-0.00361,-0.00051,0.00068,
1403715527,-0.00036,-0.00008,-0.00058,0.03851,0.81370,-0.02720,0.57936,-0.00379,0.00110,-0.00035,
1403715527,-0.00030,-0.00001,-0.00066,0.03842,0.81373,-0.02711,0.57934,-0.00358,0.00261,-0.00014,
1403715527,-0.00031,-0.00008,-0.00044,0.03826,0.81373,-0.02702,0.57935,-0.00417,0.00104,0.00158,
1403715527,-0.00031,-0.00003,-0.00044,0.03812,0.81375,-0.02690,0.57933,-0.00459,0.00299,0.00239,
1403715527,0.00010,-0.00002,0.00056,0.03811,0.81387,-0.02712,0.57917,-0.00049,-0.00245,-0.00264,
1403715527,-0.00004,0.00065,0.00120,0.03812,0.81386,-0.02701,0.57919,-0.00385,0.00177,0.00056,
1403715527,-0.00018,0.00033,0.00065,0.03794,0.81379,-0.02687,0.57929,-0.00137,0.00072,-0.00135,
1403715527,-0.00025,-0.00023,-0.00013,0.03776,0.81376,-0.02670,0.57936,-0.00585,0.00051,-0.00080,
1403715527,0.00003,0.00034,0.00118,0.03781,0.81382,-0.02673,0.57927,0.00172,-0.00206,0.00261,
1403715527,0.00026,0.00044,0.00209,0.03755,0.81394,-0.02663,0.57912,0.00263,0.00599,0.00563,
1403715528,0.00009,0.00025,0.00234,0.03745,0.81380,-0.02654,0.57933,0.00213,0.00316,0.00299,
1403715528,0.00049,0.00039,0.00350,0.03753,0.81409,-0.02652,0.57892,0.00480,0.00412,0.00401,
1403715528,0.00058,0.00056,0.00429,0.03742,0.81402,-0.02657,0.57902,0.00406,0.00870,-0.00070,
1403715528,0.00092,0.00052,0.00499,0.03756,0.81435,-0.02651,0.57855,0.00876,0.00226,0.00466,
1403715528,0.00098,0.00060,0.00573,0.03774,0.81456,-0.02664,0.57824,0.00626,0.00380,0.00762,
1403715528,0.00069,0.00065,0.00581,0.03811,0.81453,-0.02640,0.57827,0.00774,0.01025,0.00115,
1403715528,0.00077,0.00074,0.00532,0.03786,0.81474,-0.02647,0.57799,0.00823,0.01120,-0.00213,
1403715528,0.00120,0.00070,0.00673,0.03800,0.81540,-0.02675,0.57704,0.01695,0.00234,0.00217,
1403715528,0.00260,0.00064,0.00732,0.03766,0.81673,-0.02696,0.57516,0.01979,-0.00406,-0.01362,
1403715528,0.00698,0.00197,0.01130,0.03754,0.82160,-0.02840,0.56811,0.05926,0.02017,0.04044,
1403715529,0.00410,0.00247,0.00881,0.03500,0.82576,-0.03189,0.56202,0.03679,0.03895,0.10017,
1403715529,0.00983,0.00707,0.02341,0.03323,0.82507,-0.03427,0.56302,0.07539,0.05139,0.17043,
1403715529,0.02046,0.01531,0.04899,0.03379,0.82660,-0.03634,0.56060,0.09262,0.06718,0.22860,
1403715529,0.03615,0.02733,0.08470,0.00904,0.83568,-0.01752,0.54886,0.12064,0.10400,0.29406,
1403715529,0.04249,0.03459,0.10329,-0.00238,0.83850,-0.00936,0.54481,0.10719,0.11085,0.26775,
1403715529,0.04980,0.04541,0.12468,-0.00023,0.83934,-0.00916,0.54353,0.09509,0.14277,0.27709,
1403715529,0.05886,0.06005,0.15526,-0.00726,0.83893,-0.00318,0.54418,0.10530,0.16477,0.37152,
1403715529,0.06781,0.07435,0.18912,-0.01374,0.84007,0.00663,0.54226,0.11715,0.17010,0.40701,
1403715529,0.07942,0.09088,0.22451,-0.02024,0.84224,0.02097,0.53831,0.13214,0.17653,0.34992,
1403715529,0.09296,0.10846,0.25245,-0.02314,0.84000,0.03340,0.54107,0.15946,0.18532,0.26606,
1403715530,0.10952,0.12698,0.27341,-0.02617,0.83740,0.04323,0.54425,0.17569,0.18267,0.17558,
1403715530,0.12722,0.14637,0.28800,-0.02734,0.83323,0.05012,0.54996,0.19785,0.19471,0.12213,
1403715530,0.14621,0.16723,0.30152,-0.03060,0.83108,0.06000,0.55206,0.21536,0.21440,0.14556,
1403715530,0.16585,0.19035,0.31920,-0.03523,0.82855,0.06505,0.55500,0.22104,0.23266,0.18588,
1403715530,0.18666,0.21526,0.34213,-0.04001,0.82476,0.06662,0.56012,0.23070,0.24393,0.23764,
1403715530,0.20562,0.24223,0.37036,-0.04191,0.81775,0.07324,0.56935,0.21646,0.25995,0.28743,
1403715530,0.22342,0.27068,0.40157,-0.03831,0.81299,0.08006,0.57548,0.18170,0.29326,0.33105,
1403715530,0.23798,0.30372,0.44007,-0.03251,0.81513,0.08498,0.57209,0.15062,0.34300,0.44948,
1403715530,0.24975,0.34374,0.49238,-0.03182,0.81734,0.08474,0.56900,0.11939,0.41251,0.58207,
1403715530,0.26269,0.39068,0.55643,-0.03727,0.81850,0.07961,0.56774,0.11402,0.47948,0.66459,
1403715531,0.27380,0.44157,0.62196,-0.04501,0.81862,0.08253,0.56659,0.10216,0.51094,0.61283,
1403715531,0.28276,0.49355,0.67679,-0.05187,0.81760,0.08617,0.56694,0.08285,0.52301,0.46911,
1403715531,0.28964,0.54755,0.72028,-0.05997,0.81651,0.09181,0.56681,0.07365,0.54746,0.39596,
1403715531,0.29809,0.60437,0.76007,-0.06983,0.81497,0.10181,0.56620,0.07302,0.55897,0.39324,
1403715531,0.30586,0.66164,0.79860,-0.07691,0.81397,0.11332,0.56453,0.08150,0.55430,0.36589,
1403715531,0.31883,0.72116,0.83331,-0.07937,0.82057,0.11987,0.55318,0.09108,0.56114,0.30965,
1403715531,0.33173,0.77842,0.86283,-0.08236,0.83175,0.12451,0.53471,0.13236,0.57501,0.26502,
1403715531,0.35354,0.83833,0.89175,-0.09725,0.83509,0.11752,0.52855,0.23461,0.58534,0.30210,
1403715531,0.37956,0.89524,0.92271,-0.11251,0.82613,0.11201,0.54065,0.31409,0.54638,0.30841,
1403715531,0.41257,0.94682,0.95000,-0.11725,0.81783,0.11156,0.55223,0.34933,0.47574,0.19733,
1403715532,0.44964,0.99313,0.96358,-0.11784,0.81310,0.11199,0.55897,0.36863,0.42329,0.05573,
1403715532,0.48093,1.03874,0.97415,-0.12399,0.81260,0.11253,0.55825,0.37554,0.38495,-0.03227,
1403715532,0.51843,1.07627,0.97432,-0.11702,0.81081,0.11789,0.56124,0.39179,0.32882,-0.02598,
1403715532,0.57232,1.09686,0.97654,-0.10786,0.80619,0.12329,0.56852,0.42888,0.26564,0.01229,
1403715532,0.59508,1.13673,0.97769,-0.10226,0.79686,0.12515,0.58215,0.35369,0.26390,0.00156,
1403715532,0.62991,1.16325,0.97793,-0.09800,0.79385,0.12576,0.58685,0.30775,0.24614,-0.00888,
1403715532,0.65772,1.18746,0.97764,-0.09479,0.79216,0.12713,0.58936,0.25199,0.23682,-0.01647,
1403715532,0.68107,1.21101,0.97651,-0.09667,0.79089,0.12768,0.59063,0.19153,0.23860,-0.02340,
1403715532,0.69799,1.23463,0.97267,-0.10411,0.79310,0.12811,0.58629,0.13922,0.22853,-0.04397,
1403715532,0.71187,1.25588,0.96863,-0.11326,0.79564,0.12609,0.58158,0.10342,0.19808,-0.03859,
1403715533,0.72196,1.27292,0.96449,-0.12440,0.79730,0.12188,0.57791,0.07964,0.15099,-0.05575,
1403715533,0.73134,1.28135,0.95986,-0.13995,0.79625,0.11397,0.57742,0.06893,0.06823,-0.04953,
1403715533,0.73774,1.28310,0.95465,-0.15236,0.79356,0.10758,0.57920,0.04298,-0.05055,-0.07438,
1403715533,0.74292,1.27252,0.94642,-0.15649,0.79246,0.10200,0.58061,0.03171,-0.17886,-0.09908,
1403715533,0.74716,1.24902,0.93341,-0.15391,0.79455,0.09127,0.58023,0.02421,-0.31485,-0.19083,
1403715533,0.75063,1.21249,0.90989,-0.14590,0.79843,0.07401,0.57943,0.01662,-0.44486,-0.30088,
1403715533,0.75280,1.16103,0.87858,-0.13041,0.79976,0.05441,0.58344,0.01084,-0.58844,-0.31168,
1403715533,0.75276,1.09532,0.85390,-0.10679,0.79391,0.03587,0.59751,-0.03768,-0.73110,-0.18728,
1403715533,0.74484,1.01673,0.84194,-0.08405,0.79287,0.02119,0.60320,-0.09780,-0.82798,-0.02980,
1403715533,0.73018,0.92968,0.84394,-0.06674,0.79759,0.00917,0.59943,-0.15292,-0.90212,0.10444,
1403715534,0.70687,0.83578,0.85997,-0.06443,0.80390,-0.00772,0.59122,-0.22345,-0.97909,0.25031,
1403715534,0.67857,0.73420,0.89000,-0.06961,0.80974,-0.02384,0.58216,-0.26874,-1.08385,0.38715,
1403715534,0.64755,0.61984,0.93548,-0.07327,0.81333,-0.03568,0.57606,-0.27571,-1.21517,0.52125,
1403715534,0.61527,0.49307,0.98810,-0.06440,0.81631,-0.03666,0.57284,-0.27116,-1.33961,0.52289,
1403715534,0.58176,0.35689,1.03450,-0.04834,0.81819,-0.03080,0.57209,-0.26956,-1.41137,0.41075,
1403715534,0.54891,0.21364,1.06622,-0.03505,0.81920,-0.02435,0.57192,-0.27778,-1.47315,0.25733,
1403715534,0.51545,0.06672,1.08590,-0.02053,0.81902,-0.01516,0.57319,-0.28329,-1.49945,0.12643,
1403715534,0.48362,-0.08100,1.09229,-0.00720,0.81954,-0.00572,0.57295,-0.27813,-1.49232,0.00123,
1403715534,0.45628,-0.22923,1.08859,-0.00107,0.81964,0.00009,0.57288,-0.26879,-1.47418,-0.12006,
1403715534,0.43196,-0.37554,1.07338,0.00426,0.82004,-0.00131,0.57228,-0.25118,-1.45503,-0.22532,
1403715535,0.41222,-0.52338,1.05091,0.01116,0.81985,-0.00854,0.57241,-0.21342,-1.43576,-0.26278,
1403715535,0.39726,-0.66829,1.02485,0.01920,0.82050,-0.02227,0.57089,-0.19750,-1.41444,-0.27397,
1403715535,0.38309,-0.80974,0.99750,0.03118,0.82305,-0.04105,0.56562,-0.18049,-1.38067,-0.29164,
1403715535,0.37123,-0.94784,0.96791,0.04808,0.82743,-0.06350,0.55589,-0.14737,-1.34846,-0.30239,
1403715535,0.36353,-1.08351,0.93948,0.06610,0.82995,-0.08730,0.54698,-0.08360,-1.31704,-0.28567,
1403715535,0.36301,-1.21322,0.91102,0.08145,0.83061,-0.10768,0.54024,-0.00955,-1.27304,-0.28612,
1403715535,0.37294,-1.33874,0.88191,0.09059,0.83390,-0.12448,0.53002,0.09063,-1.22897,-0.28866,
1403715535,0.39343,-1.46225,0.85273,0.09437,0.83769,-0.13753,0.52005,0.21193,-1.21118,-0.25988,
1403715535,0.42640,-1.58284,0.82673,0.09475,0.83930,-0.14818,0.51442,0.35580,-1.20115,-0.23215,
1403715535,0.46764,-1.70464,0.80403,0.08368,0.83386,-0.16433,0.52026,0.47748,-1.23044,-0.19836,
1403715536,0.51451,-1.82958,0.78573,0.07917,0.82318,-0.17205,0.53526,0.53188,-1.27613,-0.17505,
1403715536,0.56964,-1.95960,0.76848,0.08105,0.81350,-0.16869,0.55062,0.58616,-1.30976,-0.18500,
1403715536,0.62920,-2.09107,0.74953,0.08168,0.81126,-0.15635,0.55743,0.60980,-1.32559,-0.18491,
1403715536,0.69069,-2.22250,0.72966,0.08518,0.81291,-0.13332,0.56049,0.61104,-1.31171,-0.20768,
1403715536,0.75382,-2.35100,0.70599,0.08263,0.81989,-0.10962,0.55581,0.63919,-1.27735,-0.23346,
1403715536,0.81912,-2.47636,0.68495,0.07525,0.82841,-0.09231,0.54732,0.67744,-1.24223,-0.20153,
1403715536,0.88890,-2.59763,0.66644,0.06845,0.83523,-0.07900,0.53987,0.74954,-1.20559,-0.16206,
1403715536,0.96692,-2.71598,0.65167,0.06790,0.84037,-0.06479,0.53383,0.83579,-1.15492,-0.13168,
1403715536,1.05206,-2.82704,0.64152,0.07033,0.84073,-0.05057,0.53447,0.91503,-1.07898,-0.07724,
1403715536,1.14644,-2.93083,0.63628,0.07969,0.83667,-0.03407,0.54081,0.99008,-0.98425,-0.03680,
1403715537,1.24833,-3.02333,0.63352,0.08792,0.83106,-0.02167,0.54875,1.05030,-0.85526,-0.01423,
1403715537,1.35736,-3.10266,0.63223,0.09248,0.82396,-0.01389,0.55888,1.09872,-0.71001,0.00050,
1403715537,1.46889,-3.16643,0.63429,0.09209,0.81222,-0.00972,0.57596,1.10331,-0.53786,0.03499,
1403715537,1.57941,-3.21293,0.63953,0.09216,0.79964,-0.00219,0.59336,1.06617,-0.37592,0.05918,
1403715537,1.68386,-3.24126,0.64579,0.10125,0.78704,0.00960,0.60847,0.96962,-0.20396,0.08300,
1403715537,1.77785,-3.25122,0.65448,0.11124,0.77284,0.01902,0.62448,0.86032,0.01373,0.11372,
1403715537,1.85864,-3.23854,0.66769,0.11770,0.75378,0.02511,0.64601,0.68665,0.25394,0.15589,
1403715537,1.91941,-3.20124,0.68372,0.11669,0.73619,0.02511,0.66616,0.46347,0.50351,0.18474,
1403715537,1.95364,-3.13960,0.70147,0.09125,0.73292,0.00862,0.67412,0.19726,0.72179,0.19000,
1403715537,1.96272,-3.06056,0.71837,0.06188,0.75115,-0.01350,0.65709,-0.04731,0.85490,0.17858,
1403715538,1.95007,-2.97270,0.73556,0.03849,0.77869,-0.03312,0.62535,-0.22170,0.91434,0.17866,
1403715538,1.92969,-2.88353,0.75306,0.02313,0.79908,-0.04601,0.59901,-0.29424,0.90753,0.23382,
1403715538,1.90273,-2.79856,0.77786,0.01707,0.79796,-0.05337,0.60010,-0.33244,0.87084,0.28364,
1403715538,1.86762,-2.71633,0.80408,0.01679,0.78770,-0.05569,0.61330,-0.41828,0.82446,0.26544,
1403715538,1.82253,-2.63878,0.82754,0.01757,0.78573,-0.05623,0.61575,-0.52375,0.78684,0.19917,
1403715538,1.76697,-2.56428,0.84639,0.01401,0.79199,-0.06004,0.60741,-0.60383,0.73930,0.18360,
1403715538,1.70471,-2.49555,0.86411,0.01010,0.79864,-0.06988,0.59766,-0.67234,0.66492,0.13238,
1403715538,1.63612,-2.43327,0.87298,0.01434,0.80257,-0.08197,0.59072,-0.71421,0.59820,0.02544,
1403715538,1.56271,-2.37720,0.86991,0.02411,0.80025,-0.09537,0.59154,-0.75093,0.52489,-0.07344,
1403715538,1.48658,-2.32951,0.86194,0.04595,0.78929,-0.10490,0.60324,-0.81216,0.46607,-0.08716,
1403715539,1.40066,-2.28279,0.85514,0.07291,0.77726,-0.11399,0.61446,-0.90216,0.45117,-0.05811,
1403715539,1.30387,-2.23569,0.84920,0.09443,0.77072,-0.12975,0.61663,-1.00792,0.47399,-0.06931,
1403715539,1.20079,-2.18878,0.84076,0.11294,0.77195,-0.15298,0.60657,-1.08808,0.49503,-0.10282,
1403715539,1.08923,-2.14016,0.83019,0.13181,0.77745,-0.18136,0.58763,-1.16260,0.50889,-0.10900,
1403715539,0.97160,-2.08924,0.81511,0.15351,0.77734,-0.21330,0.57156,-1.18750,0.51624,-0.19943,
1403715539,0.85244,-2.03787,0.78958,0.17788,0.77060,-0.24750,0.55972,-1.20686,0.53540,-0.31449,
1403715539,0.73325,-1.98624,0.75237,0.20210,0.75999,-0.28313,0.54901,-1.20997,0.55081,-0.42926,
1403715539,0.61453,-1.93477,0.70365,0.22382,0.74874,-0.31856,0.53649,-1.20181,0.56446,-0.55114,
1403715539,0.49543,-1.88097,0.64478,0.24265,0.74031,-0.35112,0.51941,-1.18371,0.57200,-0.63384,
1403715539,0.37953,-1.82933,0.58468,0.26008,0.73053,-0.37679,0.50667,-1.13914,0.54538,-0.54852,
1403715540,0.27077,-1.77807,0.53904,0.26581,0.72161,-0.40011,0.49852,-1.07155,0.51895,-0.37732,
1403715540,0.17016,-1.73140,0.51218,0.26518,0.71162,-0.41832,0.49828,-1.01599,0.46930,-0.17475,
1403715540,0.07628,-1.68159,0.50333,0.26934,0.70262,-0.42794,0.50065,-0.98255,0.43670,-0.00299,
1403715540,-0.02074,-1.63615,0.50744,0.27294,0.70097,-0.42950,0.49967,-0.97651,0.41041,0.10299,
1403715540,-0.11549,-1.59787,0.52543,0.26440,0.70745,-0.43194,0.49299,-0.96783,0.35832,0.26603,
1403715540,-0.20987,-1.56821,0.55217,0.24944,0.71703,-0.43667,0.48267,-0.95261,0.27559,0.25316,
1403715540,-0.30222,-1.54944,0.58295,0.23041,0.72394,-0.44341,0.47562,-0.91772,0.13087,0.33327,
1403715540,-0.39264,-1.54910,0.61797,0.22229,0.72546,-0.44424,0.47638,-0.90546,-0.03780,0.36187,
1403715540,-0.48159,-1.56317,0.65450,0.23001,0.72842,-0.43503,0.47670,-0.88897,-0.18621,0.37150,
1403715540,-0.56865,-1.58788,0.68998,0.23975,0.73450,-0.42528,0.47135,-0.85828,-0.29734,0.32508,
1403715541,-0.65320,-1.62399,0.71884,0.24492,0.74406,-0.42085,0.45746,-0.80746,-0.40820,0.27924,
1403715541,-0.72785,-1.67079,0.74223,0.24305,0.74945,-0.42378,0.44684,-0.71307,-0.52637,0.24559,
1403715541,-0.79405,-1.73067,0.76404,0.23195,0.74575,-0.43584,0.44733,-0.62807,-0.66309,0.21807,
1403715541,-0.85288,-1.80619,0.78697,0.23171,0.73758,-0.44055,0.45629,-0.56627,-0.81439,0.21468,
1403715541,-0.90714,-1.89458,0.80925,0.23753,0.73014,-0.43990,0.46579,-0.52633,-0.95130,0.20976,
1403715541,-0.95796,-1.99397,0.83030,0.24659,0.72661,-0.43502,0.47116,-0.49108,-1.05016,0.19607,
1403715541,-1.00571,-2.10196,0.84797,0.24929,0.72551,-0.43305,0.47325,-0.45619,-1.11559,0.16153,
1403715541,-1.05115,-2.21845,0.86451,0.24170,0.71410,-0.43813,0.48958,-0.44647,-1.20330,0.16591,
1403715541,-1.09841,-2.34286,0.88020,0.24828,0.70555,-0.43686,0.49970,-0.48226,-1.26338,0.14788,
1403715541,-1.14833,-2.47146,0.89072,0.25832,0.70868,-0.43271,0.49376,-0.50465,-1.29077,0.07943,
1403715542,-1.19837,-2.60323,0.89795,0.26111,0.71874,-0.43241,0.47775,-0.48661,-1.33367,0.06418,
1403715542,-1.24410,-2.73913,0.90607,0.26255,0.72701,-0.43180,0.46483,-0.44541,-1.37886,0.08544,
1403715542,-1.28435,-2.88120,0.91668,0.27789,0.73314,-0.42020,0.45686,-0.36288,-1.44547,0.11058,
1403715542,-1.31349,-3.02865,0.92796,0.30158,0.73544,-0.40173,0.45475,-0.24180,-1.45905,0.13676,
1403715542,-1.33114,-3.17363,0.93569,0.31930,0.73793,-0.38350,0.45434,-0.09393,-1.42242,0.10785,
1403715542,-1.33290,-3.31460,0.94173,0.32910,0.74218,-0.36348,0.45688,0.08337,-1.33779,0.10373,
1403715542,-1.31800,-3.44249,0.95116,0.33124,0.74150,-0.34288,0.47211,0.24354,-1.21442,0.10849,
1403715542,-1.28560,-3.55787,0.96369,0.32476,0.73816,-0.32310,0.49524,0.38174,-1.06210,0.12899,
1403715542,-1.24262,-3.65676,0.97830,0.30601,0.73492,-0.30779,0.52107,0.48401,-0.88775,0.14905,
1403715542,-1.19162,-3.74525,0.99858,0.27747,0.72856,-0.29582,0.55199,0.52037,-0.74332,0.19415,
1403715543,-1.14105,-3.81982,1.01314,0.25338,0.72490,-0.28449,0.57392,0.47751,-0.61813,0.16160,
1403715543,-1.09650,-3.89052,1.01743,0.23417,0.73368,-0.27677,0.57470,0.39593,-0.51327,0.10288,
1403715543,-1.05895,-3.94613,1.02198,0.22102,0.74104,-0.27099,0.57321,0.34052,-0.42687,0.06241,
1403715543,-1.02581,-3.99200,1.02361,0.21182,0.74999,-0.26795,0.56644,0.28903,-0.35633,0.00711,
1403715543,-0.99670,-4.02829,1.02056,0.20050,0.75402,-0.27000,0.56423,0.25107,-0.29443,-0.06104,
1403715543,-0.97091,-4.06123,1.01057,0.19053,0.75294,-0.27387,0.56725,0.21121,-0.26671,-0.12214,
1403715543,-0.95007,-4.09042,0.99540,0.18653,0.75075,-0.27656,0.57017,0.15664,-0.25134,-0.14661,
1403715543,-0.93523,-4.11756,0.97937,0.18564,0.74600,-0.27901,0.57547,0.09383,-0.22719,-0.16434,
1403715543,-0.92788,-4.14066,0.96370,0.18630,0.74364,-0.28146,0.57712,0.01513,-0.20385,-0.15965,
1403715543,-0.92746,-4.16198,0.94865,0.19224,0.74338,-0.28008,0.57619,-0.05185,-0.17818,-0.15173,
1403715544,-0.93488,-4.17885,0.93369,0.20077,0.74244,-0.27682,0.57606,-0.10961,-0.14081,-0.14519,
1403715544,-0.94924,-4.19013,0.91859,0.21179,0.73717,-0.27069,0.58177,-0.18753,-0.07672,-0.16110,
1403715544,-0.97173,-4.19480,0.90096,0.23098,0.73223,-0.26499,0.58333,-0.27118,0.00720,-0.18453,
1403715544,-1.00265,-4.18726,0.88041,0.25618,0.72861,-0.26486,0.57737,-0.33528,0.13346,-0.22125,
1403715544,-1.03711,-4.16638,0.85676,0.27965,0.72619,-0.27490,0.56470,-0.36475,0.29306,-0.24886,
1403715544,-1.07392,-4.12908,0.82993,0.30166,0.72336,-0.29377,0.54722,-0.36691,0.46010,-0.30755,
1403715544,-1.10933,-4.07759,0.79347,0.30944,0.71469,-0.33182,0.53231,-0.35264,0.58743,-0.42998,
1403715544,-1.14406,-4.01500,0.74410,0.31880,0.69976,-0.37584,0.51716,-0.33809,0.68121,-0.56677,
1403715544,-1.17646,-3.94426,0.68169,0.32956,0.67971,-0.42245,0.50092,-0.31250,0.75230,-0.69354,
1403715544,-1.20706,-3.86685,0.60975,0.34158,0.65591,-0.46520,0.48651,-0.30193,0.80917,-0.76536,
1403715545,-1.23595,-3.78460,0.53812,0.35614,0.63365,-0.49834,0.47256,-0.28282,0.84791,-0.67137,
1403715545,-1.26205,-3.69933,0.48047,0.36843,0.61703,-0.51982,0.46188,-0.25248,0.86980,-0.46261,
1403715545,-1.28620,-3.61117,0.44796,0.38399,0.60390,-0.52603,0.45951,-0.23772,0.90618,-0.18549,
1403715545,-1.30913,-3.51626,0.44185,0.39477,0.59645,-0.52663,0.45941,-0.22657,0.98569,0.09050,
1403715545,-1.33048,-3.41334,0.45667,0.39563,0.59689,-0.52893,0.45545,-0.21082,1.05340,0.19849,
1403715545,-1.35132,-3.30263,0.47512,0.39383,0.59935,-0.53460,0.44708,-0.20731,1.10716,0.19627,
1403715545,-1.37236,-3.19045,0.49155,0.39538,0.59859,-0.54220,0.43748,-0.20074,1.13760,0.11946,
1403715545,-1.39321,-3.07688,0.49838,0.39870,0.59329,-0.55327,0.42771,-0.19311,1.14437,-0.01236,
1403715545,-1.41255,-2.96374,0.49371,0.40148,0.58418,-0.56633,0.42050,-0.17134,1.14838,-0.10389,
1403715545,-1.42977,-2.85098,0.48633,-0.39662,-0.57021,0.58126,-0.42389,-0.16108,1.14946,-0.07840,
1403715546,-1.44873,-2.73894,0.48472,-0.38863,-0.55669,0.59484,-0.43039,-0.20164,1.12088,0.01124,
1403715546,-1.47242,-2.62783,0.48995,-0.38258,-0.54699,0.60358,-0.43603,-0.27327,1.11571,0.05855,
1403715546,-1.50393,-2.51832,0.49607,-0.37952,-0.54637,0.60465,-0.43800,-0.36026,1.09980,0.04778,
1403715546,-1.54362,-2.40826,0.50004,-0.37994,-0.55426,0.59744,-0.43763,-0.42635,1.09181,0.05525,
1403715546,-1.58889,-2.29919,0.50502,-0.38161,-0.57095,0.58111,-0.43671,-0.47129,1.08725,0.06429,
1403715546,-1.63643,-2.19044,0.51027,0.37925,0.59292,-0.55811,0.43946,-0.47478,1.07803,0.07443,
1403715546,-1.68345,-2.08380,0.51785,0.36763,0.61670,-0.53169,0.44927,-0.45831,1.06587,0.08674,
1403715546,-1.72850,-1.97741,0.52621,0.34931,0.64151,-0.50183,0.46327,-0.44207,1.06998,0.09538,
1403715546,-1.77248,-1.86932,0.53558,0.32661,0.66534,-0.47020,0.47911,-0.42458,1.08091,0.10292,
1403715546,-1.81557,-1.76160,0.54760,0.30063,0.68909,-0.43762,0.49322,-0.42430,1.08867,0.13807,
1403715547,-1.85887,-1.65509,0.56186,0.27413,0.71159,-0.40278,0.50622,-0.42033,1.07864,0.12781,
1403715547,-1.90208,-1.55092,0.57519,0.24880,0.73622,-0.36482,0.51282,-0.41845,1.05691,0.11110,
1403715547,-1.94214,-1.44833,0.58461,0.21966,0.76441,-0.32756,0.51004,-0.38765,1.02962,0.05882,
1403715547,-1.98017,-1.35095,0.59389,0.18520,0.78968,-0.29432,0.50545,-0.34133,0.96831,0.08366,
1403715547,-2.01258,-1.25987,0.60451,0.15836,0.80771,-0.25618,0.50685,-0.28295,0.88277,0.09520,
1403715547,-2.03831,-1.17540,0.61620,0.14075,0.82243,-0.21192,0.50881,-0.19232,0.82819,0.10227,
1403715547,-2.05335,-1.09612,0.62738,0.12033,0.83296,-0.16996,0.51265,-0.08267,0.79283,0.10281,
1403715547,-2.05754,-1.01973,0.63849,0.10054,0.84049,-0.12785,0.51683,0.02828,0.76798,0.09937,
1403715547,-2.04760,-0.94435,0.64921,0.08184,0.84658,-0.09013,0.51815,0.14378,0.76367,0.08531,
1403715547,-2.02823,-0.87025,0.65836,0.05971,0.85372,-0.05927,0.51389,0.26536,0.77803,0.05407,
1403715548,-1.99510,-0.79451,0.66364,0.03773,0.85966,-0.02831,0.50868,0.40166,0.79633,0.02605,
1403715548,-1.94813,-0.71621,0.66760,0.01668,0.86257,0.00630,0.50563,0.55155,0.82107,0.02538,
1403715548,-1.88936,-0.63305,0.67342,-0.00267,0.86313,0.04222,0.50321,0.69358,0.86054,0.03576,
1403715548,-1.81519,-0.54548,0.67864,-0.02409,0.86129,0.07529,0.50192,0.83879,0.91363,0.03729,
1403715548,-1.72549,-0.45283,0.68406,-0.04509,0.85318,0.10419,0.50911,0.97048,0.96111,0.03627,
1403715548,-1.62437,-0.35714,0.69083,-0.06450,0.84010,0.12247,0.52447,1.06603,0.99805,0.05785,
1403715548,-1.51902,-0.25646,0.69761,-0.07449,0.82549,0.13596,0.54271,1.10504,1.01776,0.02741,
1403715548,-1.41055,-0.15391,0.70283,-0.07700,0.81476,0.14500,0.55606,1.11439,1.04785,0.01691,
1403715548,-1.30127,-0.04816,0.70141,-0.07740,0.80964,0.14819,0.56262,1.10114,1.06914,-0.11360,
1403715548,-1.19259,0.05695,0.68929,-0.07557,0.80894,0.14838,0.56382,1.09160,1.09756,-0.20956,
1403715549,-1.08638,0.16544,0.66989,-0.07801,0.81040,0.14287,0.56280,1.07144,1.12007,-0.22206,
1403715549,-0.98257,0.27655,0.64971,-0.08072,0.81238,0.13560,0.56136,1.04991,1.13674,-0.21499,
1403715549,-0.88136,0.38980,0.63047,-0.08202,0.81289,0.12880,0.56205,1.03223,1.13852,-0.19209,
1403715549,-0.78162,0.50150,0.61213,-0.08126,0.81357,0.12355,0.56234,1.02744,1.14161,-0.17671,
1403715549,-0.68269,0.61305,0.59532,-0.08236,0.81296,0.12034,0.56376,1.02119,1.14603,-0.17292,
1403715549,-0.58630,0.72643,0.57864,-0.08678,0.81025,0.12473,0.56604,0.98739,1.15347,-0.15526,
1403715549,-0.49337,0.83978,0.56431,-0.09522,0.80160,0.13207,0.57526,0.95062,1.14425,-0.11196,
1403715549,-0.40368,0.95248,0.55380,-0.10298,0.79058,0.13832,0.58757,0.88997,1.11714,-0.09925,
1403715549,-0.32157,1.06274,0.54205,-0.11363,0.78296,0.14058,0.59522,0.78998,1.07901,-0.10903,
1403715549,-0.24844,1.16738,0.52818,-0.13039,0.78385,0.13695,0.59145,0.71302,1.01668,-0.13327,
1403715550,-0.17939,1.26310,0.51296,-0.14297,0.79074,0.13421,0.57989,0.65296,0.92441,-0.13910,
1403715550,-0.11260,1.35022,0.49831,-0.15149,0.80070,0.12645,0.56563,0.64792,0.80700,-0.12447,
1403715550,-0.04634,1.42622,0.48681,-0.15399,0.80588,0.11041,0.56093,0.67247,0.67780,-0.09637,
1403715550,0.02205,1.48754,0.47778,-0.14956,0.80679,0.08876,0.56467,0.68642,0.53501,-0.08698,
1403715550,0.09067,1.53224,0.47086,-0.14622,0.80947,0.05772,0.56573,0.70435,0.36956,-0.05206,
1403715550,0.16107,1.55816,0.46466,-0.13694,0.81455,0.02239,0.56326,0.70475,0.16731,-0.04473,
1403715550,0.23151,1.56327,0.46263,-0.10961,0.82004,-0.00589,0.56168,0.71385,-0.04841,0.05346,
1403715550,0.30316,1.55248,0.47351,-0.07700,0.82379,-0.03105,0.56078,0.71356,-0.21486,0.18342,
1403715550,0.37501,1.52399,0.49863,-0.04630,0.82512,-0.05588,0.56028,0.72189,-0.36643,0.32989,
1403715550,0.44754,1.48205,0.53438,-0.01221,0.82257,-0.07964,0.56293,0.72709,-0.48424,0.36783,
1403715551,0.51981,1.43091,0.56976,0.01907,0.81868,-0.10657,0.56395,0.71788,-0.55123,0.31447,
1403715551,0.59173,1.37436,0.59385,0.04051,0.81318,-0.14005,0.56345,0.70642,-0.60069,0.17448,
1403715551,0.66204,1.31199,0.60560,0.05544,0.80533,-0.17794,0.56276,0.68418,-0.65642,0.04783,
1403715551,0.72839,1.24223,0.60513,0.06557,0.79588,-0.21772,0.56113,0.64920,-0.73659,-0.06929,
1403715551,0.79069,1.16250,0.59672,0.07762,0.78510,-0.25576,0.55874,0.59847,-0.85058,-0.13315,
1403715551,0.84813,1.07028,0.59027,0.10023,0.77505,-0.28578,0.55460,0.52646,-0.99790,-0.03600,
1403715551,0.89548,0.96447,0.59610,0.12768,0.76395,-0.31200,0.55021,0.43948,-1.12661,0.11338,
1403715551,0.93461,0.84746,0.61461,0.14804,0.74926,-0.34244,0.54720,0.35797,-1.23262,0.22392,
1403715551,0.96545,0.71991,0.64075,0.16339,0.73249,-0.37671,0.54300,0.25192,-1.32669,0.24460,
1403715551,0.98658,0.58267,0.66620,0.18178,0.71385,-0.40868,0.53884,0.13931,-1.41244,0.24076,
1403715552,0.99231,0.43731,0.69127,0.20761,0.69496,-0.43538,0.53327,0.00126,-1.49935,0.24621,
1403715552,0.98536,0.28445,0.71690,0.24385,0.67677,-0.45408,0.52567,-0.13473,-1.54583,0.26272,
1403715552,0.96523,0.12888,0.74296,0.28070,0.65496,-0.47087,0.52011,-0.25742,-1.53623,0.25425,
1403715552,0.93412,-0.02294,0.76719,0.31132,0.62793,-0.48979,0.51854,-0.36987,-1.49324,0.24625,
1403715552,0.89175,-0.16714,0.79065,0.34138,0.59898,-0.50729,0.51705,-0.48923,-1.39758,0.23409,
1403715552,0.83841,-0.29992,0.81087,0.37411,0.58130,-0.52219,0.49945,-0.58230,-1.26707,0.21208,
1403715552,0.77935,-0.42083,0.82758,0.39715,0.56591,-0.54139,0.47844,-0.63653,-1.12315,0.17173,
1403715552,0.71644,-0.52275,0.84501,-0.42516,-0.54496,0.55618,-0.46144,-0.66418,-0.97932,0.17365,
1403715552,0.65133,-0.61243,0.86007,-0.45272,-0.51954,0.57087,-0.44635,-0.67676,-0.81540,0.14206,
1403715552,0.58558,-0.68568,0.87407,-0.47562,-0.49391,0.59015,-0.42609,-0.66064,-0.63599,0.12896,
1403715553,0.52094,-0.74275,0.88677,-0.49473,-0.46224,0.61161,-0.40928,-0.63447,-0.45724,0.10264,
1403715553,0.46625,-0.79105,0.92011,0.51110,0.42534,-0.63577,0.39198,-0.58097,-0.29883,0.12645,
1403715553,0.39934,-0.79851,0.90607,0.52196,0.38652,-0.66068,0.37638,-0.58400,-0.07507,0.04962,
1403715553,0.34036,-0.79582,0.91021,0.53082,0.34784,-0.68716,0.35361,-0.58029,0.12616,0.01286,
1403715553,0.28054,-0.77543,0.91091,0.53172,0.30704,-0.71555,0.33315,-0.57245,0.31579,-0.03609,
1403715553,0.21863,-0.74226,0.91082,0.53035,0.26414,-0.74163,0.31455,-0.60722,0.48908,-0.05640,
1403715553,0.15373,-0.69049,0.90809,0.53654,0.22538,-0.75962,0.29037,-0.65031,0.65891,-0.06515,
1403715553,0.08641,-0.61811,0.90583,0.55079,0.18699,-0.76849,0.26662,-0.69465,0.82690,-0.05811,
1403715553,0.01722,-0.52532,0.90113,0.57406,0.15042,-0.76831,0.23986,-0.69780,1.03078,-0.06996,
1403715553,-0.04732,-0.41301,0.89445,0.60403,0.12036,-0.76133,0.20258,-0.62709,1.21102,-0.07935,
1403715554,-0.10309,-0.28588,0.88265,0.62941,0.09329,-0.75388,0.16370,-0.50423,1.35456,-0.13650,
1403715554,-0.14347,-0.14613,0.86558,0.64202,0.07330,-0.75243,0.12762,-0.33732,1.45591,-0.18179,
1403715554,-0.16821,0.00084,0.84340,0.63449,0.06356,-0.76398,0.09859,-0.16413,1.51985,-0.22202,
1403715554,-0.17676,0.15208,0.82084,0.61147,0.06322,-0.78539,0.07257,-0.01692,1.53352,-0.19778,
1403715554,-0.17400,0.30338,0.80332,0.58860,0.06618,-0.80388,0.05429,0.05872,1.50566,-0.17299,
1403715554,-0.16678,0.45178,0.78799,0.55921,0.06598,-0.82497,0.04861,0.07739,1.46315,-0.18777,
1403715554,-0.16110,0.59574,0.77088,0.52764,0.06749,-0.84554,0.04590,0.01991,1.41002,-0.15999,
1403715554,-0.16819,0.73411,0.75782,0.50522,0.07086,-0.85896,0.04387,-0.12945,1.34917,-0.12568,
1403715554,-0.19448,0.86708,0.74321,-0.49526,-0.08503,0.86403,-0.03069,-0.32447,1.27207,-0.15381,
1403715554,-0.23589,0.99093,0.72380,0.51277,0.12601,-0.84922,-0.00378,-0.46746,1.13428,-0.20807,
1403715555,-0.28642,1.09589,0.69402,0.54468,0.18294,-0.81684,-0.05130,-0.49519,0.87905,-0.31588,
1403715555,-0.33298,1.17453,0.65366,0.57156,0.22950,-0.78230,-0.09297,-0.41998,0.53582,-0.44216,
1403715555,-0.36571,1.21608,0.60713,0.58855,0.25610,-0.75770,-0.11796,-0.25163,0.08588,-0.48017,
1403715555,-0.38341,1.19920,0.56351,0.60533,0.26622,-0.73947,-0.12607,0.00525,-0.51464,-0.36785,
1403715555,-0.37408,1.11771,0.54450,0.62173,0.25552,-0.73182,-0.11225,0.32099,-1.15569,-0.09142,
1403715555,-0.32604,0.97613,0.54808,0.62347,0.21273,-0.74974,-0.06259,0.63914,-1.65326,0.11879,
1403715555,-0.25441,0.79687,0.57051,0.60373,0.15227,-0.78244,0.01052,0.80321,-1.91084,0.24016,
1403715555,-0.17271,0.60369,0.59601,0.56932,0.09035,-0.81219,0.08975,0.83886,-1.96641,0.14611,
1403715555,-0.09599,0.41344,0.60701,0.54017,0.04340,-0.82691,0.15017,0.74599,-1.83593,0.04268,
1403715555,-0.02888,0.24223,0.61762,0.53983,0.03094,-0.82506,0.16404,0.61166,-1.56815,0.16250,
1403715556,0.02606,0.09952,0.64209,0.55393,0.04097,-0.81788,0.15019,0.51237,-1.29784,0.31834,
1403715556,0.08073,-0.01830,0.67517,0.56358,0.05564,-0.81332,0.13337,0.47854,-1.07973,0.42904,
1403715556,0.14125,-0.12024,0.71094,0.56003,0.06401,-0.81589,0.12881,0.48836,-0.92662,0.48390,
1403715556,0.18954,-0.20466,0.76127,0.54870,0.06117,-0.82161,0.14195,0.42028,-0.75667,0.59409,
1403715556,0.22595,-0.27109,0.82660,0.54104,0.06057,-0.82514,0.15084,0.32930,-0.57941,0.65481,
1403715556,0.25200,-0.32035,0.88625,0.52810,0.05211,-0.83073,0.16818,0.22344,-0.41119,0.56318,
1403715556,0.26675,-0.34870,0.93677,0.52614,0.04709,-0.83011,0.17853,0.10546,-0.19847,0.49331,
1403715556,0.27104,-0.35740,0.98543,0.53668,0.04760,-0.82309,0.17953,-0.01039,0.02858,0.49221,
1403715556,0.26317,-0.34498,1.03151,0.54508,0.05438,-0.81803,0.17536,-0.09985,0.23941,0.45232,
1403715556,0.24890,-0.31359,1.07171,0.55039,0.06684,-0.81570,0.16504,-0.16492,0.40948,0.34089,
1403715557,0.23000,-0.26808,1.09896,0.55356,0.09196,-0.81621,0.13749,-0.21428,0.51669,0.18321,
1403715557,0.20659,-0.21264,1.11088,0.55112,0.11110,-0.81862,0.11741,-0.23695,0.58326,0.02272,
1403715557,0.18029,-0.15357,1.10753,0.54274,0.12462,-0.82400,0.10452,-0.29687,0.59838,-0.10080,
1403715557,0.14873,-0.09462,1.09573,0.54565,0.13746,-0.82156,0.09172,-0.34588,0.57681,-0.14039,
1403715557,0.11330,-0.03929,1.08101,0.54921,0.14763,-0.81850,0.08148,-0.37534,0.53009,-0.14913,
1403715557,0.07611,0.00945,1.06527,0.53835,0.14758,-0.82557,0.08270,-0.40887,0.45395,-0.17417,
1403715557,0.03391,0.05232,1.05067,0.52014,0.14237,-0.83742,0.08897,-0.47426,0.39477,-0.14957,
1403715557,-0.01638,0.09108,1.03982,0.50423,0.13728,-0.84741,0.09381,-0.59999,0.34693,-0.11916,
1403715557,-0.08040,0.12584,1.03144,-0.49592,-0.13428,0.85270,-0.09453,-0.73886,0.29664,-0.10057,
1403715557,-0.16009,0.15660,1.02391,0.50161,0.13198,-0.84977,0.09414,-0.89051,0.26499,-0.07903,
1403715558,-0.25322,0.18291,1.01618,0.52182,0.13322,-0.83782,0.08952,-1.00087,0.22657,-0.08675,
1403715558,-0.35464,0.20506,1.00668,0.54023,0.13680,-0.82630,0.08168,-1.07015,0.18300,-0.09847,
1403715558,-0.46067,0.22068,0.99490,0.55321,0.13791,-0.81808,0.07540,-1.08572,0.11946,-0.11416,
1403715558,-0.56797,0.23096,0.98730,0.55549,0.13118,-0.81750,0.07689,-1.08600,0.07131,-0.02483,
1403715558,-0.67507,0.23704,0.99160,0.55515,0.12341,-0.81886,0.07777,-1.08877,0.03057,0.10206,
1403715558,-0.78295,0.23926,1.00793,0.55605,0.11753,-0.81918,0.07703,-1.09284,0.00231,0.21529,
1403715558,-0.89240,0.23946,1.03357,0.55368,0.11379,-0.82146,0.07543,-1.10837,-0.03367,0.30045,
1403715558,-1.00354,0.23605,1.06268,0.55252,0.11641,-0.82262,0.06690,-1.12950,-0.05669,0.30086,
1403715558,-1.11649,0.22874,1.09011,0.56037,0.12297,-0.81723,0.05485,-1.13215,-0.11362,0.27988,
1403715558,-1.22891,0.21514,1.11525,0.57537,0.12261,-0.80675,0.05545,-1.11397,-0.19125,0.22832,
1403715559,-1.33833,0.19635,1.13193,0.59530,0.11568,-0.79234,0.06657,-1.04605,-0.21949,0.11069,
1403715559,-1.44109,0.17728,1.13655,0.60750,0.10980,-0.78308,0.07529,-0.96969,-0.20550,-0.03068,
1403715559,-1.53706,0.15832,1.12888,0.61069,0.11105,-0.77993,0.08026,-0.87577,-0.21611,-0.11379,
1403715559,-1.62255,0.13852,1.12180,0.61108,0.12355,-0.77751,0.08250,-0.77230,-0.22082,-0.09709,
1403715559,-1.69515,0.11823,1.11549,0.61163,0.14348,-0.77348,0.08400,-0.63852,-0.21983,-0.06203,
1403715559,-1.75293,0.09651,1.11248,0.61091,0.16598,-0.76904,0.08842,-0.48956,-0.24870,-0.02741,
1403715559,-1.79769,0.07109,1.11445,0.60942,0.18614,-0.76383,0.10257,-0.34905,-0.27705,0.01111,
1403715559,-1.82936,0.04273,1.11729,0.60811,0.20884,-0.75702,0.11620,-0.22149,-0.29844,0.01339,
1403715559,-1.84775,0.01246,1.11866,0.60481,0.23402,-0.75039,0.12789,-0.08388,-0.31226,-0.00427,
1403715559,-1.85512,-0.01922,1.11702,0.59243,0.25922,-0.75043,0.13667,0.02194,-0.32512,-0.05155,
1403715560,-1.85217,-0.05383,1.10627,0.57020,0.27287,-0.75991,0.15152,0.10112,-0.36311,-0.17771,
1403715560,-1.84293,-0.09071,1.08486,0.55401,0.28048,-0.76595,0.16652,0.13641,-0.38443,-0.27957,
1403715560,-1.83033,-0.13181,1.05483,0.54783,0.29435,-0.76418,0.17110,0.15572,-0.43022,-0.32159,
1403715560,-1.81282,-0.17707,1.02252,0.54346,0.31039,-0.75957,0.17708,0.20586,-0.47473,-0.32319,
1403715560,-1.79082,-0.22803,0.98982,0.53987,0.33198,-0.75196,0.18133,0.25568,-0.54099,-0.31397,
1403715560,-1.76406,-0.28644,0.95851,0.53524,0.35427,-0.74333,0.18835,0.31363,-0.61795,-0.29257,
1403715560,-1.73042,-0.35353,0.93434,0.52774,0.37437,-0.73579,0.19987,0.38338,-0.71512,-0.18971,
1403715560,-1.69138,-0.42972,0.92323,0.51567,0.38615,-0.73148,0.22340,0.42971,-0.78920,-0.05064,
1403715560,-1.64780,-0.51140,0.92301,0.50338,0.39876,-0.72633,0.24504,0.44641,-0.84623,0.01822,
1403715560,-1.60282,-0.59755,0.92643,-0.49415,-0.41449,0.71801,-0.26169,0.44853,-0.88581,0.02627,
1403715561,-1.55829,-0.68761,0.92849,-0.48625,-0.42994,0.70840,-0.27728,0.44688,-0.91606,0.01098,
1403715561,-1.51310,-0.78049,0.93102,-0.47881,-0.44815,0.69663,-0.29088,0.45401,-0.95509,0.03412,
1403715561,-1.46754,-0.87707,0.93471,-0.47158,-0.46811,0.68279,-0.30378,0.46166,-0.98914,0.03554,
1403715561,-1.42126,-0.97577,0.93820,-0.46631,-0.49122,0.66580,-0.31301,0.48086,-1.01351,0.03105,
1403715561,-1.37168,-1.07750,0.94175,-0.45852,-0.51514,0.64827,-0.32270,0.52672,-1.04605,0.03244,
1403715561,-1.31698,-1.18089,0.94581,-0.44737,-0.53706,0.63069,-0.33714,0.56857,-1.06191,0.03374,
1403715561,-1.25873,-1.28695,0.94823,-0.43167,-0.55523,0.61542,-0.35586,0.60276,-1.08190,0.01205,
1403715561,-1.19860,-1.39633,0.95139,-0.41411,-0.56654,0.60488,-0.37639,0.61586,-1.09627,0.00160,
1403715561,-1.13909,-1.50810,0.95437,-0.39351,-0.56988,0.60110,-0.39883,0.59636,-1.11244,0.00061,
1403715561,-1.08309,-1.62040,0.95777,-0.38007,-0.57672,0.59235,-0.41480,0.54418,-1.12192,0.02060,
1403715562,-1.03219,-1.73201,0.96253,0.37954,0.58994,-0.57438,0.42192,0.49621,-1.12566,0.04701,
1403715562,-0.98434,-1.84384,0.96751,0.38320,0.60568,-0.55332,0.42444,0.48753,-1.12881,0.05382,
1403715562,-0.93601,-1.95420,0.97261,0.38632,0.61727,-0.53048,0.43397,0.50411,-1.09171,0.05748,
1403715562,-0.88556,-2.06049,0.97888,0.38431,0.62752,-0.50818,0.44753,0.52721,-1.03507,0.07254,
1403715562,-0.83169,-2.16046,0.98722,0.38067,0.63619,-0.48388,0.46499,0.55340,-0.96277,0.09982,
1403715562,-0.77772,-2.25044,0.99716,0.37798,0.64050,-0.46041,0.48469,0.55406,-0.84069,0.10842,
1403715562,-0.72341,-2.32683,1.00836,0.38048,0.64246,-0.44020,0.49870,0.54994,-0.69572,0.12156,
1403715562,-0.66868,-2.38771,1.01855,0.38452,0.64824,-0.42570,0.50071,0.55009,-0.52456,0.10017,
1403715562,-0.61208,-2.43148,1.02689,0.38588,0.66015,-0.41969,0.48904,0.57627,-0.35065,0.07432,
1403715562,-0.55016,-2.46101,1.03268,0.38273,0.67710,-0.41920,0.46832,0.65074,-0.21337,0.04856,
1403715563,-0.47881,-2.47815,1.03984,0.38127,0.69185,-0.41154,0.45455,0.77712,-0.11499,0.08061,
1403715563,-0.39536,-2.48536,1.04757,0.37052,0.70043,-0.40462,0.45650,0.89384,-0.01008,0.04269,
1403715563,-0.30128,-2.48430,1.05362,0.34056,0.70208,-0.41414,0.46861,0.98519,0.06011,0.05150,
1403715563,-0.20016,-2.47632,1.05950,0.31440,0.70273,-0.42013,0.48044,1.03179,0.10776,0.04253,
1403715563,-0.09620,-2.46621,1.06421,0.29246,0.70598,-0.41724,0.49190,1.03952,0.11949,0.04346,
1403715563,0.00853,-2.45565,1.06886,0.27705,0.71108,-0.40493,0.50364,1.03927,0.11384,0.04944,
1403715563,0.11239,-2.44384,1.07452,0.27073,0.71768,-0.37950,0.51732,1.03871,0.12867,0.06458,
1403715563,0.21619,-2.42887,1.08017,0.26106,0.72361,-0.34661,0.53675,1.03950,0.16832,0.06449,
1403715563,0.31750,-2.40665,1.08468,0.24400,0.73302,-0.30878,0.55480,1.00167,0.25557,0.05344,
1403715563,0.41481,-2.37711,1.08867,0.22292,0.74581,-0.26814,0.56761,0.95338,0.31554,0.02577,
1403715564,0.50701,-2.34028,1.08419,0.20289,0.75788,-0.22717,0.57693,0.89824,0.40082,-0.09489,
1403715564,0.59260,-2.29482,1.06800,0.18552,0.76656,-0.18781,0.58540,0.82365,0.48614,-0.20200,
1403715564,0.66916,-2.23833,1.03729,0.16943,0.77125,-0.15025,0.59489,0.75024,0.59431,-0.30583,
1403715564,0.73692,-2.17314,0.99939,0.13990,0.77272,-0.12112,0.60718,0.67489,0.69935,-0.41778,
1403715564,0.79691,-2.09685,0.95231,0.10224,0.77579,-0.09581,0.61524,0.56201,0.79296,-0.51262,
1403715564,0.84553,-2.01423,0.89800,0.05667,0.78156,-0.07338,0.61691,0.43253,0.84187,-0.52990,
1403715564,0.88287,-1.92831,0.84565,0.01505,0.78481,-0.04733,0.61774,0.30256,0.84085,-0.49230,
1403715564,0.90707,-1.84514,0.79636,-0.02100,0.78822,-0.01596,0.61482,0.18788,0.79396,-0.43124,
1403715564,0.92074,-1.76852,0.75885,-0.04900,0.78967,0.02536,0.61104,0.07295,0.73904,-0.30806,
1403715564,0.92168,-1.69691,0.73249,-0.07519,0.79795,0.07269,0.59359,-0.01441,0.68513,-0.16402,
1403715565,0.91570,-1.63095,0.72273,-0.09995,0.80211,0.12060,0.57627,-0.08496,0.64337,-0.01428,
1403715565,0.90677,-1.56818,0.72716,-0.12272,0.79875,0.16837,0.56443,-0.11185,0.61435,0.13511,
1403715565,0.89702,-1.50630,0.74580,-0.14308,0.78979,0.21517,0.55630,-0.13336,0.61057,0.26963,
1403715565,0.88404,-1.44541,0.77896,-0.16417,0.77656,0.25872,0.55052,-0.14482,0.62111,0.39398,
1403715565,0.86980,-1.38323,0.82580,-0.18620,0.75805,0.29785,0.54952,-0.17075,0.64410,0.52649,
1403715565,0.84934,-1.31820,0.88412,-0.20910,0.73995,0.33446,0.54487,-0.24190,0.66262,0.63432,
1403715565,0.82016,-1.25297,0.94671,-0.23913,0.72397,0.36680,0.53305,-0.31195,0.66506,0.57751,
1403715565,0.78504,-1.18306,1.00164,-0.26923,0.70875,0.39530,0.51857,-0.35239,0.66772,0.46181,
1403715565,0.74922,-1.12440,1.04687,-0.30049,0.68831,0.41900,0.51027,-0.37445,0.64003,0.36058,
1403715565,0.70830,-1.06892,1.07953,-0.33187,0.66536,0.43995,0.50360,-0.40261,0.57123,0.24169,
1403715566,0.66631,-1.01849,1.10227,-0.35854,0.64150,0.46441,0.49421,-0.43865,0.48339,0.19830,
1403715566,0.62022,-0.97760,1.12443,-0.38419,0.61684,0.49228,0.47913,-0.47862,0.37946,0.25104,
1403715566,0.56938,-0.94849,1.15017,-0.40754,0.59033,0.52494,0.45811,-0.51887,0.26123,0.28605,
1403715566,0.51458,-0.93076,1.17812,-0.42825,0.56224,0.56179,0.42999,-0.54359,0.14273,0.31612,
1403715566,0.45743,-0.92265,1.20883,-0.45090,0.52665,0.59830,0.40171,-0.56057,0.04888,0.31601,
1403715566,0.40066,-0.92372,1.23865,-0.47497,0.48784,0.63100,0.37183,-0.55277,-0.04358,0.30347,
1403715566,0.34362,-0.92999,1.26688,-0.49472,0.44734,0.66117,0.34350,-0.52984,-0.11349,0.29058,
1403715566,0.28966,-0.94835,1.29648,0.51369,-0.40608,-0.68747,-0.31403,-0.50351,-0.20477,0.27822,
1403715566,0.24160,-0.97558,1.32388,0.53086,-0.36417,-0.71070,-0.28368,-0.45319,-0.28796,0.24401,
1403715566,0.20324,-1.01167,1.34454,0.54579,-0.32225,-0.73046,-0.25436,-0.40922,-0.35378,0.13857,
1403715567,0.16376,-1.05191,1.35085,0.56088,-0.28194,-0.74450,-0.22726,-0.37987,-0.42463,0.02218,
1403715567,0.12652,-1.09968,1.34614,0.57327,-0.24212,-0.75631,-0.20185,-0.33365,-0.50534,-0.09127,
1403715567,0.09498,-1.15737,1.33499,0.58285,-0.19936,-0.76834,-0.17377,-0.28035,-0.59933,-0.11768,
1403715567,0.07117,-1.22256,1.32362,0.59103,-0.15570,-0.77926,-0.13852,-0.21710,-0.67815,-0.08533,
1403715567,0.05360,-1.29403,1.31521,0.60006,-0.10786,-0.78625,-0.10053,-0.14703,-0.74410,-0.08471,
1403715567,0.04358,-1.36950,1.30641,0.60173,-0.05854,-0.79452,-0.05681,-0.05731,-0.80204,-0.09865,
1403715567,0.04229,-1.45100,1.29859,0.60090,-0.00760,-0.79925,-0.00775,0.01997,-0.83239,-0.07192,
1403715567,0.04933,-1.53467,1.28994,0.59244,0.04829,-0.80322,0.03890,0.09078,-0.83421,-0.09420,
1403715567,0.05892,-1.61721,1.27812,0.58001,0.10930,-0.80316,0.08105,0.13280,-0.82911,-0.12611,
1403715567,0.07748,-1.70067,1.25970,0.56505,0.17340,-0.79798,0.11777,0.17666,-0.82034,-0.24851,
1403715568,0.09743,-1.78263,1.22903,0.55051,0.23376,-0.78694,0.15172,0.20395,-0.81744,-0.39733,
1403715568,0.12164,-1.86689,1.18844,0.53849,0.28726,-0.76973,0.18717,0.23890,-0.82952,-0.47966,
1403715568,0.14996,-1.95020,1.14377,0.52924,0.33702,-0.74557,0.22460,0.27492,-0.83313,-0.49842,
1403715568,0.18367,-2.03530,1.09983,0.51848,0.38368,-0.71828,0.26085,0.31896,-0.83025,-0.48700,
1403715568,0.22360,-2.11923,1.05981,0.50398,0.43054,-0.68930,0.29240,0.37020,-0.81646,-0.45663,
1403715568,0.26731,-2.19823,1.02166,-0.49150,-0.47255,0.65634,-0.32302,0.43092,-0.78663,-0.40574,
1403715568,0.31713,-2.27407,0.98822,-0.47749,-0.50901,0.62207,-0.35488,0.50621,-0.73349,-0.37618,
1403715568,0.37201,-2.34218,0.95530,-0.45780,-0.54348,0.58931,-0.38440,0.57315,-0.66751,-0.38077,
1403715568,0.43463,-2.40309,0.92424,0.43476,0.57486,-0.55720,0.41237,0.62246,-0.58805,-0.34477,
1403715568,0.49918,-2.45823,0.89471,0.41136,0.60451,-0.52382,0.43699,0.66066,-0.50914,-0.29485,
1403715569,0.56887,-2.50077,0.87204,0.38662,0.63308,-0.48892,0.45901,0.70267,-0.40848,-0.22972,
1403715569,0.64066,-2.53137,0.85286,0.36226,0.66092,-0.45160,0.47750,0.72711,-0.29721,-0.18231,
1403715569,0.71673,-2.55662,0.83757,0.33465,0.68560,-0.41507,0.49566,0.75861,-0.20450,-0.13276,
1403715569,0.79472,-2.57109,0.82678,0.30645,0.70938,-0.37844,0.50956,0.77046,-0.11779,-0.10573,
1403715569,0.87246,-2.57717,0.81670,0.27658,0.73116,-0.34554,0.51914,0.76629,-0.03602,-0.11404,
1403715569,0.95180,-2.57790,0.80557,0.24967,0.75026,-0.31461,0.52516,0.77278,0.02565,-0.12295,
1403715569,1.03088,-2.57280,0.79378,0.22218,0.76566,-0.28474,0.53227,0.78479,0.07682,-0.12749,
1403715569,1.10953,-2.56438,0.78250,0.19628,0.77447,-0.25849,0.54301,0.78364,0.09671,-0.08705,
1403715569,1.18758,-2.55287,0.77402,0.18015,0.77377,-0.23190,0.56129,0.76328,0.12675,-0.07730,
1403715569,1.26179,-2.53621,0.76760,0.16667,0.77222,-0.20733,0.57699,0.72768,0.18192,-0.05317,
1403715570,1.33231,-2.51354,0.76250,0.15579,0.77508,-0.18100,0.58500,0.67239,0.25171,-0.03649,
1403715570,1.39699,-2.48253,0.75707,0.14252,0.78147,-0.15437,0.58750,0.61299,0.33582,-0.05264,
1403715570,1.46017,-2.44033,0.75203,0.12344,0.78971,-0.12857,0.58702,0.56344,0.43589,-0.03509,
1403715570,1.51270,-2.39225,0.74977,0.09653,0.79662,-0.10032,0.58823,0.50735,0.51270,-0.01284,
1403715570,1.55932,-2.33803,0.74913,0.07222,0.79759,-0.06675,0.59513,0.44131,0.58249,0.00092,
1403715570,1.59941,-2.27858,0.74816,0.04649,0.79736,-0.03231,0.60084,0.37091,0.63126,-0.01308,
1403715570,1.63307,-2.21397,0.74606,0.01994,0.79655,0.00355,0.60423,0.30350,0.67664,-0.02456,
1403715570,1.65853,-2.14316,0.74327,-0.00801,0.79483,0.04063,0.60542,0.20972,0.72206,-0.02617,
1403715570,1.67453,-2.06879,0.73829,-0.03710,0.78949,0.07983,0.60742,0.10848,0.75819,-0.05179,
1403715570,1.68044,-1.99174,0.73065,-0.06872,0.78185,0.11962,0.60801,0.00503,0.78691,-0.06545,
1403715571,1.67495,-1.91327,0.72357,-0.09964,0.77167,0.16170,0.60701,-0.12552,0.79393,-0.09614,
1403715571,1.65491,-1.83420,0.71269,-0.13054,0.76364,0.20441,0.59836,-0.26007,0.78314,-0.14551,
1403715571,1.62509,-1.75597,0.69864,-0.16137,0.75690,0.24701,0.58313,-0.37135,0.78042,-0.13964,
1403715571,1.58647,-1.67875,0.68620,-0.19195,0.74585,0.28978,0.56823,-0.45406,0.77279,-0.14077,
1403715571,1.53875,-1.60358,0.67195,-0.22037,0.73433,0.32972,0.55090,-0.53006,0.74802,-0.15903,
1403715571,1.48360,-1.53010,0.65819,-0.24598,0.72429,0.36103,0.53344,-0.57394,0.72887,-0.16284,
1403715571,1.42835,-1.45999,0.64338,-0.26965,0.71533,0.37838,0.52194,-0.58805,0.69582,-0.15085,
1403715571,1.37104,-1.39397,0.63253,-0.28837,0.70058,0.38700,0.52560,-0.60048,0.64243,-0.10792,
1403715571,1.31059,-1.33672,0.62343,-0.29813,0.68747,0.39182,0.53384,-0.63638,0.55157,-0.10224,
1403715571,1.24576,-1.28853,0.61344,-0.29784,0.68766,0.39796,0.52918,-0.67412,0.47302,-0.11704,
1403715572,1.17628,-1.24380,0.59983,-0.29787,0.69869,0.40017,0.51280,-0.71142,0.41072,-0.16181,
1403715572,1.10547,-1.20376,0.57919,-0.30923,0.71887,0.39209,0.48360,-0.70251,0.38880,-0.27489,
1403715572,1.04001,-1.16699,0.54708,-0.32520,0.74424,0.37775,0.44459,-0.60520,0.35975,-0.39320,
1403715572,0.98670,-1.13533,0.51046,-0.33214,0.76643,0.36814,0.40834,-0.40896,0.34793,-0.38847,
1403715572,0.95799,-1.10846,0.47420,-0.32974,0.78373,0.36442,0.37978,-0.13458,0.34996,-0.36078,
1403715572,0.95379,-1.08543,0.44153,-0.31514,0.79374,0.37138,0.36432,0.18802,0.37765,-0.30358,
1403715572,0.98538,-1.04634,0.41190,-0.28685,0.78918,0.39544,0.37220,0.47809,0.48415,-0.24574,
1403715572,1.04227,-0.99059,0.38850,-0.26686,0.76388,0.42498,0.40580,0.65832,0.65861,-0.19360,
1403715572,1.11161,-0.91692,0.36900,-0.26187,0.72167,0.45381,0.45240,0.69739,0.81676,-0.20744,
1403715572,1.17920,-0.83142,0.34741,-0.27272,0.68036,0.47431,0.48762,0.61900,0.89551,-0.25419,
1403715573,1.23709,-0.74104,0.32286,-0.29343,0.65358,0.48892,0.49768,0.50571,0.92863,-0.26715,
1403715573,1.28291,-0.64944,0.30021,-0.31326,0.63247,0.50596,0.49584,0.36405,0.92658,-0.25556,
1403715573,1.31410,-0.55937,0.27981,-0.32826,0.61540,0.52773,0.48479,0.22879,0.91132,-0.20884,
1403715573,1.32999,-0.47058,0.26797,-0.34671,0.60346,0.54692,0.46531,0.08820,0.89312,-0.06660,
1403715573,1.33465,-0.38327,0.26890,-0.36986,0.58904,0.56201,0.44763,-0.00846,0.87882,0.05848,
1403715573,1.32956,-0.29678,0.28110,-0.39239,0.57139,0.57677,0.43230,-0.09607,0.85027,0.18804,
1403715573,1.31579,-0.21514,0.30479,-0.41428,0.55435,0.59157,0.41366,-0.15250,0.80045,0.26402,
1403715573,1.29764,-0.13786,0.33063,-0.43165,0.53655,0.60868,0.39409,-0.18942,0.74741,0.24695,
1403715573,1.27760,-0.06424,0.35399,-0.44630,0.51949,0.62681,0.37156,-0.19905,0.71092,0.21702,
1403715573,1.25738,0.00679,0.37559,-0.46176,0.50433,0.64302,0.34489,-0.19212,0.69840,0.18514,
1403715574,1.24108,0.07605,0.39697,-0.47683,0.48946,0.65747,0.31748,-0.15797,0.68939,0.20082,
1403715574,1.22771,0.14323,0.41895,-0.48379,0.46765,0.67606,0.30032,-0.11782,0.69621,0.20359,
1403715574,1.21725,0.21173,0.43835,-0.48136,0.44179,0.70006,0.28815,-0.10886,0.71263,0.18942,
1403715574,1.20408,0.28294,0.45493,-0.47671,0.41430,0.72502,0.27469,-0.13769,0.72872,0.18618,
1403715574,1.18871,0.35760,0.47389,-0.47751,0.38713,0.74675,0.25394,-0.19408,0.76110,0.18641,
1403715574,1.16829,0.43396,0.49198,-0.48123,0.35824,0.76703,0.22748,-0.26221,0.80602,0.19953,
1403715574,1.14022,0.51809,0.51232,-0.49133,0.32562,0.78241,0.20100,-0.33710,0.86546,0.22449,
1403715574,1.10556,0.60650,0.53554,0.50835,-0.28483,-0.79152,-0.18425,-0.39006,0.91361,0.23523,
1403715574,1.06708,0.69679,0.55761,0.52512,-0.23740,-0.79684,-0.18148,-0.43783,0.91104,0.22685,
1403715574,1.02300,0.78374,0.57687,0.53318,-0.19693,-0.80186,-0.18429,-0.47469,0.85797,0.16862,
1403715575,0.97257,0.86464,0.59045,0.53628,-0.17007,-0.80607,-0.18367,-0.53930,0.75784,0.12675,
1403715575,0.91602,0.93482,0.59845,0.53355,-0.15028,-0.81285,-0.17890,-0.60543,0.64168,0.09596,
1403715575,0.85189,0.99743,0.60712,0.53297,-0.13661,-0.81821,-0.16674,-0.68505,0.52272,0.07017,
1403715575,0.78091,1.04910,0.61742,0.53639,-0.13651,-0.82031,-0.14402,-0.76454,0.42342,0.08812,
1403715575,0.70165,1.09367,0.63105,0.54549,-0.13986,-0.81662,-0.12650,-0.81565,0.36881,0.13485,
1403715575,0.62090,1.13358,0.65063,0.55660,-0.14060,-0.80998,-0.11981,-0.82995,0.34431,0.17901,
1403715575,0.53877,1.16789,0.67143,0.57193,-0.13863,-0.79904,-0.12333,-0.81923,0.29931,0.22564,
1403715575,0.45835,1.19588,0.69479,0.59105,-0.13512,-0.78385,-0.13406,-0.77110,0.22690,0.21314,
1403715575,0.38490,1.21417,0.71267,0.58874,-0.13838,-0.78375,-0.14131,-0.70264,0.12977,0.13968,
1403715575,0.31600,1.22443,0.72773,0.57518,-0.14678,-0.79204,-0.14248,-0.65962,0.04508,0.16233,
1403715576,0.24833,1.22698,0.74766,0.56724,-0.14657,-0.79503,-0.15710,-0.65117,-0.02878,0.22919,
1403715576,0.17927,1.21862,0.77159,0.56745,-0.13880,-0.79135,-0.18030,-0.66354,-0.15789,0.24114,
1403715576,0.10920,1.19497,0.79467,0.56615,-0.13377,-0.78890,-0.19804,-0.68924,-0.33124,0.21416,
1403715576,0.03713,1.15352,0.81433,0.56177,-0.13793,-0.79041,-0.20157,-0.71096,-0.51151,0.19139,
1403715576,-0.03726,1.09474,0.83211,0.56157,-0.15032,-0.79116,-0.19000,-0.72924,-0.67096,0.16382,
1403715576,-0.11373,1.02268,0.84947,0.56279,-0.16553,-0.79136,-0.17210,-0.74336,-0.78642,0.16312,
1403715576,-0.18936,0.94142,0.86720,0.56562,-0.17525,-0.78978,-0.16003,-0.74445,-0.85474,0.14239,
1403715576,-0.26536,0.85560,0.88250,0.56794,-0.18102,-0.78856,-0.15114,-0.73858,-0.89001,0.15401,
1403715576,-0.33971,0.76636,0.90108,0.57610,-0.17924,-0.78291,-0.15177,-0.71759,-0.92370,0.19026,
1403715576,-0.41007,0.67251,0.92288,0.59220,-0.17508,-0.77135,-0.15382,-0.66923,-0.97472,0.22501,
1403715577,-0.47211,0.57230,0.94574,0.60558,-0.17202,-0.76055,-0.15889,-0.57404,-1.04142,0.23523,
1403715577,-0.52343,0.46428,0.96786,0.61252,-0.17150,-0.75344,-0.16657,-0.45390,-1.13335,0.21172,
1403715577,-0.56189,0.34754,0.98910,0.60811,-0.17740,-0.75421,-0.17290,-0.33488,-1.22790,0.21495,
1403715577,-0.58808,0.22201,1.00842,0.59246,-0.18960,-0.76304,-0.17553,-0.23036,-1.31622,0.20631,
1403715577,-0.60769,0.08876,1.02911,0.57591,-0.20223,-0.77213,-0.17677,-0.17824,-1.38162,0.21603,
1403715577,-0.62309,-0.04931,1.05108,0.56960,-0.21977,-0.77313,-0.17180,-0.14039,-1.41962,0.21192,
1403715577,-0.63699,-0.18838,1.07154,0.56652,-0.24123,-0.77040,-0.16538,-0.11297,-1.41602,0.17000,
1403715577,-0.64722,-0.32768,1.08131,0.56569,-0.25781,-0.76604,-0.16343,-0.08835,-1.39047,-0.00798,
1403715577,-0.65391,-0.46520,1.06899,0.56381,-0.26406,-0.76383,-0.17015,-0.06084,-1.37068,-0.22322,
1403715577,-0.65728,-0.60034,1.04286,0.56137,-0.26545,-0.76332,-0.17814,-0.01882,-1.36859,-0.29080,
1403715578,-0.65722,-0.73450,1.01518,0.55983,-0.26647,-0.76301,-0.18277,0.01241,-1.35905,-0.24131,
1403715578,-0.65288,-0.86880,0.99867,0.55878,-0.26863,-0.76278,-0.18377,0.05404,-1.35145,-0.08891,
1403715578,-0.64549,-1.00074,0.99646,0.55870,-0.27365,-0.76249,-0.17770,0.08447,-1.33027,0.02424,
1403715578,-0.63465,-1.13021,0.99579,0.56066,-0.28440,-0.75879,-0.17035,0.13748,-1.28205,-0.06053,
1403715578,-0.61796,-1.25470,0.98272,0.55969,-0.30018,-0.75423,-0.16663,0.20282,-1.23418,-0.22466,
1403715578,-0.59467,-1.37447,0.95350,0.55398,-0.32328,-0.74983,-0.16233,0.26635,-1.16336,-0.37301,
1403715578,-0.56386,-1.48645,0.91122,0.54059,-0.35836,-0.74653,-0.14846,0.34697,-1.06261,-0.49284,
1403715578,-0.52592,-1.58222,0.86451,0.52971,-0.38797,-0.73832,-0.15416,0.42309,-0.85461,-0.45543,
1403715578,-0.48014,-1.66034,0.81967,0.52068,-0.40946,-0.72753,-0.17868,0.53388,-0.70316,-0.45394,
1403715578,-0.42448,-1.72217,0.77446,0.50625,-0.42820,-0.71896,-0.20845,0.59230,-0.56103,-0.45124,
1403715579,-0.36553,-1.77217,0.72829,-0.47657,0.44541,0.72010,0.23652,0.62061,-0.44894,-0.48848,
1403715579,-0.30855,-1.81274,0.67854,-0.43505,0.46246,0.73074,0.25077,0.56692,-0.31648,-0.48283,
1403715579,-0.25914,-1.84030,0.62911,-0.40251,0.47774,0.73764,0.25619,0.45871,-0.13533,-0.45531,
1403715579,-0.21955,-1.84481,0.58410,-0.38841,0.48831,0.73709,0.25959,0.32426,0.08519,-0.41283,
1403715579,-0.19199,-1.82803,0.54236,-0.39008,0.48376,0.73262,0.27762,0.17842,0.31904,-0.33381,
1403715579,-0.18029,-1.78991,0.51068,-0.39820,0.46543,0.72749,0.30914,0.02428,0.47285,-0.23799,
1403715579,-0.18767,-1.73887,0.49254,-0.40397,0.43883,0.72377,0.34698,-0.18425,0.54151,-0.10215,
1403715579,-0.21765,-1.68524,0.48630,-0.41287,0.41388,0.71722,0.37927,-0.41365,0.51203,-0.04242,
1403715579,-0.27039,-1.63709,0.48197,-0.41847,0.40640,0.71240,0.39013,-0.62456,0.44077,-0.07277,
1403715579,-0.34353,-1.59609,0.47523,-0.42073,0.41130,0.71053,0.38596,-0.83081,0.35806,-0.09124,
1403715580,-0.43525,-1.56173,0.46681,-0.42384,0.42662,0.70955,0.36727,-1.01066,0.30084,-0.07710,
1403715580,-0.54357,-1.53177,0.46159,-0.43129,0.43136,0.70663,0.35860,-1.16059,0.28910,-0.02969,
1403715580,-0.66556,-1.50469,0.46087,-0.44436,0.43238,0.70067,0.35306,-1.27167,0.25527,0.03673,
1403715580,-0.79804,-1.48116,0.47076,-0.44951,0.42714,0.69870,0.35681,-1.37049,0.20756,0.15441,
1403715580,-0.93959,-1.46262,0.48971,-0.45386,0.43097,0.69344,0.35696,-1.44976,0.15294,0.19592,
1403715580,-1.08721,-1.44857,0.50528,-0.45807,0.44547,0.68147,0.35685,-1.49366,0.11695,0.10982,
1403715580,-1.23652,-1.43776,0.50956,-0.45793,0.46516,0.66607,0.36093,-1.51189,0.07805,-0.02903,
1403715580,-1.38762,-1.43101,0.50083,-0.45359,0.48742,0.64878,0.36845,-1.52678,0.03869,-0.10548,
1403715580,-1.53835,-1.42764,0.49130,-0.45143,0.51324,0.62693,0.37384,-1.51332,0.00366,-0.09926,
1403715580,-1.68760,-1.42988,0.48280,-0.44854,0.54059,0.60310,0.37794,-1.47875,-0.03549,-0.06534,
1403715581,-1.83303,-1.43608,0.47524,-0.44500,0.56516,0.58253,0.37845,-1.43220,-0.06639,-0.05754,
1403715581,-1.97143,-1.44368,0.46761,-0.44361,0.58822,0.56609,0.36979,-1.34118,-0.08547,-0.06970,
1403715581,-2.09900,-1.45265,0.45980,-0.44329,0.60828,0.55259,0.35795,-1.20836,-0.07126,-0.05317,
1403715581,-2.21132,-1.45773,0.45409,-0.44731,0.62620,0.53875,0.34283,-1.03360,-0.04481,-0.04294,
1403715581,-2.30350,-1.45846,0.45044,-0.45288,0.64407,0.52622,0.32118,-0.79751,0.00347,-0.00824,
1403715581,-2.37136,-1.45392,0.45115,-0.44401,0.65169,0.52897,0.31358,-0.52557,0.07046,0.02026,
1403715581,-2.41339,-1.44220,0.45477,-0.42934,0.65295,0.53772,0.31651,-0.27018,0.18190,0.07964,
1403715581,-2.43335,-1.42065,0.46288,-0.42030,0.64541,0.54408,0.33282,-0.08503,0.28047,0.09366,
1403715581,-2.43930,-1.38817,0.47116,-0.42437,0.63589,0.54663,0.34170,0.05738,0.36250,0.09657,
1403715581,-2.42746,-1.35055,0.47786,-0.42729,0.61969,0.55878,0.34811,0.19038,0.40859,0.07832,
1403715582,-2.40571,-1.30632,0.48049,-0.42519,0.59060,0.58184,0.36313,0.25785,0.46478,-0.01759,
1403715582,-2.38103,-1.25702,0.47012,-0.42455,0.55826,0.60761,0.37271,0.26319,0.49778,-0.15030,
1403715582,-2.35749,-1.20579,0.45116,-0.42434,0.52412,0.63553,0.37594,0.23015,0.51276,-0.18541,
1403715582,-2.33881,-1.15438,0.43564,-0.42675,0.48846,0.66262,0.37447,0.14091,0.50550,-0.09255,
1403715582,-2.33187,-1.10560,0.43068,-0.44121,0.46431,0.67993,0.35699,0.03130,0.48345,0.01023,
1403715582,-2.33482,-1.05923,0.43997,-0.46941,0.44139,0.68452,0.34097,-0.04354,0.44979,0.13749,
1403715582,-2.34205,-1.01861,0.45498,-0.49592,0.41756,0.68495,0.33249,-0.06454,0.37655,0.13012,
1403715582,-2.34917,-0.98528,0.46154,0.51046,-0.40187,-0.68748,-0.32451,-0.05926,0.29913,-0.02653,
1403715582,-2.35526,-0.95692,0.45387,0.50476,-0.39746,-0.69904,-0.31397,-0.05234,0.24249,-0.12780,
1403715582,-2.36246,-0.93393,0.44276,-0.49291,0.39818,0.71087,0.30523,-0.07536,0.19869,-0.12372,
1403715583,-2.37363,-0.91311,0.43776,-0.48035,0.40260,0.72007,0.29777,-0.12222,0.18812,-0.01225,
1403715583,-2.39114,-0.89215,0.44534,-0.47078,0.40802,0.72486,0.29405,-0.18856,0.19804,0.10976,
1403715583,-2.41387,-0.87087,0.45771,-0.46352,0.41491,0.72619,0.29266,-0.24720,0.22645,0.09807,
1403715583,-2.44149,-0.84727,0.46135,-0.45350,0.42395,0.72821,0.29038,-0.29775,0.24908,-0.03041,
1403715583,-2.47696,-0.81723,0.45179,-0.44049,0.43331,0.73185,0.28741,-0.37146,0.30821,-0.17171,
1403715583,-2.51924,-0.78014,0.43140,-0.43108,0.44113,0.73353,0.28550,-0.46304,0.39613,-0.27446,
1403715583,-2.57183,-0.73222,0.40802,-0.43976,0.44274,0.72482,0.29193,-0.56373,0.51363,-0.24161,
1403715583,-2.63126,-0.67773,0.38685,-0.46622,0.43940,0.70523,0.30367,-0.61367,0.55258,-0.21876,
1403715583,-2.69332,-0.62047,0.36611,-0.49596,0.43525,0.68318,0.31280,-0.61110,0.54540,-0.23372,
1403715583,-2.75421,-0.56664,0.34353,0.52225,-0.43015,-0.66343,-0.31953,-0.58379,0.49429,-0.25132,
1403715584,-2.80927,-0.52158,0.31921,0.54422,-0.42147,-0.64698,-0.32803,-0.50027,0.38612,-0.23828,
1403715584,-2.85300,-0.49082,0.29831,0.57324,-0.40423,-0.62386,-0.34467,-0.37255,0.21015,-0.22235,
1403715584,-2.88397,-0.48177,0.27609,0.59888,-0.38472,-0.60169,-0.36235,-0.22142,-0.04865,-0.22620,
1403715584,-2.89741,-0.50389,0.25820,0.61643,-0.37075,-0.58631,-0.37257,-0.03841,-0.40824,-0.12665,
1403715584,-2.88965,-0.56520,0.25513,0.62169,-0.37170,-0.58374,-0.36688,0.18882,-0.80990,0.04832,
1403715584,-2.85730,-0.66408,0.27038,0.61750,-0.38449,-0.59137,-0.34806,0.44402,-1.16861,0.23435,
1403715584,-2.79982,-0.79307,0.30300,0.59934,-0.40542,-0.61069,-0.32169,0.68032,-1.43992,0.39796,
1403715584,-2.72068,-0.94296,0.34844,0.56775,-0.42928,-0.63902,-0.29162,0.88439,-1.58173,0.47983,
1403715584,-2.62486,-1.10116,0.39149,0.53434,-0.44722,-0.66608,-0.26611,0.99394,-1.58729,0.35130,
1403715584,-2.51909,-1.25670,0.41626,0.50783,-0.45557,-0.68571,-0.25371,1.08056,-1.54091,0.15774,
1403715585,-2.40590,-1.40427,0.42765,-0.49246,0.45861,0.69680,0.24826,1.12798,-1.42527,0.12040,
1403715585,-2.29024,-1.53988,0.43863,-0.47958,0.45642,0.70596,0.25159,1.15724,-1.29100,0.13166,
1403715585,-2.17527,-1.66220,0.45220,-0.46191,0.44836,0.71829,0.26395,1.13256,-1.14438,0.16220,
1403715585,-2.06197,-1.76860,0.46794,-0.45088,0.44263,0.72544,0.27298,1.06834,-1.02452,0.18599,
1403715585,-1.96366,-1.86566,0.48443,-0.43370,0.43890,0.73494,0.28129,0.96924,-0.91100,0.17437,
1403715585,-1.87750,-1.95374,0.49804,-0.41406,0.44338,0.74434,0.27915,0.83066,-0.79767,0.13808,
1403715585,-1.80654,-2.02523,0.51318,-0.39943,0.45213,0.74995,0.27131,0.65795,-0.63811,0.15205,
1403715585,-1.74868,-2.07614,0.53092,-0.39819,0.45460,0.74997,0.26893,0.48738,-0.42328,0.20042,
1403715585,-1.70525,-2.10939,0.55181,-0.41145,0.44795,0.74388,0.27692,0.33357,-0.24878,0.22608,
1403715585,-1.67129,-2.13166,0.57184,-0.42495,0.43954,0.73804,0.28551,0.21632,-0.14093,0.21614,
1403715586,-1.65032,-2.14389,0.59255,-0.43865,0.42920,0.73196,0.29599,0.10629,-0.06417,0.19862,
1403715586,-1.64037,-2.14878,0.60918,-0.44782,0.42184,0.72813,0.30220,0.01631,-0.01779,0.13668,
1403715586,-1.63952,-2.15010,0.61672,-0.44976,0.41970,0.72802,0.30258,-0.06765,0.01145,0.00569,
1403715586,-1.65002,-2.14688,0.60589,-0.45362,0.42438,0.72600,0.29505,-0.12815,0.03425,-0.24924,
1403715586,-1.66467,-2.13998,0.57680,-0.46270,0.43713,0.71959,0.27751,-0.17593,0.08765,-0.33468,
1403715586,-1.68177,-2.12523,0.54859,-0.47852,0.45238,0.70711,0.25762,-0.17595,0.18865,-0.22687,
1403715586,-1.69660,-2.10084,0.53569,0.50195,-0.45140,-0.68981,-0.26162,-0.11322,0.27179,-0.06377,
1403715586,-1.70189,-2.07341,0.53460,0.51209,-0.43749,-0.68308,-0.28243,-0.02276,0.27237,0.01422,
1403715586,-1.70192,-2.04608,0.53590,0.51102,-0.41854,-0.68419,-0.30914,0.01181,0.24410,0.01133,
1403715586,-1.70331,-2.02427,0.53695,0.51163,-0.40290,-0.68322,-0.33033,0.00073,0.16767,-0.01067,
1403715587,-1.70389,-2.01142,0.53776,0.51442,-0.39525,-0.68108,-0.33953,-0.00630,0.05166,-0.01264,
1403715587,-1.70531,-2.00977,0.53876,0.51447,-0.39484,-0.68095,-0.34018,-0.01711,-0.06580,-0.02397,
1403715587,-1.70831,-2.01993,0.53880,0.51035,-0.40434,-0.68394,-0.32905,-0.02235,-0.17672,-0.03922,
1403715587,-1.70971,-2.03864,0.53793,-0.49968,0.42048,0.69119,0.30948,-0.01461,-0.23538,-0.02180,
1403715587,-1.71212,-2.06097,0.54020,-0.48810,0.43212,0.69779,0.29684,-0.01784,-0.23772,0.01303,
1403715587,-1.71402,-2.08243,0.54404,-0.48379,0.43748,0.69935,0.29236,-0.01991,-0.21217,0.03576,
1403715587,-1.71619,-2.10088,0.55134,-0.48666,0.43447,0.69677,0.29818,-0.02466,-0.18762,0.09257,
1403715587,-1.71914,-2.11909,0.56430,-0.49411,0.42488,0.69270,0.30903,-0.03913,-0.18910,0.14125,
1403715587,-1.72315,-2.13971,0.57875,0.50188,-0.42032,-0.68984,-0.30914,-0.05215,-0.22976,0.13044,
1403715587,-1.72600,-2.16257,0.59341,0.51165,-0.42387,-0.68521,-0.29839,-0.02588,-0.25761,0.12731,
1403715588,-1.72447,-2.18858,0.60868,0.51631,-0.43547,-0.67970,-0.28600,0.04483,-0.27514,0.14188,
1403715588,-1.71492,-2.21581,0.62496,0.51608,-0.45429,-0.67131,-0.27682,0.14265,-0.27186,0.14761,
1403715588,-1.69459,-2.24105,0.64111,0.50746,-0.47561,-0.66302,-0.27690,0.26631,-0.24011,0.15570,
1403715588,-1.66306,-2.26131,0.65847,-0.49764,0.49818,0.64849,0.28919,0.37816,-0.19272,0.18007,
1403715588,-1.62047,-2.27716,0.67702,-0.48454,0.51728,0.63035,0.31671,0.48524,-0.16236,0.19893,
1403715588,-1.56990,-2.29261,0.69432,-0.47226,0.53292,0.60798,0.35119,0.55506,-0.17073,0.16875,
1403715588,-1.51330,-2.31176,0.70243,-0.45971,0.54803,0.58339,0.38469,0.60121,-0.22022,0.00800,
1403715588,-1.45391,-2.33581,0.68983,-0.44738,0.56540,0.55661,0.41274,0.61351,-0.28705,-0.23853,
1403715588,-1.39345,-2.36780,0.65729,-0.43382,0.58631,0.53001,0.43258,0.62214,-0.38307,-0.35279,
1403715588,-1.33038,-2.41000,0.62051,-0.41755,0.60514,0.50638,0.45059,0.63591,-0.48890,-0.34831,
1403715589,-1.26498,-2.46205,0.58601,-0.40046,0.62450,0.48446,0.46361,0.65256,-0.58697,-0.32973,
1403715589,-1.19957,-2.52245,0.55141,-0.38043,0.64645,0.46543,0.46984,0.65572,-0.67511,-0.34339,
1403715589,-1.13231,-2.59006,0.51605,-0.35486,0.66993,0.45087,0.47115,0.66255,-0.73308,-0.34389,
1403715589,-1.06334,-2.65871,0.47863,-0.32148,0.69522,0.44071,0.46808,0.67774,-0.74107,-0.36235,
1403715589,-0.99276,-2.72707,0.43951,-0.28528,0.72108,0.43181,0.46065,0.69535,-0.69010,-0.37129,
1403715589,-0.92119,-2.78540,0.40373,-0.25444,0.74396,0.41891,0.45419,0.71953,-0.56658,-0.28843,
1403715589,-0.84477,-2.82885,0.37971,-0.23347,0.76000,0.40244,0.45379,0.77601,-0.38867,-0.14392,
1403715589,-0.76010,-2.85096,0.37121,-0.21800,0.77132,0.38617,0.45653,0.83534,-0.21138,-0.00166,
1403715589,-0.66978,-2.85799,0.37351,-0.20178,0.78468,0.37070,0.45403,0.91313,-0.04632,0.12225,
1403715589,-0.57249,-2.85005,0.38409,-0.18833,0.79839,0.35298,0.45000,1.00044,0.12592,0.14335,
1403715590,-0.46589,-2.82801,0.39739,-0.17412,0.80884,0.33933,0.44757,1.10844,0.29895,0.17619,
1403715590,-0.34680,-2.78643,0.42027,-0.16581,0.81464,0.32954,0.44751,1.24865,0.51433,0.32885,
1403715590,-0.21465,-2.72329,0.46204,-0.16619,0.80861,0.32194,0.46357,1.39267,0.73619,0.54037,
1403715590,-0.07132,-2.64245,0.52244,-0.17787,0.78661,0.31335,0.50141,1.45866,0.87115,0.65407,
1403715590,0.07497,-2.55076,0.58562,-0.19234,0.76891,0.30485,0.52807,1.43701,0.92869,0.59107,
1403715590,0.21806,-2.45630,0.64131,-0.20144,0.75851,0.30126,0.54159,1.40137,0.94533,0.52716,
1403715590,0.35473,-2.36216,0.69330,-0.20152,0.75478,0.30421,0.54512,1.33508,0.94130,0.48563,
1403715590,0.48584,-2.26699,0.73858,-0.19886,0.75504,0.31426,0.54001,1.26517,0.95001,0.44671,
1403715590,0.61024,-2.16862,0.78254,-0.19485,0.74956,0.33401,0.53725,1.19530,1.00154,0.43346,
1403715590,0.72649,-2.06329,0.82602,-0.19428,0.73838,0.36075,0.53564,1.11057,1.08955,0.40866,
1403715591,0.83143,-1.94922,0.86320,-0.19909,0.72434,0.39118,0.53167,0.99870,1.18010,0.37499,
1403715591,0.92455,-1.82727,0.89823,-0.21311,0.71393,0.41970,0.51840,0.87271,1.26180,0.33581,
1403715591,1.00424,-1.69693,0.93175,-0.24326,0.70731,0.43976,0.49715,0.76323,1.34831,0.33729,
1403715591,1.07498,-1.56133,0.96982,-0.27771,0.69180,0.45848,0.48382,0.68516,1.39637,0.37020,
1403715591,1.14049,-1.42242,1.00792,-0.30740,0.67011,0.48235,0.47307,0.61893,1.41251,0.36067,
1403715591,1.19813,-1.28411,1.04373,-0.32888,0.64847,0.51213,0.45722,0.54823,1.41404,0.33834,
1403715591,1.24767,-1.14542,1.07783,-0.34533,0.62254,0.54619,0.44143,0.49086,1.41704,0.30936,
1403715591,1.29142,-1.00366,1.10866,-0.35643,0.59142,0.58318,0.42787,0.40344,1.41850,0.27955,
1403715591,1.32612,-0.85933,1.13659,-0.36869,0.55827,0.61703,0.41434,0.28647,1.44154,0.26599,
1403715591,1.34993,-0.71325,1.16297,-0.38408,0.52570,0.64621,0.39816,0.16401,1.44590,0.23452,
1403715592,1.36011,-0.56773,1.18186,-0.40017,0.49711,0.67167,0.37630,0.04123,1.43946,0.10623,
1403715592,1.36008,-0.42203,1.19002,-0.41929,0.47089,0.69207,0.35142,-0.06277,1.45049,-0.00149,
1403715592,1.35129,-0.27330,1.18573,-0.43575,0.43999,0.70954,0.33629,-0.15055,1.44810,-0.12171,
1403715592,1.33329,-0.12559,1.17176,-0.44874,0.41082,0.72565,0.32137,-0.24753,1.42524,-0.23874,
1403715592,1.30266,0.02054,1.14620,-0.45850,0.37933,0.74175,0.30936,-0.35848,1.39545,-0.35427,
1403715592,1.26288,0.16304,1.10814,-0.46441,0.34358,0.75875,0.30097,-0.48048,1.33961,-0.44960,
1403715592,1.20935,0.29539,1.06599,-0.47585,0.30607,0.77166,0.29057,-0.64256,1.24907,-0.37740,
1403715592,1.13864,0.41692,1.03590,-0.49479,0.26606,0.77899,0.27852,-0.79460,1.10356,-0.23852,
1403715592,1.05373,0.52228,1.01885,0.50933,-0.22647,-0.78733,-0.26345,-0.93621,0.92611,-0.11867,
1403715592,0.95789,0.60937,1.01286,0.51851,-0.18759,-0.79715,-0.24598,-1.04362,0.73608,-0.02439,
1403715593,0.84848,0.67940,1.00958,0.52758,-0.14759,-0.80443,-0.22973,-1.12596,0.54110,-0.01156,
1403715593,0.72764,0.72838,1.00343,0.53538,-0.10728,-0.80998,-0.21398,-1.22835,0.33027,-0.04742,
1403715593,0.59753,0.75564,0.99930,0.54210,-0.06896,-0.81509,-0.19236,-1.30348,0.08411,-0.03128,
1403715593,0.46216,0.75878,0.99626,0.54969,-0.04790,-0.82076,-0.14800,-1.35544,-0.12850,-0.03242,
1403715593,0.32368,0.74149,0.99613,0.55586,-0.03526,-0.82544,-0.09180,-1.38595,-0.27537,-0.02465,
1403715593,0.18215,0.71245,0.99606,0.56268,-0.01811,-0.82556,-0.03900,-1.39093,-0.34787,-0.02086,
1403715593,0.04024,0.67787,0.99579,0.56727,0.01081,-0.82346,0.00082,-1.38041,-0.36656,-0.01695,
1403715593,-0.10076,0.64263,0.99305,0.57089,0.04604,-0.81922,0.02918,-1.36435,-0.36994,-0.01630,
1403715593,-0.23837,0.60683,0.99065,0.57115,0.08799,-0.81501,0.04236,-1.33623,-0.37580,-0.01897,
1403715593,-0.37454,0.56686,0.98751,0.56989,0.13318,-0.80941,0.04847,-1.30649,-0.43014,-0.01985,
1403715594,-0.50594,0.51985,0.98353,0.56866,0.17328,-0.80182,0.06068,-1.25643,-0.52687,-0.01543,
1403715594,-0.63202,0.46454,0.98042,0.57403,0.20771,-0.78782,0.08179,-1.18001,-0.60809,-0.00834,
1403715594,-0.74885,0.40016,0.97884,0.58207,0.23799,-0.77019,0.10659,-1.07775,-0.68989,-0.01323,
1403715594,-0.85474,0.32922,0.97584,0.58245,0.27129,-0.75525,0.12945,-0.94246,-0.75453,-0.03988,
1403715594,-0.94755,0.25231,0.97050,0.57274,0.30606,-0.74463,0.15434,-0.80287,-0.80714,-0.06508,
1403715594,-1.02619,0.16944,0.96492,0.55616,0.34083,-0.73670,0.17833,-0.67942,-0.86159,-0.06111,
1403715594,-1.09435,0.08178,0.96014,0.53794,0.37131,-0.72899,0.20328,-0.57399,-0.91135,-0.06609,
1403715594,-1.15220,-0.01213,0.95840,0.52342,0.39934,-0.71794,0.22611,-0.48829,-0.95403,-0.03060,
1403715594,-1.20111,-0.11070,0.95756,0.51303,0.42795,-0.70240,0.24556,-0.40244,-1.00279,-0.00647,
1403715594,-1.23877,-0.21451,0.95785,0.50410,0.45931,-0.68297,0.26168,-0.30324,-1.04732,-0.00292,
1403715595,-1.26548,-0.32252,0.95740,-0.49556,-0.49392,0.65920,-0.27553,-0.19101,-1.09389,-0.00386,
1403715595,-1.27849,-0.43344,0.95609,-0.48076,-0.52800,0.63704,-0.29029,-0.05401,-1.13786,-0.02926,
1403715595,-1.27834,-0.55078,0.95159,-0.44942,-0.55906,0.62485,-0.30828,0.07291,-1.19107,-0.06620,
1403715595,-1.26702,-0.67345,0.94790,-0.41455,-0.58351,0.61380,-0.33305,0.16080,-1.27829,-0.05806,
1403715595,-1.24794,-0.80551,0.94374,0.38457,0.60769,-0.59754,0.35462,0.21461,-1.35757,-0.05838,
1403715595,-1.22565,-0.94605,0.93893,0.36184,0.63201,-0.57509,0.37271,0.24974,-1.45588,-0.05469,
1403715595,-1.19852,-1.09678,0.93558,0.34040,0.65003,-0.55146,0.39684,0.28478,-1.55146,-0.03088,
1403715595,-1.16838,-1.25477,0.93241,0.32214,0.66688,-0.52348,0.42127,0.30761,-1.62579,-0.04358,
1403715595,-1.13666,-1.41772,0.92744,0.30704,0.68229,-0.49082,0.44643,0.32182,-1.66821,-0.07464,
1403715595,-1.10400,-1.58263,0.92108,0.29050,0.69582,-0.45715,0.47165,0.32485,-1.69398,-0.07625,
1403715596,-1.07101,-1.74866,0.91629,0.28065,0.71085,-0.41635,0.49253,0.31111,-1.68387,-0.05590,
1403715596,-1.03884,-1.91127,0.91244,0.28544,0.72557,-0.36332,0.50997,0.33079,-1.62800,-0.04475,
1403715596,-1.00231,-2.06412,0.90878,0.29687,0.73541,-0.30426,0.52770,0.37549,-1.48085,-0.03083,
1403715596,-0.96193,-2.20244,0.90738,0.30467,0.73886,-0.24957,0.54678,0.41405,-1.25779,0.00837,
1403715596,-0.91812,-2.31297,0.91193,0.30759,0.73135,-0.20485,0.57319,0.42509,-0.93809,0.06667,
1403715596,-0.87464,-2.38999,0.92444,0.29607,0.71318,-0.17655,0.61036,0.36799,-0.56443,0.14480,
1403715596,-0.83984,-2.43177,0.94661,0.27823,0.70124,-0.16295,0.63585,0.23417,-0.17889,0.22185,
1403715596,-0.82290,-2.43558,0.97284,0.26018,0.71749,-0.16165,0.62560,0.07614,0.16806,0.26344,
1403715596,-0.81739,-2.41093,1.00038,0.23295,0.75834,-0.17110,0.58428,-0.00383,0.43395,0.27096,
1403715596,-0.81503,-2.36428,1.02841,0.19697,0.79550,-0.18199,0.54338,0.01511,0.59231,0.28774,
1403715597,-0.80604,-2.30576,1.05893,0.16378,0.82311,-0.18630,0.51084,0.11492,0.65344,0.30696,
1403715597,-0.78398,-2.24505,1.09119,0.13515,0.84420,-0.18326,0.48525,0.27306,0.63395,0.31272,
1403715597,-0.74537,-2.18575,1.12246,0.11338,0.85862,-0.17221,0.46931,0.46755,0.58293,0.31214,
1403715597,-0.68995,-2.13098,1.15048,0.09138,0.87050,-0.16154,0.45584,0.68564,0.50949,0.28139,
1403715597,-0.61137,-2.08497,1.17471,0.07541,0.88034,-0.15213,0.44290,0.92116,0.41268,0.25372,
1403715597,-0.50814,-2.04644,1.19725,0.06770,0.88466,-0.14405,0.43822,1.17608,0.30354,0.24695,
1403715597,-0.37871,-2.02009,1.22287,0.06290,0.87873,-0.13819,0.45254,1.44436,0.20016,0.26635,
1403715597,-0.22575,-2.00336,1.24997,0.05504,0.86284,-0.13274,0.48462,1.63906,0.12059,0.27211,
1403715597,-0.05813,-1.99442,1.27523,0.04391,0.84436,-0.12426,0.51932,1.73690,0.05291,0.24744,
1403715597,0.11682,-1.99278,1.30064,0.03346,0.82492,-0.10928,0.55357,1.77318,-0.01702,0.24273,
1403715598,0.29102,-1.99554,1.32354,0.02558,0.81134,-0.08540,0.57773,1.72228,-0.04417,0.19941,
1403715598,0.45862,-2.00255,1.34570,0.01425,0.80707,-0.05907,0.58732,1.65185,-0.08099,0.14987,
1403715598,0.61707,-2.01309,1.36027,0.00235,0.80970,-0.03385,0.58587,1.59231,-0.11250,0.12414,
1403715598,0.77129,-2.02541,1.37263,-0.00820,0.81077,-0.01544,0.58510,1.53482,-0.14584,0.12042,
1403715598,0.92112,-2.03964,1.38560,-0.01408,0.80431,-0.00191,0.59404,1.47370,-0.17000,0.13830,
1403715598,1.06416,-2.05614,1.39736,-0.01609,0.79929,0.00696,0.60068,1.38228,-0.18836,0.11296,
1403715598,1.19791,-2.07393,1.40370,-0.01221,0.79515,0.01492,0.60610,1.30543,-0.17958,0.04309,
1403715598,1.32294,-2.09148,1.40196,-0.01252,0.78488,0.01650,0.61930,1.20015,-0.17689,-0.07942,
1403715598,1.43619,-2.10881,1.38837,-0.01380,0.77021,0.01502,0.63747,1.06741,-0.17097,-0.15583,
1403715598,1.53342,-2.12721,1.37464,-0.01836,0.75014,0.00976,0.66096,0.84546,-0.18178,-0.14353,
1403715599,1.60038,-2.14741,1.36118,-0.02350,0.73649,0.00367,0.67603,0.56362,-0.21457,-0.14461,
1403715599,1.64128,-2.17025,1.34827,-0.02165,0.73927,0.00158,0.67306,0.29766,-0.23587,-0.17498,
1403715599,1.66763,-2.19070,1.32853,-0.01448,0.75930,0.00153,0.65058,0.08807,-0.23440,-0.23270,
1403715599,1.67344,-2.20993,1.30262,-0.00852,0.78092,0.00212,0.62457,-0.06588,-0.22538,-0.26190,
1403715599,1.66692,-2.23027,1.27290,-0.00308,0.79482,0.00346,0.60683,-0.14476,-0.20915,-0.30366,
1403715599,1.65117,-2.24867,1.24050,0.00009,0.80097,0.00468,0.59868,-0.19083,-0.17756,-0.33131,
1403715599,1.62983,-2.26551,1.20675,0.00100,0.80193,0.00487,0.59740,-0.23793,-0.15744,-0.36507,
1403715599,1.60154,-2.27991,1.16807,-0.00563,0.80759,-0.00014,0.58972,-0.28758,-0.13474,-0.41283,
1403715599,1.56969,-2.29353,1.12482,-0.01688,0.81228,-0.00852,0.58297,-0.31949,-0.14414,-0.44632,
1403715599,1.53663,-2.30952,1.07924,-0.03184,0.81269,-0.01917,0.58151,-0.32839,-0.17729,-0.45708,
1403715600,1.50500,-2.33111,1.03350,-0.04270,0.81107,-0.02677,0.58277,-0.33394,-0.25503,-0.44404,
1403715600,1.47123,-2.36159,0.99346,-0.05077,0.80593,-0.03293,0.58891,-0.35467,-0.35742,-0.40413,
1403715600,1.43399,-2.40102,0.95464,-0.04686,0.79972,-0.03157,0.59771,-0.40222,-0.44835,-0.38665,
1403715600,1.39091,-2.44972,0.91589,-0.03240,0.79724,-0.02312,0.60235,-0.46834,-0.52667,-0.40114,
1403715600,1.34090,-2.50155,0.87536,-0.01505,0.80413,-0.01303,0.59412,-0.52299,-0.56197,-0.41427,
1403715600,1.28943,-2.55550,0.83292,0.00038,0.81122,-0.00239,0.58474,-0.54317,-0.54699,-0.41352,
1403715600,1.23578,-2.60539,0.79262,0.01976,0.81440,0.02173,0.57956,-0.55217,-0.47610,-0.40557,
1403715600,1.18089,-2.64587,0.75191,0.03271,0.81509,0.05365,0.57592,-0.54328,-0.34184,-0.40661,
1403715600,1.12668,-2.67305,0.71166,0.02946,0.81463,0.08578,0.57284,-0.55143,-0.17864,-0.41853,
1403715600,1.07024,-2.68278,0.67132,0.00783,0.81707,0.11338,0.56523,-0.56467,-0.01492,-0.43574,
1403715601,1.01471,-2.67684,0.63133,-0.03251,0.82510,0.13222,0.54834,-0.54530,0.12428,-0.40689,
1403715601,0.96214,-2.65787,0.59683,-0.07043,0.82837,0.15500,0.53368,-0.48519,0.23055,-0.30095,
1403715601,0.91655,-2.63156,0.57326,-0.10051,0.82274,0.18513,0.52794,-0.41900,0.30419,-0.15610,
1403715601,0.87897,-2.59833,0.56169,-0.12460,0.81279,0.21803,0.52565,-0.35143,0.37227,-0.02932,
1403715601,0.84766,-2.55829,0.56466,-0.14532,0.80182,0.24779,0.52400,-0.29294,0.44007,0.11567,
1403715601,0.82297,-2.51219,0.58030,-0.16135,0.79040,0.27046,0.52543,-0.23638,0.49109,0.21411,
1403715601,0.79993,-2.46200,0.60714,-0.16941,0.78199,0.28670,0.52687,-0.21079,0.52592,0.33304,
1403715601,0.77921,-2.40613,0.64509,-0.17035,0.77538,0.29789,0.53012,-0.20040,0.58174,0.44037,
1403715601,0.75790,-2.34372,0.68788,-0.16824,0.76999,0.30761,0.53309,-0.21670,0.64614,0.43601,
1403715601,0.73531,-2.27553,0.72812,-0.17193,0.76803,0.31010,0.53330,-0.23725,0.70285,0.38079,
1403715602,0.71072,-2.20252,0.76391,-0.17694,0.76778,0.30858,0.53290,-0.24775,0.76294,0.34551,
1403715602,0.68526,-2.12490,0.79786,-0.18183,0.76896,0.30527,0.53146,-0.25386,0.80775,0.32602,
1403715602,0.65949,-2.04260,0.83080,-0.18754,0.76603,0.30141,0.53589,-0.26101,0.84685,0.33064,
1403715602,0.63242,-1.95869,0.86308,-0.18998,0.76299,0.29760,0.54147,-0.27240,0.85803,0.31206,
1403715602,0.60368,-1.87471,0.89437,-0.18980,0.75795,0.28632,0.55453,-0.29050,0.85124,0.32016,
1403715602,0.57136,-1.79168,0.92469,-0.18941,0.74709,0.26852,0.57782,-0.34102,0.82276,0.26873,
1403715602,0.53274,-1.71270,0.94820,-0.18581,0.74279,0.24749,0.59371,-0.42450,0.75616,0.20724,
1403715602,0.48279,-1.64388,0.96861,-0.17839,0.74932,0.22430,0.59698,-0.53065,0.66586,0.17393,
1403715602,0.42325,-1.58198,0.98476,-0.16092,0.76401,0.20540,0.59008,-0.61198,0.59326,0.13449,
1403715602,0.35727,-1.52522,0.99599,-0.13962,0.78308,0.18691,0.57650,-0.65888,0.54399,0.14068,
1403715603,0.28773,-1.47273,1.00762,-0.11921,0.79733,0.16798,0.56730,-0.67621,0.51050,0.13585,
1403715603,0.21808,-1.42287,1.01450,-0.09523,0.80313,0.15057,0.56855,-0.68045,0.49461,0.03657,
1403715603,0.14858,-1.37203,1.00994,-0.07299,0.80784,0.13029,0.57017,-0.68775,0.50842,-0.12787,
1403715603,0.07973,-1.31710,0.99098,-0.05499,0.81332,0.10772,0.56911,-0.68520,0.54134,-0.25689,
1403715603,0.01220,-1.25948,0.95963,-0.03848,0.81895,0.08587,0.56610,-0.66906,0.57296,-0.37074,
1403715603,-0.05175,-1.19913,0.91891,-0.02324,0.82066,0.06403,0.56734,-0.65268,0.60838,-0.43890,
1403715603,-0.11504,-1.13426,0.87564,-0.00748,0.82155,0.04076,0.56863,-0.63997,0.62882,-0.45240,
1403715603,-0.17741,-1.06677,0.83243,0.00683,0.82562,0.01847,0.56388,-0.61473,0.67470,-0.44742,
1403715603,-0.23634,-0.99782,0.79121,0.01871,0.83032,0.00116,0.55697,-0.57465,0.71012,-0.41927,
1403715603,-0.29037,-0.92390,0.75427,0.02134,0.83062,-0.01536,0.55622,-0.51684,0.75362,-0.36180,
1403715604,-0.34032,-0.84791,0.72160,0.01599,0.82946,-0.03199,0.55741,-0.47020,0.75967,-0.31078,
1403715604,-0.38548,-0.77400,0.69140,0.00547,0.82857,-0.04885,0.55773,-0.42819,0.72663,-0.29814,
1403715604,-0.42588,-0.70541,0.66470,-0.00465,0.82467,-0.06259,0.56212,-0.37814,0.65811,-0.22394,
1403715604,-0.46333,-0.64569,0.64633,-0.01440,0.82306,-0.07272,0.56309,-0.35621,0.54830,-0.13430,
1403715604,-0.49706,-0.59742,0.63863,-0.02129,0.83377,-0.07785,0.54619,-0.30437,0.42030,-0.04592,
1403715604,-0.52378,-0.56064,0.63712,-0.01351,0.84265,-0.07157,0.53352,-0.21811,0.29993,0.00682,
1403715604,-0.54330,-0.53053,0.63701,0.00481,0.84314,-0.05899,0.53443,-0.13829,0.23549,-0.01868,
1403715604,-0.55475,-0.50918,0.63455,0.01733,0.83854,-0.05023,0.54225,-0.06325,0.20010,-0.04607,
1403715604,-0.55904,-0.48884,0.62813,0.02297,0.83611,-0.04646,0.54611,-0.01163,0.19290,-0.09657,
1403715604,-0.55486,-0.47199,0.61999,0.02489,0.83649,-0.04540,0.54553,0.06885,0.18741,-0.08508,
1403715605,-0.54540,-0.45439,0.61259,0.02573,0.83088,-0.04491,0.55404,0.11902,0.18077,-0.08791,
1403715605,-0.53211,-0.43618,0.60457,0.02795,0.82359,-0.04357,0.56482,0.14319,0.18036,-0.08693,
1403715605,-0.51608,-0.41860,0.59575,0.03068,0.82036,-0.04199,0.56948,0.15386,0.19126,-0.09621,
1403715605,-0.49957,-0.39807,0.58662,0.03061,0.82033,-0.04233,0.56950,0.16619,0.20567,-0.07940,
1403715605,-0.48270,-0.37753,0.57948,0.03205,0.82187,-0.04088,0.56730,0.16302,0.21170,-0.07680,
1403715605,-0.46428,-0.35553,0.57404,0.03141,0.82396,-0.04070,0.56431,0.19507,0.22255,-0.03528,
1403715605,-0.44301,-0.33326,0.57218,0.03112,0.82249,-0.03932,0.56656,0.21299,0.23243,-0.00537,
1403715605,-0.41985,-0.30833,0.57254,0.02857,0.82066,-0.03895,0.56937,0.23746,0.24429,0.01870,
1403715605,-0.39587,-0.28395,0.57475,0.02086,0.81852,-0.04143,0.57261,0.24482,0.24354,0.00606,
1403715605,-0.37173,-0.25963,0.57165,0.01440,0.81782,-0.04316,0.57367,0.24256,0.22374,-0.08924,
1403715606,-0.34839,-0.23795,0.55882,0.00843,0.82004,-0.04484,0.57048,0.23547,0.20264,-0.18475,
1403715606,-0.32509,-0.21892,0.53826,0.00608,0.82102,-0.04439,0.56914,0.23615,0.16674,-0.22428,
1403715606,-0.30024,-0.20442,0.51711,0.01394,0.81966,-0.03772,0.57144,0.25048,0.13306,-0.19587,
1403715606,-0.27380,-0.19266,0.49898,0.01937,0.81897,-0.03307,0.57256,0.26060,0.11825,-0.16043,
1403715606,-0.24763,-0.18033,0.48418,0.02219,0.81733,-0.02974,0.57497,0.25997,0.12320,-0.16232,
1403715606,-0.22172,-0.16738,0.46419,0.02307,0.81628,-0.02755,0.57654,0.26182,0.12996,-0.24006,
1403715606,-0.19615,-0.15317,0.43858,0.02234,0.81588,-0.02550,0.57723,0.25306,0.15674,-0.29135,
1403715606,-0.17168,-0.13652,0.41148,0.01730,0.81604,-0.02697,0.57711,0.24047,0.17916,-0.25138,
1403715606,-0.14788,-0.11939,0.39183,0.00987,0.81638,-0.02908,0.57669,0.23975,0.17083,-0.14565,
1403715606,-0.12384,-0.10425,0.38289,0.00502,0.81603,-0.03012,0.57720,0.24000,0.15064,-0.03890,
1403715607,-0.09946,-0.08989,0.38024,0.00008,0.81483,-0.03062,0.57889,0.22753,0.13509,-0.02329,
1403715607,-0.07771,-0.07751,0.37624,-0.00638,0.81360,-0.03135,0.58054,0.20743,0.11221,-0.05962,
1403715607,-0.05679,-0.06860,0.36813,-0.01504,0.81211,-0.03387,0.58233,0.19636,0.06701,-0.10664,
1403715607,-0.03902,-0.06492,0.35819,-0.01670,0.80773,-0.03210,0.58844,0.17483,0.01131,-0.12131,
1403715607,-0.02386,-0.06552,0.34707,-0.00770,0.80295,-0.02394,0.59551,0.12696,-0.01784,-0.12768,
1403715607,-0.01444,-0.06843,0.33262,0.00324,0.80541,-0.01527,0.59251,0.07627,-0.02819,-0.15446,
1403715607,-0.00835,-0.07050,0.31743,0.00853,0.80872,-0.01007,0.58804,0.05052,-0.00631,-0.14828,
1403715607,-0.00444,-0.07060,0.30361,0.01046,0.81134,-0.00786,0.58442,0.01879,0.01216,-0.12172,
1403715607,-0.00337,-0.06832,0.29262,0.01028,0.81166,-0.00767,0.58399,-0.00677,0.02832,-0.09206,
1403715607,-0.00483,-0.06455,0.28484,0.01149,0.81074,-0.00727,0.58526,-0.03277,0.05281,-0.05763,
1403715608,-0.00882,-0.05826,0.27878,0.01279,0.81176,-0.00740,0.58380,-0.05421,0.07253,-0.04266,
1403715608,-0.01452,-0.04952,0.27412,0.01380,0.81265,-0.00838,0.58253,-0.07454,0.10586,-0.02196,
1403715608,-0.02236,-0.03855,0.27027,0.01472,0.81272,-0.00899,0.58240,-0.09423,0.12130,-0.07460,
1403715608,-0.03195,-0.02586,0.25752,0.01107,0.81366,-0.01319,0.58108,-0.10757,0.13652,-0.17987,
1403715608,-0.03629,-0.01775,0.25103,0.01676,0.81215,-0.00411,0.58319,-0.00647,-0.01502,0.03363,
1403715608,-0.03517,-0.01878,0.25103,0.01722,0.81418,-0.00253,0.58035,0.00038,-0.00538,-0.06500,
1403715608,-0.03411,-0.01850,0.24914,0.01578,0.81649,-0.00371,0.57713,-0.01139,0.02791,0.01138,
1403715608,-0.03521,-0.01900,0.24886,0.01566,0.81460,-0.00350,0.57980,0.00282,0.00895,-0.00958,
1403715608,-0.03474,-0.01833,0.24823,0.01525,0.81590,-0.00365,0.57798,-0.00414,-0.01621,-0.00077,
1403715608,-0.03486,-0.01837,0.24826,0.01495,0.81572,-0.00368,0.57825,-0.00413,0.01352,-0.00044,
1403715609,-0.03489,-0.01855,0.24814,0.01510,0.81552,-0.00352,0.57852,0.00333,-0.00336,0.00404,
1403715609,-0.03480,-0.01857,0.24808,0.01506,0.81575,-0.00348,0.57820,-0.00734,0.00500,-0.00363,
1403715609,-0.03501,-0.01855,0.24808,0.01498,0.81552,-0.00345,0.57853,-0.00040,0.00138,-0.00163,
1403715609,-0.03478,-0.01864,0.24798,0.01492,0.81585,-0.00348,0.57806,-0.00254,0.00182,0.00316,
1403715609,-0.03493,-0.01862,0.24803,0.01475,0.81570,-0.00347,0.57827,-0.00366,0.00554,-0.00076,
1403715609,-0.03487,-0.01867,0.24801,0.01460,0.81578,-0.00351,0.57817,-0.00077,-0.00213,0.00342,
1403715609,-0.03486,-0.01868,0.24801,0.01450,0.81586,-0.00351,0.57806,-0.00503,0.00440,0.00288,
1403715609,-0.03491,-0.01868,0.24802,0.01452,0.81579,-0.00349,0.57815,-0.00096,0.00024,0.00030,
1403715609,-0.03481,-0.01873,0.24798,0.01448,0.81593,-0.00354,0.57796,-0.00348,0.00170,0.00201,
