1403715529,0.01655,0.01388,0.04490,0.02966,0.81652,-0.03455,0.57552,0.07428,0.06143,0.21203,
1403715529,0.02379,0.02111,0.06720,0.02385,0.81570,-0.02912,0.57725,0.07805,0.08411,0.24012,
1403715529,0.03121,0.03012,0.09201,0.01497,0.81786,-0.02195,0.57480,0.07697,0.09769,0.23914,
1403715529,0.03908,0.04185,0.11750,0.00550,0.82217,-0.01336,0.56906,0.07094,0.13366,0.26144,
1403715529,0.04649,0.05634,0.14956,-0.01328,0.82395,0.00135,0.56651,0.07634,0.15597,0.36081,
1403715529,0.05415,0.07171,0.18782,-0.02964,0.82642,0.01870,0.56196,0.08752,0.16579,0.40514,
1403715529,0.06402,0.08854,0.22511,-0.03948,0.82948,0.03601,0.55598,0.10445,0.17710,0.35149,
1403715529,0.07825,0.10720,0.25503,-0.04155,0.82915,0.04803,0.55541,0.13731,0.19207,0.27129,
1403715530,0.09689,0.12682,0.27616,-0.03759,0.82844,0.05307,0.55629,0.16100,0.19261,0.18052,
1403715530,0.12003,0.14654,0.28972,-0.03008,0.82780,0.05349,0.55766,0.19293,0.20158,0.12515,
1403715530,0.14185,0.16852,0.30424,-0.03063,0.82689,0.06142,0.55816,0.21468,0.22238,0.14872,
1403715530,0.16344,0.19255,0.32232,-0.03385,0.82502,0.06548,0.56028,0.22348,0.24215,0.18842,
1403715530,0.18560,0.21818,0.34495,-0.03789,0.82193,0.06648,0.56442,0.23468,0.25459,0.23883,
1403715530,0.20593,0.24663,0.37395,-0.03891,0.81523,0.07261,0.57325,0.22216,0.27308,0.28889,
1403715530,0.22517,0.27588,0.40517,-0.03504,0.81070,0.07923,0.57902,0.18957,0.30766,0.33247,
1403715530,0.23879,0.31032,0.44500,-0.03170,0.81287,0.08578,0.57521,0.15388,0.35826,0.45295,
1403715530,0.25164,0.35057,0.49760,-0.03105,0.81547,0.08558,0.57159,0.12334,0.42675,0.58564,
1403715530,0.26610,0.39715,0.56050,-0.03633,0.81731,0.08055,0.56939,0.12055,0.49216,0.66546,
1403715531,0.27379,0.44737,0.62565,-0.04584,0.81726,0.08473,0.56816,0.10272,0.52237,0.61322,
1403715531,0.28193,0.49885,0.67988,-0.05272,0.81636,0.08854,0.56828,0.08337,0.53453,0.46873,
1403715531,0.28656,0.55194,0.72267,-0.06204,0.81536,0.09506,0.56771,0.07072,0.55696,0.39486,
1403715531,0.29664,0.61016,0.76279,-0.07100,0.81402,0.10455,0.56692,0.07331,0.57080,0.39218,
1403715531,0.30514,0.66818,0.80113,-0.07781,0.81316,0.11594,0.56504,0.08356,0.56712,0.36435,
1403715531,0.31710,0.72666,0.83498,-0.08144,0.82015,0.12345,0.55271,0.09050,0.56967,0.30621,
1403715531,0.33016,0.78453,0.86481,-0.08445,0.83148,0.12833,0.53389,0.13154,0.58370,0.26208,
1403715531,0.35442,0.84456,0.89103,-0.09856,0.83528,0.12098,0.52722,0.23801,0.59411,0.29430,
1403715531,0.38072,0.90242,0.92193,-0.11382,0.82629,0.11541,0.53942,0.31877,0.55767,0.30133,
1403715531,0.41414,0.95499,0.94899,-0.11860,0.81800,0.11497,0.55099,0.35517,0.48838,0.19056,
1403715532,0.45140,1.00247,0.96244,-0.11949,0.81335,0.11558,0.55751,0.37455,0.43617,0.04868,
1403715532,0.48675,1.04848,0.97011,-0.12436,0.81364,0.11532,0.55607,0.38767,0.39175,-0.04678,
1403715532,0.52716,1.08990,0.97104,-0.11676,0.81197,0.12032,0.55910,0.40754,0.33874,-0.03982,
1403715532,0.58420,1.10157,0.96913,-0.10923,0.80827,0.12686,0.56451,0.45232,0.25900,-0.00282,
1403715532,0.60647,1.15665,0.97640,-0.10267,0.79795,0.12798,0.57996,0.37135,0.27734,-0.00908,
1403715532,0.64124,1.18467,0.97689,-0.09929,0.79498,0.12916,0.58436,0.32390,0.25869,-0.01842,
1403715532,0.67088,1.21118,0.97723,-0.09624,0.79328,0.13060,0.58685,0.26945,0.24940,-0.02482,
1403715532,0.69467,1.23619,0.97542,-0.09861,0.79195,0.13145,0.58805,0.20741,0.25026,-0.03176,
1403715532,0.71159,1.26185,0.97179,-0.10647,0.79396,0.13207,0.58382,0.15203,0.24086,-0.05080,
1403715532,0.72439,1.28391,0.96745,-0.11611,0.79638,0.13035,0.57905,0.11265,0.20940,-0.04511,
1403715533,0.73510,1.30119,0.96300,-0.12749,0.79804,0.12626,0.57528,0.08876,0.16045,-0.06193,
1403715533,0.74314,1.31064,0.95836,-0.14339,0.79689,0.11855,0.57476,0.07489,0.07800,-0.05576,
1403715533,0.74898,1.31134,0.95192,-0.15582,0.79412,0.11229,0.57661,0.04726,-0.04318,-0.08039,
1403715533,0.75315,1.29963,0.94269,-0.16034,0.79300,0.10702,0.57792,0.03420,-0.17538,-0.10541,
1403715533,0.75763,1.27626,0.92938,-0.15835,0.79517,0.09656,0.57733,0.02641,-0.31497,-0.19748,
1403715533,0.76173,1.23835,0.90524,-0.15088,0.79918,0.07974,0.57636,0.01958,-0.44967,-0.30769,
1403715533,0.76496,1.18544,0.87220,-0.13510,0.80082,0.05996,0.58038,0.01580,-0.59695,-0.32117,
1403715533,0.76547,1.11719,0.84678,-0.11186,0.79512,0.04161,0.59459,-0.02935,-0.74511,-0.19649,
1403715533,0.75861,1.03639,0.83428,-0.08901,0.79418,0.02686,0.60052,-0.08614,-0.84583,-0.03825,
1403715533,0.74559,0.94614,0.83555,-0.07142,0.79888,0.01466,0.59705,-0.13899,-0.92495,0.09747,
1403715534,0.72343,0.84748,0.85087,-0.06850,0.80507,-0.00271,0.58921,-0.20902,-1.00877,0.24468,
1403715534,0.69505,0.74016,0.88047,-0.07308,0.81072,-0.01930,0.58053,-0.25712,-1.12021,0.38262,
1403715534,0.66412,0.62093,0.92638,-0.07670,0.81413,-0.03119,0.57475,-0.26588,-1.25552,0.51908,
1403715534,0.63158,0.48783,0.97973,-0.06781,0.81684,-0.03217,0.57196,-0.26410,-1.38610,0.52380,
1403715534,0.59856,0.34461,1.02724,-0.05196,0.81847,-0.02614,0.57160,-0.26350,-1.46461,0.41473,
1403715534,0.56508,0.19454,1.06041,-0.03852,0.81924,-0.01967,0.57182,-0.27487,-1.53119,0.26385,
1403715534,0.53058,0.04182,1.08138,-0.02376,0.81899,-0.01060,0.57321,-0.28365,-1.56013,0.13401,
1403715534,0.49827,-0.11267,1.08875,-0.01041,0.81946,-0.00114,0.57305,-0.28072,-1.55654,0.00865,
1403715534,0.47087,-0.26747,1.08525,-0.00438,0.81963,0.00459,0.57286,-0.27312,-1.54086,-0.11483,
1403715534,0.44585,-0.42035,1.06968,0.00078,0.82016,0.00321,0.57212,-0.25856,-1.52357,-0.22272,
1403715535,0.42574,-0.57560,1.04591,0.00763,0.82013,-0.00397,0.57211,-0.22323,-1.50552,-0.26495,
1403715535,0.41386,-0.72560,1.01778,0.01524,0.82109,-0.01758,0.57033,-0.20318,-1.48278,-0.27953,
1403715535,0.40074,-0.87321,0.98896,0.02708,0.82384,-0.03621,0.56501,-0.18602,-1.44919,-0.29950,
1403715535,0.39049,-1.01601,0.95816,0.04394,0.82847,-0.05853,0.55524,-0.15155,-1.41502,-0.31121,
1403715535,0.38593,-1.15622,0.92786,0.06175,0.83143,-0.08210,0.54605,-0.08330,-1.37995,-0.29699,
1403715535,0.38856,-1.29114,0.89788,0.07686,0.83241,-0.10219,0.53920,-0.00556,-1.33389,-0.29856,
1403715535,0.40170,-1.42047,0.86724,0.08589,0.83600,-0.11879,0.52879,0.09829,-1.28565,-0.30197,
1403715535,0.42477,-1.54776,0.83693,0.08966,0.84013,-0.13160,0.51849,0.22290,-1.26230,-0.27319,
1403715535,0.46293,-1.67037,0.80900,0.08972,0.84204,-0.14187,0.51264,0.37447,-1.24585,-0.24658,
1403715535,0.51028,-1.79458,0.78403,0.07810,0.83703,-0.15762,0.51810,0.50585,-1.26940,-0.21478,
1403715536,0.56358,-1.92314,0.76312,0.07275,0.82669,-0.16502,0.53297,0.57053,-1.31398,-0.19334,
1403715536,0.62433,-2.05614,0.74351,0.07415,0.81712,-0.16165,0.54835,0.63167,-1.34613,-0.20494,
1403715536,0.68852,-2.19063,0.72284,0.07466,0.81479,-0.14938,0.55518,0.65914,-1.36131,-0.20451,
1403715536,0.75478,-2.32506,0.70100,0.07809,0.81619,-0.12636,0.55836,0.66255,-1.34736,-0.22744,
1403715536,0.82212,-2.45739,0.67617,0.07561,0.82284,-0.10274,0.55377,0.69098,-1.31447,-0.25161,
1403715536,0.89006,-2.58569,0.65204,0.06862,0.83099,-0.08553,0.54537,0.72633,-1.27909,-0.22338,
1403715536,0.96261,-2.70994,0.63177,0.06214,0.83761,-0.07234,0.53789,0.79707,-1.24153,-0.18396,
1403715536,1.04436,-2.83062,0.61517,0.06174,0.84261,-0.05813,0.53181,0.88381,-1.18830,-0.15306,
1403715536,1.13381,-2.94477,0.60394,0.06417,0.84293,-0.04398,0.53237,0.96473,-1.11116,-0.09593,
1403715536,1.23274,-3.05097,0.59683,0.07348,0.83879,-0.02754,0.53878,1.04053,-1.01419,-0.05463,
1403715537,1.33875,-3.14508,0.59266,0.08179,0.83314,-0.01527,0.54677,1.10004,-0.88212,-0.03037,
1403715537,1.45157,-3.22560,0.59018,0.08652,0.82602,-0.00775,0.55691,1.14713,-0.73329,-0.01389,
1403715537,1.56753,-3.29056,0.59098,0.08624,0.81431,-0.00391,0.57397,1.15157,-0.55789,0.02173,
1403715537,1.68077,-3.33718,0.59533,0.08651,0.80166,0.00330,0.59147,1.11101,-0.39225,0.04742,
1403715537,1.78708,-3.36500,0.60141,0.09584,0.78900,0.01472,0.60670,1.01054,-0.21745,0.07330,
1403715537,1.88349,-3.37534,0.60973,0.10590,0.77480,0.02386,0.62282,0.89687,0.00137,0.10571,
1403715537,1.96660,-3.36320,0.62248,0.11253,0.75568,0.02969,0.64451,0.71823,0.24247,0.14956,
1403715537,2.02878,-3.32575,0.63871,0.11182,0.73812,0.02924,0.66470,0.49044,0.49387,0.18060,
1403715537,2.06419,-3.26378,0.65645,0.08660,0.73496,0.01241,0.67244,0.22165,0.71192,0.18669,
1403715537,2.07317,-3.18397,0.67336,0.05765,0.75320,-0.00993,0.65519,-0.02635,0.84604,0.17597,
1403715538,2.06152,-3.09534,0.68966,0.03453,0.78075,-0.02952,0.62319,-0.20278,0.90750,0.17480,
1403715538,2.04472,-3.00542,0.70712,0.01986,0.80095,-0.04265,0.59688,-0.27780,0.90618,0.23127,
1403715538,2.01572,-2.91863,0.73185,0.01432,0.79965,-0.05031,0.59819,-0.32430,0.87519,0.28209,
1403715538,1.97771,-2.83469,0.75844,0.01437,0.78927,-0.05298,0.61159,-0.41698,0.83262,0.26556,
1403715538,1.92938,-2.75488,0.78169,0.01548,0.78721,-0.05371,0.61415,-0.52926,0.79918,0.19889,
1403715538,1.87177,-2.67920,0.80104,0.01205,0.79343,-0.05766,0.60580,-0.61235,0.75228,0.18435,
1403715538,1.80760,-2.60884,0.81901,0.00836,0.80002,-0.06761,0.59609,-0.68454,0.67920,0.13340,
1403715538,1.73723,-2.54509,0.82828,0.01272,0.80395,-0.07978,0.58918,-0.72870,0.61343,0.02679,
1403715538,1.66216,-2.48878,0.82594,0.02245,0.80170,-0.09313,0.59000,-0.76636,0.53918,-0.07103,
1403715538,1.58281,-2.43938,0.81825,0.04429,0.79074,-0.10267,0.60185,-0.83089,0.48181,-0.08493,
1403715539,1.49455,-2.39226,0.81173,0.07108,0.77880,-0.11177,0.61313,-0.92182,0.46451,-0.05681,
1403715539,1.39504,-2.34394,0.80597,0.09262,0.77230,-0.12756,0.61538,-1.02914,0.48649,-0.06885,
1403715539,1.28823,-2.29566,0.79628,0.11127,0.77351,-0.15089,0.60542,-1.11390,0.50813,-0.10511,
1403715539,1.17353,-2.24610,0.78496,0.13029,0.77900,-0.17931,0.58655,-1.19083,0.52255,-0.11198,
1403715539,1.05332,-2.19463,0.76995,0.15210,0.77891,-0.21118,0.57058,-1.21637,0.53044,-0.20150,
1403715539,0.93130,-2.14226,0.74385,0.17665,0.77217,-0.24555,0.55880,-1.23734,0.55076,-0.31695,
1403715539,0.80880,-2.08982,0.70559,0.20095,0.76158,-0.28142,0.54811,-1.24272,0.56705,-0.43351,
1403715539,0.68533,-2.03526,0.65620,0.22302,0.75018,-0.31716,0.53564,-1.23844,0.58487,-0.55578,
1403715539,0.56306,-1.97922,0.59623,0.24192,0.74172,-0.34994,0.51853,-1.22045,0.59434,-0.64011,
1403715539,0.44320,-1.92480,0.53540,0.25942,0.73198,-0.37556,0.50582,-1.17513,0.57084,-0.55534,
1403715540,0.33061,-1.87190,0.48861,0.26506,0.72316,-0.39870,0.49782,-1.10661,0.54501,-0.38543,
1403715540,0.22658,-1.82396,0.46095,0.26437,0.71315,-0.41685,0.49776,-1.05050,0.49432,-0.18273,
1403715540,0.12824,-1.77565,0.45013,0.26772,0.70458,-0.42593,0.50047,-1.01652,0.45513,-0.01258,
1403715540,0.02684,-1.73145,0.45374,0.27074,0.70322,-0.42711,0.49976,-1.01015,0.42333,0.09541,
1403715540,-0.07053,-1.69495,0.47220,0.26185,0.70990,-0.42925,0.49318,-0.99885,0.36633,0.26110,
1403715540,-0.16503,-1.66735,0.50001,0.24671,0.71956,-0.43395,0.48275,-0.97855,0.27987,0.25074,
1403715540,-0.25468,-1.65201,0.53204,0.22747,0.72664,-0.44068,0.47546,-0.93477,0.13014,0.33173,
1403715540,-0.34198,-1.65416,0.56830,0.21941,0.72818,-0.44161,0.47602,-0.91476,-0.04084,0.36146,
1403715540,-0.42884,-1.67108,0.60602,0.22707,0.73117,-0.43239,0.47630,-0.89277,-0.19266,0.37235,
1403715540,-0.51522,-1.69743,0.64144,0.23680,0.73719,-0.42258,0.47108,-0.85966,-0.30510,0.32576,
1403715541,-0.60008,-1.73429,0.67121,0.24208,0.74667,-0.41812,0.45723,-0.80836,-0.41632,0.28113,
1403715541,-0.67473,-1.78196,0.69501,0.24032,0.75203,-0.42102,0.44658,-0.71318,-0.53405,0.24736,
1403715541,-0.74013,-1.84316,0.71666,0.22920,0.74840,-0.43307,0.44700,-0.62569,-0.67078,0.21871,
1403715541,-0.79790,-1.92012,0.73907,0.22891,0.74029,-0.43779,0.45597,-0.56119,-0.82284,0.21381,
1403715541,-0.85265,-2.01010,0.76146,0.23462,0.73291,-0.43707,0.46557,-0.52063,-0.96145,0.20899,
1403715541,-0.90318,-2.11172,0.78193,0.24355,0.72941,-0.43214,0.47107,-0.48384,-1.06299,0.19458,
1403715541,-0.95014,-2.22192,0.79919,0.24618,0.72833,-0.43011,0.47322,-0.44697,-1.13057,0.16025,
1403715541,-0.99489,-2.34063,0.81580,0.23854,0.71693,-0.43525,0.48956,-0.43572,-1.22099,0.16597,
1403715541,-1.04159,-2.46706,0.83205,0.24512,0.70840,-0.43399,0.49974,-0.47093,-1.28275,0.14926,
1403715541,-1.08992,-2.59730,0.84251,0.25523,0.71151,-0.42979,0.49385,-0.49171,-1.31075,0.08083,
1403715542,-1.13888,-2.73057,0.84948,0.25817,0.72154,-0.42940,0.47785,-0.47332,-1.35333,0.06505,
1403715542,-1.18388,-2.86807,0.85673,0.25975,0.72979,-0.42869,0.46492,-0.43276,-1.39791,0.08432,
1403715542,-1.22295,-3.01134,0.86631,0.27516,0.73586,-0.41707,0.45701,-0.34912,-1.46329,0.10785,
1403715542,-1.25128,-3.15904,0.87574,0.29902,0.73800,-0.39856,0.45508,-0.22949,-1.47336,0.13169,
1403715542,-1.26807,-3.30533,0.88323,0.31674,0.74045,-0.38026,0.45477,-0.08196,-1.43532,0.10399,
1403715542,-1.26858,-3.44766,0.88986,0.32650,0.74464,-0.36028,0.45728,0.09588,-1.34907,0.10184,
1403715542,-1.25236,-3.57595,0.89908,0.32857,0.74389,-0.33972,0.47250,0.25647,-1.22374,0.10682,
1403715542,-1.21835,-3.69151,0.91018,0.32202,0.74046,-0.31993,0.49564,0.39466,-1.06939,0.12514,
1403715542,-1.17408,-3.79119,0.92422,0.30313,0.73718,-0.30464,0.52142,0.49651,-0.89433,0.14467,
1403715542,-1.12542,-3.88024,0.94178,0.27426,0.73073,-0.29246,0.55253,0.52484,-0.74654,0.18537,
1403715543,-1.07506,-3.95434,0.95647,0.25008,0.72694,-0.28114,0.57444,0.48035,-0.61898,0.15504,
1403715543,-1.03095,-4.02289,0.96043,0.23098,0.73561,-0.27325,0.57520,0.39706,-0.50775,0.09772,
1403715543,-0.99260,-4.07760,0.96360,0.21783,0.74295,-0.26733,0.57368,0.34121,-0.41922,0.05687,
1403715543,-0.95936,-4.11992,0.96400,0.20877,0.75187,-0.26412,0.56688,0.28807,-0.34329,0.00176,
1403715543,-0.92903,-4.15723,0.96086,0.19739,0.75600,-0.26601,0.56458,0.25086,-0.28298,-0.06486,
1403715543,-0.90099,-4.19263,0.95057,0.18730,0.75495,-0.26975,0.56763,0.21208,-0.25727,-0.12480,
1403715543,-0.87822,-4.22360,0.93574,0.18334,0.75277,-0.27238,0.57055,0.15928,-0.24303,-0.14773,
1403715543,-0.86230,-4.25133,0.91966,0.18244,0.74804,-0.27483,0.57587,0.09651,-0.21907,-0.16519,
1403715543,-0.85292,-4.27706,0.90405,0.18300,0.74573,-0.27724,0.57752,0.01892,-0.19898,-0.16022,
1403715543,-0.85141,-4.29939,0.88868,0.18898,0.74541,-0.27592,0.57665,-0.04895,-0.17393,-0.15265,
1403715544,-0.85817,-4.31773,0.87339,0.19739,0.74447,-0.27265,0.57659,-0.10763,-0.13871,-0.14669,
1403715544,-0.87148,-4.33019,0.85767,0.20833,0.73917,-0.26653,0.58240,-0.18610,-0.07585,-0.16384,
1403715544,-0.89396,-4.33510,0.83967,0.22743,0.73417,-0.26096,0.58410,-0.27169,0.00660,-0.18753,
1403715544,-0.92544,-4.32793,0.81893,0.25243,0.73060,-0.26077,0.57837,-0.33850,0.13117,-0.22419,
1403715544,-0.96054,-4.30724,0.79498,0.27580,0.72829,-0.27072,0.56590,-0.37171,0.29112,-0.25259,
1403715544,-0.99798,-4.27108,0.76731,0.29762,0.72572,-0.28940,0.54864,-0.37687,0.45778,-0.31277,
1403715544,-1.03488,-4.22045,0.72943,0.30525,0.71741,-0.32726,0.53390,-0.36648,0.58746,-0.43723,
1403715544,-1.07160,-4.15725,0.67873,0.31456,0.70287,-0.37115,0.51892,-0.35410,0.68581,-0.57481,
1403715544,-1.10693,-4.08499,0.61446,0.32534,0.68324,-0.41771,0.50285,-0.33131,0.76175,-0.70336,
1403715544,-1.14063,-4.00578,0.53978,0.33726,0.65988,-0.46051,0.48862,-0.32200,0.82214,-0.77889,
1403715545,-1.17236,-3.92142,0.46578,0.35186,0.63796,-0.49375,0.47477,-0.30286,0.86370,-0.68716,
1403715545,-1.20046,-3.83419,0.40640,0.36425,0.62156,-0.51535,0.46411,-0.27072,0.88691,-0.47890,
1403715545,-1.22696,-3.74378,0.37235,0.37989,0.60845,-0.52169,0.46186,-0.25549,0.92402,-0.20064,
1403715545,-1.25261,-3.64607,0.36465,0.39068,0.60096,-0.52237,0.46189,-0.24475,1.00437,0.07687,
1403715545,-1.27645,-3.54062,0.37859,0.39153,0.60138,-0.52468,0.45798,-0.22909,1.07273,0.18717,
1403715545,-1.29952,-3.43004,0.39885,0.38972,0.60391,-0.53036,0.44958,-0.22651,1.12242,0.19098,
1403715545,-1.32210,-3.31776,0.41700,0.39136,0.60319,-0.53808,0.43987,-0.21942,1.15077,0.11787,
1403715545,-1.34433,-3.20321,0.42452,0.39496,0.59780,-0.54934,0.42997,-0.21082,1.15854,-0.01318,
1403715545,-1.36550,-3.08733,0.42017,0.39796,0.58866,-0.56253,0.42270,-0.18808,1.16543,-0.10421,
1403715545,-1.38495,-2.97138,0.41233,-0.39315,-0.57476,0.57753,-0.42608,-0.17728,1.16950,-0.08004,
1403715546,-1.40620,-2.85619,0.41025,-0.38507,-0.56136,0.59120,-0.43252,-0.21696,1.14197,0.00803,
1403715546,-1.43187,-2.74390,0.41618,-0.37887,-0.55182,0.60001,-0.43810,-0.28797,1.13340,0.05709,
1403715546,-1.46597,-2.63319,0.42288,-0.37566,-0.55130,0.60103,-0.44013,-0.37597,1.11414,0.04803,
1403715546,-1.50863,-2.52305,0.42757,-0.37590,-0.55926,0.59369,-0.43984,-0.44414,1.10156,0.05652,
1403715546,-1.55612,-2.41176,0.43351,-0.37761,-0.57578,0.57729,-0.43890,-0.48977,1.09699,0.06705,
1403715546,-1.60633,-2.30066,0.43928,0.37526,0.59756,-0.55409,0.44168,-0.49473,1.08801,0.07815,
1403715546,-1.65616,-2.19113,0.44668,0.36364,0.62109,-0.52747,0.45144,-0.47939,1.07788,0.08988,
1403715546,-1.70429,-2.08272,0.45489,0.34517,0.64567,-0.49740,0.46536,-0.46466,1.08211,0.09792,
1403715546,-1.75156,-1.97232,0.46414,0.32229,0.66924,-0.46563,0.48107,-0.44855,1.09257,0.10483,
1403715546,-1.79782,-1.86304,0.47617,0.29611,0.69274,-0.43290,0.49501,-0.44921,1.09923,0.13981,
1403715547,-1.84399,-1.75500,0.49025,0.26946,0.71495,-0.39789,0.50786,-0.44552,1.08942,0.12887,
1403715547,-1.89022,-1.64954,0.50338,0.24401,0.73926,-0.35973,0.51434,-0.44476,1.06816,0.11148,
1403715547,-1.93295,-1.54541,0.51302,0.21488,0.76712,-0.32227,0.51138,-0.41463,1.04128,0.05939,
1403715547,-1.97343,-1.44503,0.52232,0.18050,0.79208,-0.28891,0.50652,-0.36723,0.98266,0.08296,
1403715547,-2.00750,-1.35238,0.53278,0.15373,0.80979,-0.25079,0.50765,-0.30655,0.89662,0.09343,
1403715547,-2.03444,-1.26520,0.54451,0.13622,0.82417,-0.20661,0.50941,-0.21342,0.84318,0.10071,
1403715547,-2.04970,-1.18553,0.55443,0.11586,0.83433,-0.16473,0.51315,-0.10140,0.80684,0.09932,
1403715547,-2.05270,-1.10888,0.56526,0.09622,0.84156,-0.12288,0.51712,0.01421,0.78025,0.09648,
1403715547,-2.04068,-1.03672,0.57552,0.07758,0.84744,-0.08544,0.51820,0.13382,0.76846,0.08224,
1403715547,-2.01483,-0.96898,0.58196,0.05591,0.85447,-0.05515,0.51353,0.26713,0.77270,0.04688,
1403715548,-1.98461,-0.89096,0.58690,0.03380,0.86016,-0.02399,0.50834,0.39834,0.79364,0.01910,
1403715548,-1.93752,-0.81301,0.59030,0.01283,0.86287,0.01065,0.50515,0.54915,0.81812,0.01848,
1403715548,-1.87785,-0.72852,0.59496,-0.00636,0.86327,0.04649,0.50255,0.69428,0.85879,0.02748,
1403715548,-1.80302,-0.63683,0.59952,-0.02755,0.86128,0.07937,0.50113,0.84207,0.91635,0.02845,
1403715548,-1.71352,-0.53775,0.60582,-0.04852,0.85303,0.10828,0.50819,0.97449,0.97153,0.02948,
1403715548,-1.61165,-0.43646,0.61356,-0.06796,0.83989,0.12639,0.52344,1.07181,1.01465,0.05273,
1403715548,-1.50324,-0.33070,0.62010,-0.07780,0.82533,0.13968,0.54155,1.11663,1.03922,0.02260,
1403715548,-1.39215,-0.22410,0.62577,-0.08029,0.81465,0.14853,0.55483,1.13067,1.07184,0.01315,
1403715548,-1.27896,-0.11469,0.62426,-0.08064,0.80960,0.15158,0.56131,1.12315,1.09436,-0.11731,
1403715548,-1.16379,-0.00279,0.61160,-0.07842,0.80904,0.15147,0.56245,1.12237,1.12909,-0.21419,
1403715549,-1.05224,0.11253,0.59139,-0.08054,0.81057,0.14583,0.56145,1.10771,1.15764,-0.22776,
1403715549,-0.94456,0.23012,0.57001,-0.08302,0.81253,0.13848,0.56011,1.08823,1.17908,-0.22196,
1403715549,-0.84165,0.34689,0.54972,-0.08436,0.81297,0.13169,0.56091,1.06950,1.18109,-0.19981,
1403715549,-0.73788,0.46337,0.53028,-0.08350,0.81366,0.12637,0.56126,1.06704,1.18588,-0.18485,
1403715549,-0.63576,0.57896,0.51321,-0.08461,0.81305,0.12307,0.56272,1.06186,1.19041,-0.17984,
1403715549,-0.53677,0.69637,0.49661,-0.08907,0.81032,0.12736,0.56501,1.02842,1.19772,-0.16084,
1403715549,-0.44408,0.81174,0.48285,-0.09771,0.80158,0.13455,0.57429,0.98764,1.18597,-0.11612,
1403715549,-0.35220,0.92787,0.47206,-0.10558,0.79054,0.14064,0.58661,0.92659,1.15733,-0.10316,
1403715549,-0.26852,1.04079,0.46006,-0.11634,0.78289,0.14283,0.59426,0.82570,1.11640,-0.11245,
1403715549,-0.19388,1.14832,0.44563,-0.13311,0.78375,0.13910,0.59048,0.74754,1.05233,-0.13705,
1403715550,-0.12554,1.24792,0.42904,-0.14568,0.79053,0.13630,0.57901,0.68074,0.96056,-0.14501,
1403715550,-0.05902,1.33817,0.41366,-0.15419,0.80041,0.12862,0.56482,0.67156,0.84180,-0.13082,
1403715550,0.00669,1.41599,0.40185,-0.15678,0.80555,0.11266,0.56020,0.69281,0.70960,-0.10246,
1403715550,0.07396,1.47736,0.39327,-0.15257,0.80647,0.09109,0.56394,0.70429,0.56160,-0.09154,
1403715550,0.14318,1.52327,0.38628,-0.14928,0.80926,0.06000,0.56499,0.72286,0.39342,-0.05652,
1403715550,0.21351,1.54898,0.38056,-0.14007,0.81448,0.02466,0.56249,0.72389,0.18692,-0.04792,
1403715550,0.28443,1.55329,0.37869,-0.11287,0.82013,-0.00358,0.56093,0.73468,-0.03421,0.05057,
1403715550,0.35918,1.54379,0.38958,-0.08039,0.82402,-0.02869,0.56010,0.73793,-0.20530,0.18114,
1403715550,0.43195,1.51387,0.41519,-0.04987,0.82549,-0.05346,0.55967,0.74692,-0.36322,0.32863,
1403715550,0.50557,1.47086,0.45099,-0.01601,0.82308,-0.07710,0.56244,0.75209,-0.48611,0.36685,
1403715551,0.57973,1.41868,0.48593,0.01513,0.81936,-0.10396,0.56357,0.74332,-0.55728,0.31272,
1403715551,0.65335,1.36062,0.50965,0.03653,0.81403,-0.13750,0.56312,0.73140,-0.61054,0.17197,
1403715551,0.72595,1.29651,0.52134,0.05144,0.80638,-0.17548,0.56242,0.71040,-0.66978,0.04538,
1403715551,0.79497,1.22483,0.52030,0.06159,0.79715,-0.21530,0.56072,0.67805,-0.75285,-0.07297,
1403715551,0.86033,1.14247,0.51086,0.07361,0.78661,-0.25328,0.55828,0.63034,-0.87098,-0.13881,
1403715551,0.92000,1.04812,0.50175,0.09619,0.77671,-0.28331,0.55426,0.55890,-1.02247,-0.04627,
1403715551,0.97052,0.93993,0.50771,0.12369,0.76583,-0.30954,0.54990,0.47500,-1.15521,0.10424,
1403715551,1.01204,0.81992,0.52603,0.14404,0.75131,-0.34005,0.54695,0.39403,-1.26665,0.21563,
1403715551,1.04541,0.68905,0.55127,0.15938,0.73472,-0.37437,0.54280,0.28803,-1.36539,0.23561,
1403715551,1.06663,0.54900,0.57689,0.17775,0.71616,-0.40650,0.53878,0.17055,-1.45443,0.23377,
1403715552,1.07351,0.39985,0.60184,0.20357,0.69739,-0.43322,0.53341,0.03006,-1.54498,0.24072,
1403715552,1.06896,0.24173,0.62717,0.23974,0.67941,-0.45192,0.52602,-0.10638,-1.59761,0.25785,
1403715552,1.05087,0.08113,0.65284,0.27659,0.65777,-0.46875,0.52068,-0.23021,-1.59268,0.24987,
1403715552,1.02119,-0.07606,0.67655,0.30721,0.63087,-0.48786,0.51925,-0.34532,-1.55471,0.24212,
1403715552,0.97863,-0.22580,0.69933,0.33715,0.60207,-0.50542,0.51806,-0.47124,-1.46357,0.23003,
1403715552,0.92576,-0.36640,0.71960,0.36983,0.58460,-0.52030,0.50076,-0.56944,-1.33964,0.20956,
1403715552,0.86615,-0.49452,0.73636,0.39289,0.56933,-0.53952,0.48002,-0.63037,-1.19969,0.17043,
1403715552,0.79930,-0.60011,0.75167,-0.42085,-0.54844,0.55434,-0.46347,-0.67055,-1.05453,0.16961,
1403715552,0.73061,-0.69533,0.76570,-0.44839,-0.52314,0.56909,-0.44878,-0.69266,-0.89072,0.13778,
1403715552,0.66238,-0.77490,0.77857,-0.47141,-0.49768,0.58847,-0.42871,-0.68221,-0.71195,0.12410,
1403715553,0.59560,-0.83405,0.79095,-0.49086,-0.46599,0.61012,-0.41190,-0.65911,-0.52722,0.09848,
1403715553,0.52997,-0.87042,0.80209,0.50741,0.42844,-0.63312,0.39766,-0.63403,-0.32389,0.08223,
1403715553,0.46877,-0.88518,0.80891,0.51891,0.38986,-0.65973,0.37880,-0.61396,-0.12435,0.04610,
1403715553,0.41094,-0.87241,0.81219,0.52843,0.35066,-0.68649,0.35570,-0.60451,0.09552,0.00849,
1403715553,0.34989,-0.85129,0.81234,0.52957,0.30968,-0.71510,0.33508,-0.59724,0.29080,-0.04100,
1403715553,0.28601,-0.81788,0.81121,0.52843,0.26670,-0.74121,0.31662,-0.63326,0.47068,-0.06287,
1403715553,0.21815,-0.76607,0.80683,0.53482,0.22792,-0.75918,0.29269,-0.67896,0.64729,-0.07362,
1403715553,0.14809,-0.69190,0.80281,0.54927,0.18951,-0.76807,0.26917,-0.72540,0.82240,-0.06865,
1403715553,0.07615,-0.59716,0.79691,0.57267,0.15290,-0.76799,0.24261,-0.73084,1.03180,-0.08121,
1403715553,0.00856,-0.48284,0.78875,0.60283,0.12276,-0.76111,0.20554,-0.66249,1.21744,-0.09146,
1403715554,-0.05029,-0.35352,0.77579,0.62837,0.09557,-0.75377,0.16686,-0.54147,1.36606,-0.14834,
1403715554,-0.09194,-0.21109,0.75748,0.64120,0.07532,-0.75240,0.13067,-0.37213,1.47236,-0.19367,
1403715554,-0.11826,-0.06070,0.73489,0.63387,0.06562,-0.76393,0.10158,-0.19647,1.54180,-0.23309,
1403715554,-0.12962,0.09366,0.71078,0.61095,0.06539,-0.78534,0.07553,-0.04844,1.56007,-0.20956,
1403715554,-0.12739,0.24847,0.69215,0.58826,0.06844,-0.80374,0.05711,0.03210,1.53561,-0.18503,
1403715554,-0.12278,0.40021,0.67424,0.55892,0.06847,-0.82479,0.05140,0.05222,1.49563,-0.20225,
1403715554,-0.11791,0.54688,0.65600,0.52740,0.07011,-0.84533,0.04850,-0.00205,1.44223,-0.17406,
1403715554,-0.12537,0.68862,0.64204,0.50504,0.07359,-0.85870,0.04633,-0.14750,1.38136,-0.13881,
1403715554,-0.15192,0.82457,0.62687,-0.49519,-0.08785,0.86370,-0.03300,-0.33872,1.30289,-0.16527,
1403715554,-0.19477,0.95109,0.60635,0.51290,0.12885,-0.84872,-0.00143,-0.48044,1.16381,-0.21838,
1403715555,-0.24732,1.05990,0.57576,0.54509,0.18582,-0.81607,-0.04873,-0.50622,0.90953,-0.32470,
1403715555,-0.29654,1.14077,0.53466,0.57218,0.23220,-0.78136,-0.09037,-0.43072,0.56486,-0.44931,
1403715555,-0.33112,1.18830,0.48546,0.58944,0.25890,-0.75648,-0.11514,-0.25874,0.11813,-0.49039,
1403715555,-0.34719,1.16710,0.44183,0.60611,0.26854,-0.73837,-0.12384,0.00506,-0.49124,-0.37663,
1403715555,-0.33367,1.08095,0.42345,0.62222,0.25751,-0.73095,-0.11064,0.32892,-1.14294,-0.10157,
1403715555,-0.28488,0.93601,0.42599,0.62380,0.21473,-0.74902,-0.06111,0.65073,-1.64505,0.10811,
1403715555,-0.21086,0.75494,0.44648,0.60379,0.15428,-0.78198,0.01193,0.81897,-1.90573,0.22556,
1403715555,-0.12725,0.55942,0.47131,0.56899,0.09238,-0.81205,0.09101,0.85475,-1.96620,0.12942,
1403715555,-0.04922,0.36793,0.48243,0.53953,0.04545,-0.82702,0.15124,0.76070,-1.83846,0.02812,
1403715555,0.01596,0.19646,0.49382,0.53888,0.03305,-0.82538,0.16513,0.61944,-1.57206,0.15086,
1403715556,0.07068,0.05293,0.51868,0.55296,0.04304,-0.81823,0.15128,0.51649,-1.30378,0.30920,
1403715556,0.12419,-0.06626,0.55386,0.56265,0.05780,-0.81363,0.13452,0.47668,-1.08832,0.42618,
1403715556,0.17960,-0.16895,0.59313,0.55886,0.06643,-0.81629,0.13011,0.47300,-0.93606,0.49030,
1403715556,0.22489,-0.25768,0.64648,0.54728,0.06371,-0.82218,0.14300,0.39945,-0.77313,0.60578,
1403715556,0.26550,-0.32585,0.71015,0.53991,0.06269,-0.82556,0.15169,0.32163,-0.59499,0.65965,
1403715556,0.29337,-0.37495,0.77049,0.52701,0.05409,-0.83114,0.16892,0.22089,-0.42391,0.56696,
1403715556,0.30881,-0.40236,0.82231,0.52494,0.04918,-0.83060,0.17925,0.10423,-0.20849,0.49829,
1403715556,0.31304,-0.40919,0.87065,0.53536,0.04993,-0.82357,0.18063,-0.01393,0.02253,0.49636,
1403715556,0.30556,-0.39523,0.91742,0.54367,0.05699,-0.81849,0.17679,-0.10419,0.23596,0.45682,
1403715556,0.29189,-0.36208,0.95808,0.54895,0.06968,-0.81608,0.16678,-0.16994,0.40955,0.34499,
1403715557,0.27336,-0.31614,0.98569,0.55226,0.09495,-0.81643,0.13936,-0.21914,0.51777,0.18591,
1403715557,0.25011,-0.26032,0.99766,0.54999,0.11415,-0.81868,0.11934,-0.24199,0.58562,0.02462,
1403715557,0.22316,-0.20059,0.99406,0.54169,0.12777,-0.82396,0.10650,-0.30333,0.60162,-0.10009,
1403715557,0.19139,-0.14038,0.98230,0.54469,0.14062,-0.82142,0.09381,-0.35240,0.58168,-0.13984,
1403715557,0.15545,-0.08429,0.96823,0.54827,0.15075,-0.81835,0.08353,-0.38258,0.53548,-0.14787,
1403715557,0.11740,-0.03434,0.95242,0.53737,0.15059,-0.82546,0.08470,-0.41710,0.46088,-0.17411,
1403715557,0.07332,0.00924,0.93748,0.51899,0.14538,-0.83742,0.09082,-0.48569,0.40080,-0.15147,
1403715557,0.02062,0.04842,0.92557,0.50292,0.14028,-0.84750,0.09562,-0.61467,0.35133,-0.12343,
1403715557,-0.04624,0.08385,0.91689,-0.49449,-0.13739,0.85284,-0.09630,-0.75773,0.29949,-0.10481,
1403715557,-0.12854,0.11518,0.90950,0.50007,0.13525,-0.84996,0.09594,-0.91313,0.26606,-0.08312,
1403715558,-0.22500,0.14234,0.90223,0.52022,0.13664,-0.83805,0.09148,-1.02743,0.22752,-0.08908,
1403715558,-0.33103,0.16329,0.89152,0.53861,0.14013,-0.82659,0.08371,-1.10298,0.18048,-0.10240,
1403715558,-0.44263,0.17972,0.87840,0.55155,0.14126,-0.81841,0.07770,-1.12441,0.11857,-0.11887,
1403715558,-0.55618,0.18982,0.86956,0.55371,0.13459,-0.81793,0.07926,-1.13169,0.06904,-0.03051,
1403715558,-0.67012,0.19562,0.87291,0.55321,0.12690,-0.81941,0.08015,-1.14165,0.02677,0.09562,
1403715558,-0.78391,0.19767,0.88838,0.55409,0.12097,-0.81979,0.07937,-1.14924,-0.00204,0.20888,
1403715558,-0.89929,0.19675,0.91396,0.55168,0.11719,-0.82212,0.07763,-1.16821,-0.04063,0.29556,
1403715558,-1.01642,0.19263,0.94342,0.55053,0.11980,-0.82329,0.06903,-1.19142,-0.06460,0.29855,
1403715558,-1.13609,0.18429,0.97148,0.55837,0.12635,-0.81793,0.05699,-1.19693,-0.12318,0.28018,
1403715558,-1.25525,0.16882,0.99761,0.57334,0.12592,-0.80754,0.05756,-1.18084,-0.20369,0.23086,
1403715559,-1.37170,0.14876,1.01444,0.59324,0.11884,-0.79323,0.06881,-1.11420,-0.23254,0.11359,
1403715559,-1.48102,0.12772,1.01940,0.60546,0.11281,-0.78402,0.07757,-1.03842,-0.21995,-0.02762,
1403715559,-1.58155,0.10663,1.01196,0.60875,0.11390,-0.78081,0.08237,-0.94119,-0.23179,-0.11127,
1403715559,-1.67369,0.08492,1.00381,0.60908,0.12627,-0.77841,0.08458,-0.83860,-0.23682,-0.09857,
1403715559,-1.75084,0.06355,0.99636,0.60970,0.14615,-0.77426,0.08611,-0.70288,-0.23400,-0.06607,
1403715559,-1.81284,0.03949,0.99211,0.60903,0.16855,-0.76974,0.09037,-0.55106,-0.26439,-0.03320,
1403715559,-1.86133,0.01268,0.99246,0.60751,0.18861,-0.76449,0.10448,-0.40629,-0.29225,0.00277,
1403715559,-1.89490,-0.01727,0.99465,0.60629,0.21130,-0.75752,0.11804,-0.27159,-0.31383,0.00543,
1403715559,-1.91434,-0.04879,0.99562,0.60307,0.23647,-0.75071,0.12968,-0.12674,-0.32732,-0.01118,
1403715559,-1.92114,-0.08166,0.99335,0.59084,0.26162,-0.75054,0.13842,-0.01129,-0.33923,-0.05808,
1403715560,-1.91529,-0.11743,0.98176,0.56875,0.27523,-0.75983,0.15307,0.07953,-0.37701,-0.18498,
1403715560,-1.90344,-0.15580,0.95901,0.55271,0.28275,-0.76575,0.16788,0.12416,-0.39913,-0.28861,
1403715560,-1.88754,-0.19834,0.92787,0.54665,0.29656,-0.76389,0.17231,0.15180,-0.44572,-0.33119,
1403715560,-1.86842,-0.24504,0.89330,0.54233,0.31255,-0.75923,0.17824,0.20478,-0.49067,-0.33590,
1403715560,-1.84461,-0.29675,0.85891,0.53880,0.33410,-0.75150,0.18251,0.25733,-0.55636,-0.32752,
1403715560,-1.81605,-0.35559,0.82613,0.53420,0.35635,-0.74277,0.18956,0.31873,-0.63227,-0.30674,
1403715560,-1.78114,-0.42368,0.80064,0.52670,0.37636,-0.73519,0.20108,0.39066,-0.72945,-0.20387,
1403715560,-1.74066,-0.50066,0.78858,0.51462,0.38812,-0.73082,0.22457,0.43964,-0.80328,-0.06435,
1403715560,-1.69663,-0.58359,0.78811,0.50219,0.40072,-0.72569,0.24617,0.45548,-0.86201,0.00620,
1403715560,-1.65140,-0.67026,0.79241,-0.49283,-0.41647,0.71736,-0.26281,0.45639,-0.90196,0.01745,
1403715561,-1.60653,-0.76079,0.79471,-0.48483,-0.43193,0.70770,-0.27845,0.45422,-0.93201,0.00382,
1403715561,-1.56052,-0.85468,0.79728,-0.47732,-0.45014,0.69588,-0.29205,0.46168,-0.97133,0.02826,
1403715561,-1.51370,-0.95319,0.80089,-0.47009,-0.47004,0.68199,-0.30491,0.47028,-1.00707,0.03117,
1403715561,-1.46608,-1.05424,0.80420,-0.46483,-0.49313,0.66492,-0.31407,0.49046,-1.03338,0.02799,
1403715561,-1.41493,-1.15755,0.80792,-0.45706,-0.51697,0.64729,-0.32381,0.53779,-1.06556,0.03065,
1403715561,-1.35884,-1.26336,0.81196,-0.44584,-0.53886,0.62965,-0.33823,0.58008,-1.08296,0.03235,
1403715561,-1.29939,-1.37118,0.81401,-0.43007,-0.55702,0.61430,-0.35693,0.61487,-1.10294,0.01014,
1403715561,-1.23745,-1.48226,0.81629,-0.41253,-0.56831,0.60367,-0.37740,0.63047,-1.11654,-0.00182,
1403715561,-1.17646,-1.59547,0.81872,-0.39184,-0.57170,0.59982,-0.39979,0.61206,-1.13251,-0.00358,
1403715561,-1.11823,-1.71042,0.82123,-0.37843,-0.57852,0.59104,-0.41568,0.56229,-1.14372,0.01536,
1403715562,-1.06496,-1.82498,0.82589,0.37791,0.59166,-0.57305,0.42277,0.51577,-1.15005,0.04282,
1403715562,-1.01518,-1.93968,0.83065,0.38158,0.60734,-0.55192,0.42534,0.50689,-1.15473,0.05085,
1403715562,-0.96472,-2.05292,0.83548,0.38475,0.61886,-0.52904,0.43485,0.52371,-1.11899,0.05516,
1403715562,-0.91189,-2.16251,0.84130,0.38278,0.62906,-0.50670,0.44834,0.54780,-1.06343,0.07026,
1403715562,-0.85574,-2.26610,0.84938,0.37916,0.63763,-0.48241,0.46577,0.57440,-0.99249,0.09821,
1403715562,-0.79846,-2.36086,0.85959,0.37644,0.64187,-0.45900,0.48539,0.57645,-0.87352,0.10791,
1403715562,-0.74202,-2.44138,0.87077,0.37890,0.64376,-0.43884,0.49943,0.57153,-0.73010,0.12166,
1403715562,-0.68553,-2.50516,0.88140,0.38286,0.64950,-0.42435,0.50149,0.57095,-0.55800,0.10124,
1403715562,-0.62661,-2.55230,0.89019,0.38416,0.66141,-0.41832,0.48986,0.59734,-0.38293,0.07587,
1403715562,-0.56413,-2.58169,0.89539,0.38092,0.67843,-0.41755,0.46934,0.66978,-0.23842,0.04843,
1403715563,-0.49246,-2.59845,0.90187,0.37939,0.69320,-0.40964,0.45578,0.79379,-0.13344,0.07866,
1403715563,-0.40796,-2.60441,0.90916,0.36858,0.70180,-0.40253,0.45781,0.91010,-0.02183,0.03983,
1403715563,-0.31243,-2.60221,0.91506,0.33854,0.70351,-0.41196,0.46984,1.00198,0.05400,0.04817,
1403715563,-0.21003,-2.59371,0.92097,0.31230,0.70423,-0.41788,0.48156,1.04968,0.10454,0.03931,
1403715563,-0.10428,-2.58231,0.92600,0.29037,0.70748,-0.41494,0.49293,1.05877,0.12032,0.04122,
1403715563,0.00170,-2.57028,0.93120,0.27487,0.71255,-0.40255,0.50464,1.05812,0.11783,0.04884,
1403715563,0.10635,-2.55698,0.93736,0.26843,0.71908,-0.37705,0.51837,1.05611,0.13448,0.06527,
1403715563,0.21130,-2.54123,0.94347,0.25871,0.72485,-0.34416,0.53778,1.05622,0.17439,0.06658,
1403715563,0.31422,-2.51842,0.94827,0.24164,0.73406,-0.30638,0.55579,1.01802,0.26195,0.05634,
1403715563,0.41225,-2.48854,0.95219,0.22052,0.74667,-0.26569,0.56857,0.96775,0.32127,0.02837,
1403715564,0.50548,-2.45146,0.94778,0.20050,0.75854,-0.22470,0.57786,0.91138,0.40585,-0.09200,
1403715564,0.59131,-2.40556,0.93234,0.18306,0.76707,-0.18527,0.58632,0.83443,0.49054,-0.19763,
1403715564,0.65891,-2.35047,0.89786,0.16654,0.77160,-0.14747,0.59595,0.74565,0.59422,-0.30820,
1403715564,0.72501,-2.28485,0.85896,0.13695,0.77296,-0.11830,0.60810,0.66857,0.69923,-0.42125,
1403715564,0.78444,-2.20874,0.81060,0.09927,0.77593,-0.09298,0.61598,0.55505,0.79094,-0.51808,
1403715564,0.83438,-2.12599,0.75540,0.05379,0.78163,-0.07057,0.61740,0.42783,0.83891,-0.53575,
1403715564,0.87181,-2.03974,0.70223,0.01219,0.78477,-0.04447,0.61807,0.29715,0.83746,-0.49837,
1403715564,0.89775,-1.95568,0.65187,-0.02372,0.78809,-0.01310,0.61497,0.18452,0.79127,-0.43737,
1403715564,0.91174,-1.87625,0.61391,-0.05156,0.78935,0.02815,0.61113,0.06875,0.73965,-0.31378,
1403715564,0.91201,-1.80424,0.58733,-0.07763,0.79744,0.07555,0.59359,-0.01941,0.68563,-0.16865,
1403715565,0.90743,-1.73556,0.57609,-0.10213,0.80145,0.12340,0.57622,-0.08942,0.64706,-0.01950,
1403715565,0.89877,-1.67013,0.57859,-0.12472,0.79789,0.17115,0.56438,-0.11871,0.62066,0.12844,
1403715565,0.88779,-1.60700,0.59675,-0.14500,0.78875,0.21793,0.55620,-0.14356,0.61727,0.26362,
1403715565,0.87376,-1.54448,0.62924,-0.16599,0.77538,0.26142,0.55036,-0.15777,0.62916,0.38844,
1403715565,0.85864,-1.48047,0.67516,-0.18795,0.75676,0.30043,0.54930,-0.18534,0.65343,0.52100,
1403715565,0.83782,-1.41495,0.73310,-0.21088,0.73856,0.33700,0.54451,-0.25581,0.67059,0.62923,
1403715565,0.80926,-1.35061,0.79635,-0.24090,0.72253,0.36925,0.53252,-0.32290,0.67078,0.57439,
1403715565,0.77514,-1.28618,0.84941,-0.27139,0.70705,0.39798,0.51772,-0.35934,0.66247,0.45519,
1403715565,0.73982,-1.22796,0.89404,-0.30242,0.68666,0.42151,0.50928,-0.38071,0.63714,0.35317,
1403715565,0.69951,-1.17317,0.92638,-0.33372,0.66370,0.44236,0.50245,-0.40705,0.56865,0.23478,
1403715566,0.65778,-1.12237,0.94857,-0.36033,0.63982,0.46673,0.49291,-0.44133,0.48205,0.19138,
1403715566,0.61196,-1.08073,0.97086,-0.38592,0.61511,0.49450,0.47767,-0.47897,0.37970,0.24526,
1403715566,0.56154,-1.05184,0.99600,-0.40922,0.58852,0.52701,0.45655,-0.51747,0.26130,0.28079,
1403715566,0.50695,-1.03457,1.02397,-0.42987,0.56025,0.56376,0.42837,-0.54105,0.14168,0.31223,
1403715566,0.45025,-1.02884,1.05387,-0.45245,0.52444,0.60020,0.40001,-0.55739,0.04449,0.31237,
1403715566,0.39227,-1.03200,1.08433,-0.47641,0.48538,0.63279,0.37017,-0.55226,-0.05172,0.30178,
1403715566,0.33531,-1.04137,1.11283,-0.49616,0.44454,0.66288,0.34177,-0.52910,-0.12650,0.29007,
1403715566,0.28132,-1.05963,1.14235,0.51495,-0.40318,-0.68909,-0.31215,-0.50324,-0.21666,0.27799,
1403715566,0.23316,-1.08847,1.16958,0.53197,-0.36113,-0.71219,-0.28173,-0.45366,-0.30068,0.24404,
1403715566,0.19181,-1.12329,1.19014,0.54653,-0.31935,-0.73182,-0.25251,-0.41637,-0.36345,0.13873,
1403715567,0.15226,-1.16383,1.19644,0.56150,-0.27898,-0.74578,-0.22517,-0.38631,-0.43251,0.02199,
1403715567,0.11679,-1.21174,1.19126,0.57384,-0.23890,-0.75754,-0.19940,-0.33619,-0.51138,-0.09240,
1403715567,0.08678,-1.26893,1.17922,0.58330,-0.19592,-0.76949,-0.17106,-0.28017,-0.60346,-0.12029,
1403715567,0.06190,-1.33534,1.16767,0.59126,-0.15220,-0.78026,-0.13582,-0.21868,-0.68382,-0.08877,
1403715567,0.04372,-1.40681,1.15881,0.60002,-0.10428,-0.78711,-0.09776,-0.15034,-0.74878,-0.08853,
1403715567,0.03414,-1.48427,1.14926,0.60152,-0.05473,-0.79515,-0.05399,-0.05990,-0.80947,-0.10314,
1403715567,0.03228,-1.56634,1.13996,0.60045,-0.00374,-0.79964,-0.00489,0.01682,-0.83896,-0.07851,
1403715567,0.03972,-1.64843,1.12996,0.59184,0.05224,-0.80327,0.04189,0.08822,-0.83686,-0.10145,
1403715567,0.05086,-1.72930,1.11682,0.57930,0.11349,-0.80278,0.08413,0.13276,-0.82874,-0.13365,
1403715567,0.06843,-1.80936,1.09693,0.56415,0.17754,-0.79724,0.12090,0.17386,-0.81444,-0.25695,
1403715568,0.08699,-1.89045,1.06445,0.54942,0.23785,-0.78588,0.15477,0.19897,-0.81041,-0.40701,
1403715568,0.10841,-1.97653,1.02133,0.53722,0.29110,-0.76848,0.18999,0.23021,-0.82468,-0.49202,
1403715568,0.13544,-2.06397,0.97420,0.52780,0.34062,-0.74418,0.22714,0.26516,-0.83384,-0.51292,
1403715568,0.16787,-2.15370,0.92758,0.51685,0.38712,-0.71673,0.26326,0.30813,-0.83580,-0.50437,
1403715568,0.20973,-2.24592,0.88379,0.50233,0.43370,-0.68767,0.29442,0.36277,-0.83130,-0.47768,
1403715568,0.25704,-2.33012,0.84261,-0.48984,-0.47554,0.65451,-0.32486,0.42942,-0.80561,-0.42933,
1403715568,0.31052,-2.41247,0.80535,-0.47573,-0.51181,0.62017,-0.35652,0.50968,-0.75795,-0.40214,
1403715568,0.37238,-2.48421,0.76978,-0.45599,-0.54630,0.58706,-0.38599,0.58709,-0.69160,-0.40756,
1403715568,0.43989,-2.54819,0.73753,0.43279,0.57760,-0.55480,0.41384,0.64067,-0.61362,-0.37030,
1403715568,0.50890,-2.60766,0.70548,0.40925,0.60712,-0.52129,0.43837,0.68244,-0.53705,-0.32018,
1403715569,0.58225,-2.65044,0.68127,0.38436,0.63561,-0.48611,0.46039,0.72618,-0.43307,-0.25474,
1403715569,0.65570,-2.68109,0.66305,0.35980,0.66337,-0.44857,0.47881,0.75045,-0.32006,-0.20240,
1403715569,0.73171,-2.70320,0.64911,0.33189,0.68798,-0.41161,0.49710,0.77868,-0.21937,-0.14868,
1403715569,0.81030,-2.71469,0.63946,0.30353,0.71161,-0.37463,0.51101,0.78906,-0.12552,-0.11796,
1403715569,0.88988,-2.71689,0.62969,0.27363,0.73321,-0.34141,0.52054,0.78535,-0.03673,-0.12435,
1403715569,0.96868,-2.71478,0.61848,0.24647,0.75221,-0.31004,0.52660,0.78699,0.03014,-0.13204,
1403715569,1.04703,-2.70744,0.60645,0.21876,0.76749,-0.27981,0.53368,0.79509,0.08452,-0.13616,
1403715569,1.12925,-2.69868,0.59431,0.19297,0.77613,-0.25364,0.54411,0.79832,0.10570,-0.09464,
1403715569,1.20950,-2.68648,0.58581,0.17680,0.77527,-0.22706,0.56226,0.77929,0.13663,-0.08262,
1403715569,1.28526,-2.66921,0.57927,0.16320,0.77361,-0.20248,0.57784,0.74364,0.19130,-0.05784,
1403715570,1.35845,-2.64613,0.57350,0.15229,0.77633,-0.17617,0.58573,0.68974,0.26074,-0.04098,
1403715570,1.42435,-2.61478,0.56797,0.13888,0.78256,-0.14949,0.58819,0.62875,0.34341,-0.05609,
1403715570,1.47845,-2.57150,0.56263,0.11901,0.79054,-0.12297,0.58802,0.55905,0.44085,-0.03961,
1403715570,1.52874,-2.52284,0.56002,0.09208,0.79724,-0.09459,0.58906,0.50024,0.51803,-0.01770,
1403715570,1.57565,-2.46744,0.55916,0.06780,0.79797,-0.06105,0.59575,0.43502,0.58927,-0.00309,
1403715570,1.61788,-2.40621,0.55799,0.04218,0.79756,-0.02669,0.60117,0.36800,0.64009,-0.01591,
1403715570,1.65263,-2.33957,0.55548,0.01566,0.79651,0.00911,0.60435,0.30124,0.68743,-0.02738,
1403715570,1.67810,-2.26765,0.55216,-0.01233,0.79451,0.04615,0.60537,0.20608,0.73206,-0.02939,
1403715570,1.69438,-2.19153,0.54710,-0.04134,0.78887,0.08521,0.60722,0.10402,0.76853,-0.05423,
1403715570,1.69977,-2.11316,0.53960,-0.07300,0.78098,0.12497,0.60756,-0.00047,0.79673,-0.06695,
1403715571,1.69553,-2.03127,0.53152,-0.10371,0.77053,0.16687,0.60637,-0.13076,0.80626,-0.09876,
1403715571,1.67473,-1.95063,0.51984,-0.13447,0.76222,0.20948,0.59755,-0.26663,0.79503,-0.14927,
1403715571,1.64402,-1.86950,0.50473,-0.16511,0.75520,0.25196,0.58217,-0.38037,0.79352,-0.14449,
1403715571,1.60307,-1.78793,0.48995,-0.19544,0.74380,0.29469,0.56720,-0.46943,0.78890,-0.14870,
1403715571,1.55216,-1.70925,0.47394,-0.22364,0.73199,0.33459,0.54975,-0.55073,0.76632,-0.16839,
1403715571,1.49378,-1.63285,0.45806,-0.24909,0.72172,0.36586,0.53219,-0.59913,0.74820,-0.17428,
1403715571,1.43382,-1.55807,0.44082,-0.27247,0.71267,0.38310,0.52067,-0.62026,0.71894,-0.16431,
1403715571,1.37100,-1.48857,0.42827,-0.29109,0.69786,0.39159,0.52433,-0.63905,0.66722,-0.12207,
1403715571,1.30545,-1.42645,0.41750,-0.30074,0.68475,0.39628,0.53258,-0.67902,0.57962,-0.11704,
1403715571,1.23351,-1.37539,0.40789,-0.30037,0.68489,0.40237,0.52801,-0.72228,0.50128,-0.12875,
1403715572,1.16105,-1.32927,0.39354,-0.30053,0.69584,0.40481,0.51149,-0.75781,0.43639,-0.17325,
1403715572,1.08544,-1.28698,0.37194,-0.31179,0.71604,0.39697,0.48217,-0.75053,0.41373,-0.28650,
1403715572,1.01520,-1.24832,0.33845,-0.32760,0.74149,0.38290,0.44301,-0.65459,0.38485,-0.40558,
1403715572,0.96000,-1.21667,0.30011,-0.33458,0.76365,0.37372,0.40649,-0.45518,0.37275,-0.40217,
1403715572,0.93274,-1.19321,0.26382,-0.33236,0.78080,0.37055,0.37760,-0.17392,0.37329,-0.37254,
1403715572,0.93972,-1.18117,0.23189,-0.31858,0.79027,0.37874,0.36132,0.17027,0.39432,-0.31515,
1403715572,0.97211,-1.14330,0.20218,-0.29069,0.78531,0.40310,0.36919,0.46435,0.50428,-0.25546,
1403715572,1.02907,-1.08630,0.17837,-0.27131,0.75962,0.43262,0.40276,0.64660,0.68247,-0.20210,
1403715572,1.09774,-1.01068,0.15823,-0.26688,0.71713,0.46104,0.44939,0.68379,0.84149,-0.21569,
1403715572,1.16427,-0.92393,0.13650,-0.27819,0.67562,0.48104,0.48452,0.60471,0.91692,-0.26088,
1403715573,1.22131,-0.83237,0.11184,-0.29900,0.64873,0.49534,0.49436,0.49134,0.94714,-0.27373,
1403715573,1.26657,-0.73848,0.08763,-0.31877,0.62756,0.51210,0.49225,0.35113,0.94365,-0.26532,
1403715573,1.29756,-0.64580,0.06622,-0.33364,0.61042,0.53365,0.48093,0.21876,0.92872,-0.22013,
1403715573,1.31347,-0.55428,0.05320,-0.35195,0.59832,0.55270,0.46116,0.08079,0.91002,-0.07796,
1403715573,1.31785,-0.46363,0.05225,-0.37491,0.58379,0.56764,0.44319,-0.01467,0.89760,0.04672,
1403715573,1.31242,-0.37447,0.06387,-0.39725,0.56599,0.58225,0.42759,-0.10038,0.86908,0.17822,
1403715573,1.29926,-0.29095,0.08783,-0.41902,0.54882,0.59685,0.40865,-0.15223,0.81849,0.25688,
1403715573,1.27990,-0.21266,0.11387,-0.43616,0.53084,0.61373,0.38898,-0.18961,0.76365,0.24118,
1403715573,1.25890,-0.13923,0.13728,-0.45059,0.51359,0.63162,0.36639,-0.19854,0.72424,0.21175,
1403715573,1.23687,-0.06933,0.15887,-0.46573,0.49828,0.64761,0.33973,-0.19362,0.70814,0.18010,
1403715574,1.21871,-0.00178,0.18004,-0.48045,0.48326,0.66188,0.31231,-0.16170,0.69613,0.19542,
1403715574,1.20359,0.06480,0.20206,-0.48717,0.46134,0.68020,0.29522,-0.12346,0.70234,0.19873,
1403715574,1.19061,0.13476,0.22124,-0.48450,0.43538,0.70394,0.28317,-0.11797,0.72089,0.18493,
1403715574,1.17686,0.20893,0.23865,-0.47970,0.40776,0.72863,0.26966,-0.14580,0.74034,0.18419,
1403715574,1.15959,0.28265,0.25771,-0.48023,0.38050,0.75005,0.24905,-0.20434,0.76915,0.18499,
1403715574,1.13690,0.35854,0.27645,-0.48357,0.35152,0.77008,0.22264,-0.27603,0.81248,0.19910,
1403715574,1.10683,0.44148,0.29691,-0.49333,0.31889,0.78516,0.19612,-0.35392,0.86943,0.22477,
1403715574,1.07069,0.53063,0.31931,0.51028,-0.27790,-0.79392,-0.17908,-0.40656,0.91729,0.23404,
1403715574,1.02952,0.62442,0.34318,0.52697,-0.23055,-0.79883,-0.17609,-0.45542,0.91925,0.22871,
1403715574,0.98288,0.71398,0.36318,0.53500,-0.19007,-0.80355,-0.17879,-0.49229,0.86855,0.17111,
1403715575,0.93052,0.79538,0.37719,0.53806,-0.16321,-0.80754,-0.17813,-0.55512,0.76738,0.12991,
1403715575,0.87219,0.86711,0.38619,0.53527,-0.14329,-0.81420,-0.17330,-0.61981,0.65087,0.10041,
1403715575,0.80348,0.93440,0.39554,0.53435,-0.12974,-0.81952,-0.16134,-0.70291,0.53306,0.07254,
1403715575,0.72641,0.99036,0.40673,0.53727,-0.12979,-0.82170,-0.13891,-0.78931,0.43374,0.08908,
1403715575,0.64213,1.03934,0.42177,0.54608,-0.13319,-0.81811,-0.12145,-0.84377,0.37932,0.13630,
1403715575,0.55402,1.08290,0.44199,0.55691,-0.13420,-0.81156,-0.11494,-0.86678,0.35484,0.17924,
1403715575,0.46687,1.11801,0.46379,0.57222,-0.13244,-0.80061,-0.11851,-0.85922,0.30785,0.22775,
1403715575,0.38217,1.14579,0.48758,0.59142,-0.12914,-0.78541,-0.12914,-0.81239,0.23397,0.21587,
1403715575,0.30478,1.16331,0.50582,0.58918,-0.13246,-0.78530,-0.13648,-0.74347,0.13477,0.14318,
1403715575,0.23304,1.17261,0.52231,0.57563,-0.14095,-0.79356,-0.13800,-0.69729,0.04698,0.16764,
1403715576,0.16070,1.17454,0.54378,0.56788,-0.14068,-0.79644,-0.15295,-0.68705,-0.03106,0.23623,
1403715576,0.08654,1.16577,0.56894,0.56825,-0.13301,-0.79265,-0.17638,-0.69803,-0.16326,0.24925,
1403715576,0.01100,1.14145,0.59290,0.56710,-0.12804,-0.79009,-0.19434,-0.72276,-0.34003,0.22223,
1403715576,-0.06556,1.09801,0.61313,0.56271,-0.13223,-0.79161,-0.19806,-0.74430,-0.52514,0.19840,
1403715576,-0.14251,1.03697,0.63097,0.56251,-0.14472,-0.79237,-0.18654,-0.75948,-0.68922,0.16927,
1403715576,-0.22162,0.96250,0.64802,0.56361,-0.15992,-0.79268,-0.16861,-0.77268,-0.80909,0.16547,
1403715576,-0.30090,0.87775,0.66521,0.56640,-0.16960,-0.79112,-0.15668,-0.77455,-0.88407,0.14206,
1403715576,-0.37909,0.78760,0.68096,0.56878,-0.17540,-0.78984,-0.14791,-0.76688,-0.92590,0.15481,
1403715576,-0.45586,0.69362,0.70037,0.57693,-0.17361,-0.78419,-0.14852,-0.74529,-0.96452,0.19264,
1403715576,-0.52745,0.59396,0.72280,0.59313,-0.16951,-0.77253,-0.15055,-0.69351,-1.02138,0.22805,
1403715577,-0.59036,0.48828,0.74653,0.60660,-0.16650,-0.76167,-0.15551,-0.59552,-1.09136,0.23962,
1403715577,-0.64172,0.37527,0.76986,0.61364,-0.16601,-0.75451,-0.16308,-0.47122,-1.18456,0.21831,
1403715577,-0.67979,0.25360,0.79182,0.60930,-0.17194,-0.75532,-0.16937,-0.34772,-1.28020,0.22105,
1403715577,-0.70432,0.12338,0.81166,0.59370,-0.18409,-0.76422,-0.17205,-0.23751,-1.36952,0.21191,
1403715577,-0.72251,-0.01513,0.83312,0.57716,-0.19656,-0.77344,-0.17335,-0.18104,-1.43705,0.22170,
1403715577,-0.73619,-0.15847,0.85552,0.57083,-0.21403,-0.77459,-0.16838,-0.13951,-1.47709,0.21732,
1403715577,-0.74732,-0.30408,0.87603,0.56780,-0.23540,-0.77198,-0.16201,-0.10653,-1.47795,0.17438,
1403715577,-0.75482,-0.44885,0.88581,0.56699,-0.25183,-0.76780,-0.15995,-0.07792,-1.45323,-0.00426,
1403715577,-0.75731,-0.59075,0.87386,0.56531,-0.25784,-0.76565,-0.16649,-0.04579,-1.43243,-0.21853,
1403715577,-0.75714,-0.73077,0.84692,0.56297,-0.25908,-0.76522,-0.17432,-0.00071,-1.43039,-0.28901,
1403715578,-0.75274,-0.86777,0.81826,0.56152,-0.25968,-0.76509,-0.17861,0.03343,-1.41839,-0.24178,
1403715578,-0.74382,-1.00438,0.80010,0.56053,-0.26141,-0.76510,-0.17916,0.07706,-1.40678,-0.09279,
1403715578,-0.73208,-1.14040,0.79610,0.56048,-0.26626,-0.76490,-0.17289,0.11082,-1.38535,0.01794,
1403715578,-0.71718,-1.27394,0.79406,0.56246,-0.27689,-0.76133,-0.16535,0.16571,-1.33554,-0.06772,
1403715578,-0.69694,-1.40118,0.78032,0.56148,-0.29250,-0.75708,-0.16130,0.23084,-1.28312,-0.23182,
1403715578,-0.66942,-1.52367,0.75016,0.55576,-0.31549,-0.75300,-0.15680,0.29563,-1.20827,-0.38051,
1403715578,-0.63468,-1.63948,0.70699,0.54229,-0.35045,-0.75012,-0.14293,0.37589,-1.10577,-0.50067,
1403715578,-0.59303,-1.73709,0.65920,0.53145,-0.37998,-0.74235,-0.14860,0.44928,-0.89359,-0.46422,
1403715578,-0.54267,-1.81378,0.61336,0.52274,-0.40130,-0.73199,-0.17288,0.56017,-0.73285,-0.46307,
1403715578,-0.48356,-1.87255,0.56775,0.50862,-0.42000,-0.72381,-0.20248,0.61696,-0.58135,-0.45998,
1403715579,-0.42054,-1.92169,0.52055,-0.47935,0.43702,0.72529,0.23063,0.64572,-0.46424,-0.49736,
1403715579,-0.35941,-1.96103,0.46989,-0.43806,0.45375,0.73629,0.24514,0.59212,-0.32794,-0.49139,
1403715579,-0.30722,-1.98639,0.42037,-0.40557,0.46874,0.74360,0.25071,0.47954,-0.14203,-0.46217,
1403715579,-0.26790,-1.98572,0.37484,-0.39148,0.47922,0.74336,0.25400,0.33498,0.08552,-0.41989,
1403715579,-0.24294,-1.96439,0.33348,-0.39317,0.47476,0.73898,0.27189,0.17492,0.32570,-0.33920,
1403715579,-0.22975,-1.92712,0.29885,-0.40178,0.45648,0.73371,0.30310,0.01712,0.47878,-0.24563,
1403715579,-0.23691,-1.87541,0.27944,-0.40812,0.42985,0.72974,0.34079,-0.19507,0.54594,-0.10896,
1403715579,-0.26869,-1.82121,0.27327,-0.41743,0.40499,0.72295,0.37292,-0.42727,0.51318,-0.04720,
1403715579,-0.32374,-1.77409,0.26919,-0.42321,0.39759,0.71803,0.38373,-0.63887,0.43437,-0.07731,
1403715579,-0.39891,-1.73458,0.26256,-0.42534,0.40247,0.71629,0.37950,-0.84496,0.34633,-0.09506,
1403715580,-0.49265,-1.70152,0.25403,-0.42805,0.41785,0.71562,0.36065,-1.02641,0.28649,-0.08048,
1403715580,-0.60307,-1.67305,0.24869,-0.43525,0.42266,0.71284,0.35180,-1.17897,0.27293,-0.03259,
1403715580,-0.72730,-1.64751,0.24778,-0.44813,0.42383,0.70699,0.34600,-1.29186,0.23867,0.03333,
1403715580,-0.86247,-1.62534,0.25736,-0.45333,0.41859,0.70501,0.34962,-1.39256,0.19134,0.15110,
1403715580,-1.00676,-1.60897,0.27575,-0.45770,0.42255,0.69974,0.34975,-1.47244,0.13519,0.19230,
1403715580,-1.15727,-1.59722,0.29182,-0.46189,0.43717,0.68796,0.34963,-1.51771,0.09876,0.10812,
1403715580,-1.31017,-1.58965,0.29539,-0.46175,0.45705,0.67282,0.35384,-1.53864,0.05722,-0.03224,
1403715580,-1.46437,-1.58386,0.28824,-0.45737,0.47938,0.65610,0.36131,-1.55482,0.02284,-0.10475,
1403715580,-1.61940,-1.58396,0.27720,-0.45521,0.50563,0.63440,0.36697,-1.54443,-0.01485,-0.10235,
1403715580,-1.77174,-1.58930,0.26826,-0.45225,0.53343,0.61084,0.37122,-1.51061,-0.05384,-0.06952,
1403715581,-1.92073,-1.59747,0.26015,-0.44860,0.55837,0.59054,0.37182,-1.46513,-0.08191,-0.06220,
1403715581,-2.06300,-1.60707,0.25178,-0.44697,0.58172,0.57431,0.36329,-1.37556,-0.09811,-0.07501,
1403715581,-2.19445,-1.61816,0.24374,-0.44640,0.60207,0.56095,0.35154,-1.24435,-0.07999,-0.05818,
1403715581,-2.31056,-1.62521,0.23751,-0.45017,0.62024,0.54720,0.33648,-1.07075,-0.04968,-0.04788,
1403715581,-2.40615,-1.62696,0.23352,-0.45544,0.63834,0.53478,0.31481,-0.83558,0.00513,-0.01270,
1403715581,-2.47585,-1.62448,0.23354,-0.44655,0.64594,0.53747,0.30739,-0.56145,0.07568,0.01541,
1403715581,-2.51928,-1.61445,0.23698,-0.43205,0.64705,0.54615,0.31046,-0.30386,0.19079,0.07541,
1403715581,-2.54076,-1.59308,0.24509,-0.42334,0.63930,0.55249,0.32685,-0.11621,0.29323,0.09095,
1403715581,-2.54570,-1.56253,0.25380,-0.42792,0.62953,0.55501,0.33548,0.03370,0.37430,0.09598,
1403715581,-2.53567,-1.52429,0.26057,-0.43112,0.61307,0.56702,0.34173,0.16858,0.42461,0.07907,
1403715582,-2.51427,-1.47962,0.26329,-0.42949,0.58353,0.58984,0.35653,0.23998,0.48263,-0.01631,
1403715582,-2.48940,-1.42944,0.25295,-0.42926,0.55071,0.61530,0.36586,0.24991,0.51625,-0.14879,
1403715582,-2.46534,-1.37660,0.23336,-0.42938,0.51601,0.64289,0.36886,0.22137,0.53129,-0.18541,
1403715582,-2.44615,-1.32239,0.21726,-0.43191,0.47986,0.66962,0.36714,0.13622,0.52601,-0.09412,
1403715582,-2.43869,-1.26977,0.21157,-0.44619,0.45549,0.68666,0.34921,0.02913,0.50737,0.00719,
1403715582,-2.44195,-1.21996,0.22012,-0.47414,0.43252,0.69098,0.33265,-0.04558,0.47658,0.13348,
1403715582,-2.45050,-1.17583,0.23512,0.50046,-0.40877,-0.69116,-0.32364,-0.06713,0.40747,0.12667,
1403715582,-2.45854,-1.14021,0.24118,0.51491,-0.39301,-0.69349,-0.31541,-0.06088,0.33075,-0.03042,
1403715582,-2.46531,-1.11132,0.23210,0.50920,-0.38827,-0.70492,-0.30503,-0.05188,0.27006,-0.13322,
1403715582,-2.47274,-1.08790,0.22025,-0.49733,0.38863,0.71675,0.29647,-0.07282,0.22186,-0.12938,
1403715583,-2.48438,-1.06690,0.21434,-0.48472,0.39277,0.72602,0.28926,-0.11918,0.20662,-0.01856,
1403715583,-2.50215,-1.04609,0.22168,-0.47516,0.39803,0.73086,0.28572,-0.18559,0.21170,0.10416,
1403715583,-2.52579,-1.02618,0.23408,-0.46788,0.40492,0.73223,0.28455,-0.24667,0.23506,0.09361,
1403715583,-2.55445,-1.00373,0.23831,-0.45778,0.41388,0.73440,0.28249,-0.29957,0.25437,-0.03274,
1403715583,-2.59159,-0.97673,0.22859,-0.44469,0.42326,0.73809,0.27986,-0.37745,0.30592,-0.17410,
1403715583,-2.63505,-0.94135,0.20776,-0.43527,0.43106,0.73983,0.27817,-0.47217,0.38901,-0.27714,
1403715583,-2.69032,-0.89344,0.18413,-0.44401,0.43286,0.73114,0.28447,-0.57815,0.50547,-0.24516,
1403715583,-2.75352,-0.83842,0.16218,-0.47060,0.42985,0.71150,0.29585,-0.63262,0.54620,-0.22390,
1403715583,-2.81837,-0.78164,0.14075,0.50047,-0.42603,-0.68940,-0.30458,-0.63104,0.54046,-0.23939,
1403715583,-2.88187,-0.72777,0.11717,0.52683,-0.42124,-0.66961,-0.31087,-0.60298,0.49183,-0.25841,
1403715584,-2.93860,-0.68313,0.09219,0.54893,-0.41281,-0.65310,-0.31896,-0.51606,0.38741,-0.24528,
1403715584,-2.98547,-0.65181,0.07054,0.57814,-0.39602,-0.62968,-0.33529,-0.38675,0.21596,-0.22864,
1403715584,-3.01743,-0.64303,0.04766,0.60413,-0.37678,-0.60721,-0.35265,-0.22760,-0.04003,-0.23131,
1403715584,-3.02982,-0.66539,0.02900,0.62191,-0.36298,-0.59160,-0.36260,-0.03188,-0.39468,-0.13146,
1403715584,-3.01902,-0.72716,0.02572,0.62718,-0.36392,-0.58897,-0.35683,0.21042,-0.79184,0.04433,
1403715584,-2.98239,-0.82659,0.04103,0.62282,-0.37652,-0.59667,-0.33809,0.47917,-1.14710,0.23094,
1403715584,-2.92010,-0.95535,0.07328,0.60431,-0.39714,-0.61622,-0.31202,0.72502,-1.41565,0.39340,
1403715584,-2.83531,-1.10476,0.11859,0.57237,-0.42044,-0.64488,-0.28241,0.93578,-1.55525,0.47563,
1403715584,-2.73382,-1.26086,0.16138,0.53864,-0.43785,-0.67226,-0.25734,1.04725,-1.55864,0.34724,
1403715584,-2.62256,-1.41372,0.18585,0.51201,-0.44577,-0.69207,-0.24530,1.13405,-1.51044,0.15441,
1403715585,-2.50666,-1.55958,0.19809,-0.49650,0.44864,0.70315,0.24037,1.17484,-1.39696,0.12002,
1403715585,-2.38317,-1.69049,0.20824,-0.48391,0.44588,0.71256,0.24349,1.20709,-1.25842,0.13048,
1403715585,-2.25978,-1.80848,0.22108,-0.46683,0.43662,0.72536,0.25552,1.18355,-1.11064,0.16038,
1403715585,-2.14055,-1.91227,0.23641,-0.45604,0.43065,0.73244,0.26474,1.11834,-0.99404,0.18440,
1403715585,-2.03161,-2.00624,0.25256,-0.43962,0.42552,0.74253,0.27260,1.02223,-0.88471,0.17350,
1403715585,-1.93695,-2.09170,0.26578,-0.42034,0.42883,0.75256,0.27033,0.88284,-0.77790,0.13710,
1403715585,-1.85864,-2.16203,0.27995,-0.40582,0.43704,0.75856,0.26249,0.70816,-0.62721,0.15012,
1403715585,-1.79621,-2.21277,0.29722,-0.40454,0.43935,0.75872,0.26012,0.52932,-0.42159,0.19871,
1403715585,-1.74985,-2.24611,0.31845,-0.41789,0.43297,0.75246,0.26779,0.36794,-0.25258,0.22567,
1403715585,-1.71491,-2.26727,0.33985,-0.43133,0.42491,0.74647,0.27603,0.24270,-0.14391,0.21803,
1403715586,-1.69110,-2.28027,0.36138,-0.44521,0.41474,0.74020,0.28615,0.12918,-0.06990,0.20234,
1403715586,-1.68203,-2.28429,0.37930,-0.45430,0.40757,0.73626,0.29228,0.03217,-0.02328,0.14293,
1403715586,-1.68047,-2.28592,0.38724,-0.45622,0.40545,0.73610,0.29265,-0.05505,0.00523,0.01185,
1403715586,-1.69164,-2.28286,0.37602,-0.45980,0.41021,0.73419,0.28508,-0.11863,0.02655,-0.24502,
1403715586,-1.70693,-2.27680,0.34627,-0.46834,0.42322,0.72804,0.26739,-0.17117,0.07921,-0.33352,
1403715586,-1.72554,-2.26287,0.31717,-0.48353,0.43884,0.71589,0.24722,-0.17825,0.18177,-0.22906,
1403715586,-1.74205,-2.23793,0.30335,0.50683,-0.43828,-0.69873,-0.25063,-0.12101,0.27208,-0.06967,
1403715586,-1.75141,-2.20851,0.30211,0.51711,-0.42478,-0.69179,-0.27127,-0.03780,0.28281,0.00787,
1403715586,-1.75165,-2.17842,0.30343,0.51662,-0.40582,-0.69265,-0.29774,0.00149,0.26170,0.00594,
1403715586,-1.75484,-2.15515,0.30406,0.51762,-0.39026,-0.69139,-0.31898,-0.00641,0.18513,-0.01584,
1403715587,-1.75545,-2.14026,0.30399,0.52067,-0.38263,-0.68914,-0.32799,-0.00645,0.06995,-0.01893,
1403715587,-1.75671,-2.13727,0.30454,0.52078,-0.38220,-0.68897,-0.32869,-0.01114,-0.04931,-0.03000,
1403715587,-1.75479,-2.14456,0.30357,0.51695,-0.39112,-0.69230,-0.31703,0.00042,-0.15839,-0.04630,
1403715587,-1.76055,-2.16758,0.30329,0.50535,-0.40755,-0.69956,-0.29858,-0.00255,-0.22900,-0.02717,
1403715587,-1.76190,-2.19129,0.30585,-0.49354,0.41903,0.70634,0.28621,-0.00513,-0.23578,0.00867,
1403715587,-1.76307,-2.21400,0.31013,-0.48913,0.42438,0.70795,0.28188,-0.00884,-0.21331,0.03275,
1403715587,-1.76454,-2.23376,0.31803,-0.49209,0.42145,0.70532,0.28767,-0.01446,-0.19114,0.09087,
1403715587,-1.76667,-2.25263,0.33122,-0.49978,0.41196,0.70104,0.29841,-0.02911,-0.19275,0.14064,
1403715587,-1.76984,-2.27438,0.34603,0.50759,-0.40747,-0.69804,-0.29845,-0.04110,-0.23469,0.13079,
1403715587,-1.77252,-2.29852,0.36174,0.51704,-0.41114,-0.69351,-0.28754,-0.01586,-0.26174,0.12820,
1403715588,-1.77016,-2.32472,0.37747,0.52136,-0.42290,-0.68825,-0.27504,0.05490,-0.27515,0.14214,
1403715588,-1.75962,-2.35176,0.39405,0.52083,-0.44193,-0.68024,-0.26590,0.15265,-0.26750,0.14787,
1403715588,-1.73772,-2.37674,0.41077,0.51216,-0.46348,-0.67232,-0.26621,0.27729,-0.23140,0.15734,
1403715588,-1.70461,-2.39737,0.42907,0.50254,-0.48640,-0.65813,-0.27880,0.38984,-0.18226,0.18360,
1403715588,-1.65919,-2.41342,0.44857,-0.49002,0.50576,0.64040,0.30656,0.50020,-0.14983,0.20462,
1403715588,-1.60482,-2.42839,0.46738,-0.47848,0.52177,0.61838,0.34120,0.57625,-0.15580,0.17721,
1403715588,-1.54394,-2.44643,0.47692,-0.46665,0.53728,0.59422,0.37479,0.62895,-0.20262,0.01830,
1403715588,-1.48044,-2.46963,0.46520,-0.45488,0.55516,0.56783,0.40305,0.64702,-0.26988,-0.22785,
1403715588,-1.41663,-2.49950,0.43192,-0.44165,0.57662,0.54172,0.42307,0.65980,-0.36413,-0.34495,
1403715588,-1.35310,-2.53851,0.39233,-0.42558,0.59607,0.51841,0.44140,0.67262,-0.46741,-0.34668,
1403715589,-1.28566,-2.58860,0.35629,-0.40862,0.61594,0.49686,0.45473,0.69052,-0.56439,-0.33183,
1403715589,-1.21704,-2.64663,0.32043,-0.38863,0.63831,0.47830,0.46124,0.69697,-0.65103,-0.34770,
1403715589,-1.14612,-2.71120,0.28394,-0.36301,0.66205,0.46424,0.46304,0.70550,-0.70604,-0.34948,
1403715589,-1.07349,-2.77854,0.24527,-0.32954,0.68745,0.45453,0.46067,0.72005,-0.71531,-0.36923,
1403715589,-0.99967,-2.84439,0.20536,-0.29312,0.71343,0.44609,0.45399,0.73462,-0.66211,-0.37826,
1403715589,-0.92480,-2.90076,0.16848,-0.26211,0.73651,0.43360,0.44815,0.75377,-0.53693,-0.29640,
1403715589,-0.84612,-2.94235,0.14372,-0.24106,0.75286,0.41740,0.44819,0.80234,-0.35605,-0.15251,
1403715589,-0.76101,-2.96255,0.13493,-0.22554,0.76447,0.40129,0.45132,0.85072,-0.17740,-0.00975,
1403715589,-0.67012,-2.96735,0.13786,-0.20921,0.77810,0.38607,0.44915,0.92050,-0.00932,0.11705,
1403715589,-0.57156,-2.95642,0.14866,-0.19568,0.79215,0.36864,0.44533,1.00261,0.16687,0.14058,
1403715590,-0.46459,-2.92919,0.16190,-0.18138,0.80284,0.35521,0.44315,1.10580,0.34763,0.17447,
1403715590,-0.34850,-2.88206,0.18564,-0.17297,0.80887,0.34543,0.44328,1.23539,0.57093,0.32805,
1403715590,-0.21826,-2.81315,0.22686,-0.17366,0.80293,0.33784,0.45935,1.37136,0.80066,0.53743,
1403715590,-0.07693,-2.72566,0.28734,-0.18609,0.78113,0.32892,0.49700,1.43378,0.94209,0.65191,
1403715590,0.06703,-2.62740,0.35016,-0.20116,0.76369,0.32001,0.52336,1.41150,0.99992,0.58876,
1403715590,0.20678,-2.52692,0.40581,-0.21062,0.75337,0.31624,0.53672,1.37518,1.01571,0.52531,
1403715590,0.34228,-2.42679,0.45661,-0.21093,0.74958,0.31915,0.54017,1.31353,1.00968,0.48220,
1403715590,0.47189,-2.32556,0.50137,-0.20826,0.74965,0.32915,0.53509,1.24595,1.01646,0.44377,
1403715590,0.59395,-2.22125,0.54455,-0.20421,0.74378,0.34874,0.53242,1.17542,1.06640,0.43045,
1403715590,0.70764,-2.11052,0.58635,-0.20367,0.73210,0.37528,0.53077,1.08882,1.15220,0.40341,
1403715591,0.81034,-1.99045,0.62318,-0.20844,0.71749,0.40542,0.52669,0.97545,1.24145,0.37036,
1403715591,0.90156,-1.86284,0.65812,-0.22230,0.70654,0.43372,0.51310,0.84878,1.32047,0.33176,
1403715591,0.97852,-1.72781,0.69116,-0.25213,0.69955,0.45360,0.49123,0.73766,1.40406,0.33215,
1403715591,1.04623,-1.58656,0.72786,-0.28635,0.68373,0.47198,0.47722,0.65834,1.45266,0.36306,
1403715591,1.10981,-1.44082,0.76588,-0.31584,0.66163,0.49543,0.46587,0.59299,1.47072,0.35428,
1403715591,1.16447,-1.29654,0.80188,-0.33705,0.63943,0.52476,0.44961,0.52252,1.47283,0.33316,
1403715591,1.21037,-1.15313,0.83640,-0.35331,0.61285,0.55828,0.43348,0.46493,1.47496,0.30582,
1403715591,1.24768,-1.00902,0.86756,-0.36414,0.58106,0.59459,0.41981,0.37219,1.47159,0.27786,
1403715591,1.27595,-0.86159,0.89545,-0.37604,0.54729,0.62776,0.40619,0.24938,1.49014,0.26494,
1403715591,1.29477,-0.71125,0.92177,-0.39100,0.51425,0.65631,0.38977,0.12453,1.49196,0.23325,
1403715592,1.30050,-0.56272,0.94031,-0.40672,0.48522,0.68116,0.36763,0.00153,1.48076,0.10473,
1403715592,1.29587,-0.41228,0.94750,-0.42529,0.45868,0.70105,0.34244,-0.10495,1.49086,-0.00572,
1403715592,1.28214,-0.26001,0.94370,-0.44142,0.42739,0.71797,0.32712,-0.19456,1.48542,-0.12522,
1403715592,1.25844,-0.10574,0.92794,-0.45387,0.39803,0.73360,0.31208,-0.29488,1.46438,-0.24613,
1403715592,1.22311,0.04629,0.90112,-0.46335,0.36637,0.74909,0.29992,-0.40560,1.43355,-0.36406,
1403715592,1.17588,0.19373,0.86184,-0.46877,0.33059,0.76546,0.29160,-0.53240,1.37656,-0.46132,
1403715592,1.11533,0.33212,0.81854,-0.47985,0.29300,0.77777,0.28101,-0.69722,1.28551,-0.39052,
1403715592,1.03791,0.45570,0.78709,-0.49852,0.25291,0.78443,0.26868,-0.84889,1.13429,-0.25209,
1403715592,0.94744,0.56287,0.76873,0.51281,-0.21327,-0.79205,-0.25335,-0.98708,0.95133,-0.13196,
1403715592,0.84446,0.65117,0.76102,0.52150,-0.17448,-0.80117,-0.23603,-1.09691,0.75539,-0.03850,
1403715593,0.72877,0.72300,0.75593,0.53017,-0.13456,-0.80778,-0.21977,-1.17885,0.55590,-0.02599,
1403715593,0.60343,0.77059,0.74981,0.53776,-0.09426,-0.81259,-0.20402,-1.27590,0.33724,-0.05912,
1403715593,0.47046,0.79106,0.74623,0.54412,-0.05618,-0.81699,-0.18251,-1.34341,0.07854,-0.04061,
1403715593,0.33332,0.78635,0.74332,0.55103,-0.03523,-0.82218,-0.13840,-1.38796,-0.14632,-0.04100,
1403715593,0.19419,0.76223,0.74307,0.55637,-0.02260,-0.82654,-0.08231,-1.41230,-0.30163,-0.03338,
1403715593,0.05311,0.72614,0.74309,0.56240,-0.00544,-0.82631,-0.02959,-1.41269,-0.38087,-0.02930,
1403715593,-0.09023,0.68627,0.74254,0.56640,0.02347,-0.82373,0.01020,-1.40153,-0.40369,-0.02484,
1403715593,-0.23166,0.64538,0.73976,0.56960,0.05857,-0.81893,0.03854,-1.38489,-0.41002,-0.02268,
1403715593,-0.36995,0.60506,0.73769,0.56968,0.10052,-0.81405,0.05184,-1.35598,-0.41557,-0.02350,
1403715593,-0.50710,0.56181,0.73438,0.56843,0.14573,-0.80764,0.05811,-1.32400,-0.46770,-0.02293,
1403715594,-0.64236,0.51190,0.73031,0.56694,0.18577,-0.79944,0.07045,-1.27538,-0.56253,-0.01731,
1403715594,-0.77147,0.45250,0.72699,0.57191,0.21992,-0.78497,0.09156,-1.19912,-0.64391,-0.00970,
1403715594,-0.89016,0.38388,0.72480,0.57954,0.24977,-0.76694,0.11640,-1.09562,-0.72458,-0.01542,
1403715594,-0.99715,0.30807,0.72169,0.57961,0.28280,-0.75151,0.13901,-0.95761,-0.78888,-0.04143,
1403715594,-1.09082,0.22621,0.71557,0.56952,0.31729,-0.74042,0.16354,-0.81568,-0.84156,-0.06734,
1403715594,-1.16787,0.13863,0.70943,0.55260,0.35190,-0.73198,0.18709,-0.68666,-0.89631,-0.06430,
1403715594,-1.23446,0.04631,0.70399,0.53403,0.38220,-0.72385,0.21159,-0.57621,-0.94664,-0.07058,
1403715594,-1.29076,-0.05217,0.70103,0.51919,0.41005,-0.71241,0.23403,-0.48623,-0.99063,-0.03723,
1403715594,-1.33916,-0.15562,0.69951,0.50855,0.43832,-0.69654,0.25314,-0.39761,-1.04045,-0.01317,
1403715594,-1.36738,-0.26301,0.69188,0.50038,0.46880,-0.67662,0.26837,-0.28005,-1.08536,-0.02460,
1403715595,-1.39932,-0.37607,0.69887,-0.49087,-0.50326,0.65267,-0.28249,-0.17684,-1.13325,-0.00817,
1403715595,-1.41074,-0.49166,0.69676,-0.47604,-0.53682,0.63014,-0.29687,-0.03637,-1.17718,-0.03291,
1403715595,-1.40778,-0.61202,0.69177,-0.44456,-0.56756,0.61760,-0.31435,0.09511,-1.22782,-0.06980,
1403715595,-1.39475,-0.74039,0.68683,-0.40937,-0.59178,0.60633,-0.33849,0.18584,-1.31762,-0.06381,
1403715595,-1.37136,-0.87383,0.68158,0.37914,0.61572,-0.58976,0.35963,0.24400,-1.39400,-0.06572,
1403715595,-1.34530,-1.01728,0.66748,0.35665,0.63958,-0.56678,0.37750,0.28479,-1.49494,-0.08399,
1403715595,-1.31237,-1.17052,0.67152,0.33455,0.65736,-0.54319,0.40113,0.32648,-1.58825,-0.03917,
1403715595,-1.27774,-1.33304,0.66799,0.31594,0.67380,-0.51509,0.42527,0.35241,-1.66620,-0.05077,
1403715595,-1.24097,-1.50088,0.66260,0.30060,0.68866,-0.48243,0.45018,0.36945,-1.71197,-0.08139,
1403715595,-1.20318,-1.67138,0.65581,0.28373,0.70169,-0.44870,0.47517,0.37443,-1.74184,-0.08316,
1403715596,-1.16511,-1.84419,0.65007,0.27355,0.71619,-0.40779,0.49593,0.36070,-1.73686,-0.06362,
1403715596,-1.12728,-2.01515,0.64553,0.27809,0.73022,-0.35472,0.51343,0.38039,-1.68745,-0.05212,
1403715596,-1.08620,-2.17532,0.64075,0.28921,0.73934,-0.29550,0.53143,0.42046,-1.54351,-0.03741,
1403715596,-1.04046,-2.31904,0.63898,0.29684,0.74207,-0.24084,0.55064,0.45541,-1.31965,0.00307,
1403715596,-0.99230,-2.43540,0.64303,0.29945,0.73395,-0.19622,0.57719,0.45931,-1.00047,0.06246,
1403715596,-0.94559,-2.51665,0.65422,0.28751,0.71535,-0.16808,0.61430,0.39267,-0.62531,0.13961,
1403715596,-0.91009,-2.54955,0.67700,0.26950,0.70322,-0.15446,0.63953,0.24757,-0.22297,0.21623,
1403715596,-0.89320,-2.54409,0.70382,0.25177,0.71939,-0.15277,0.62909,0.08042,0.13932,0.25829,
1403715596,-0.88952,-2.51630,0.73073,0.22501,0.76024,-0.16140,0.58768,-0.01172,0.41382,0.26513,
1403715596,-0.88639,-2.46961,0.75852,0.18986,0.79752,-0.17181,0.54626,0.00598,0.58016,0.28307,
1403715597,-0.87842,-2.41071,0.78942,0.15715,0.82519,-0.17562,0.51335,0.10327,0.64939,0.30459,
1403715597,-0.85828,-2.34748,0.82135,0.12905,0.84616,-0.17233,0.48750,0.25953,0.64208,0.31070,
1403715597,-0.82290,-2.28427,0.85277,0.10759,0.86038,-0.16111,0.47141,0.45120,0.60300,0.31178,
1403715597,-0.76961,-2.22609,0.88203,0.08579,0.87211,-0.15036,0.45766,0.67022,0.53852,0.28411,
1403715597,-0.69038,-2.17598,0.90667,0.07008,0.88185,-0.14093,0.44449,0.91270,0.45118,0.25732,
1403715597,-0.58660,-2.13459,0.93084,0.06218,0.88620,-0.13247,0.43958,1.17484,0.34716,0.25290,
1403715597,-0.45544,-2.10477,0.95622,0.05703,0.88028,-0.12649,0.45372,1.45097,0.25005,0.27113,
1403715597,-0.29977,-2.08374,0.98418,0.04858,0.86439,-0.12118,0.48558,1.65299,0.17470,0.27741,
1403715597,-0.12936,-2.06961,1.01005,0.03693,0.84581,-0.11295,0.52007,1.75506,0.11002,0.25338,
1403715597,0.04863,-2.06233,1.03616,0.02598,0.82619,-0.09818,0.55416,1.79502,0.04205,0.24960,
1403715598,0.22607,-2.05947,1.06095,0.01769,0.81229,-0.07452,0.57821,1.74620,0.01420,0.20882,
1403715598,0.39565,-2.06224,1.08358,0.00598,0.80769,-0.04823,0.58761,1.67714,-0.02633,0.15761,
1403715598,0.55917,-2.07070,1.09569,-0.00599,0.81008,-0.02298,0.58584,1.62443,-0.06391,0.12734,
1403715598,0.71880,-2.08073,1.10739,-0.01671,0.81096,-0.00467,0.58485,1.57234,-0.10310,0.12220,
1403715598,0.87357,-2.09274,1.11951,-0.02279,0.80436,0.00869,0.59364,1.51415,-0.13263,0.13894,
1403715598,1.02093,-2.10698,1.13034,-0.02495,0.79924,0.01742,0.60024,1.42417,-0.15612,0.11224,
1403715598,1.16014,-2.12149,1.13689,-0.02116,0.79500,0.02529,0.60571,1.34881,-0.14972,0.04318,
1403715598,1.29056,-2.13595,1.13511,-0.02161,0.78473,0.02673,0.61888,1.24512,-0.14962,-0.07920,
1403715598,1.40609,-2.15024,1.12199,-0.02310,0.77009,0.02497,0.63703,1.10958,-0.14648,-0.15531,
1403715598,1.51111,-2.16723,1.10699,-0.02799,0.75014,0.01946,0.66040,0.89256,-0.16486,-0.14577,
1403715599,1.58720,-2.18669,1.09279,-0.03334,0.73668,0.01319,0.67529,0.61813,-0.20640,-0.14758,
1403715599,1.63527,-2.21009,1.07773,-0.03149,0.73956,0.01120,0.67226,0.35573,-0.23740,-0.18192,
1403715599,1.65756,-2.23166,1.05629,-0.02416,0.75934,0.01165,0.65014,0.13000,-0.24637,-0.24075,
1403715599,1.66219,-2.25328,1.02928,-0.01799,0.78077,0.01272,0.62443,-0.03301,-0.24478,-0.27057,
1403715599,1.65727,-2.27506,0.99830,-0.01213,0.79458,0.01431,0.60686,-0.11709,-0.23032,-0.31203,
1403715599,1.64295,-2.29532,0.96393,-0.00882,0.80069,0.01549,0.59881,-0.16771,-0.19962,-0.34123,
1403715599,1.61712,-2.31154,0.92839,-0.00754,0.80151,0.01553,0.59774,-0.22681,-0.17437,-0.37652,
1403715599,1.58800,-2.32695,0.88777,-0.01397,0.80717,0.01058,0.59005,-0.28174,-0.15075,-0.42556,
1403715599,1.55532,-2.34273,0.84278,-0.02523,0.81191,0.00210,0.58324,-0.31847,-0.16136,-0.45942,
1403715599,1.52200,-2.36075,0.79515,-0.04021,0.81244,-0.00869,0.58159,-0.32928,-0.19536,-0.47123,
1403715600,1.48871,-2.38431,0.74837,-0.05131,0.81094,-0.01623,0.58266,-0.33643,-0.27401,-0.45719,
1403715600,1.45190,-2.41492,0.70593,-0.05910,0.80575,-0.02273,0.58886,-0.36106,-0.37391,-0.41960,
1403715600,1.41221,-2.45625,0.66513,-0.05539,0.79947,-0.02128,0.59777,-0.41189,-0.46635,-0.40269,
1403715600,1.36764,-2.50675,0.62443,-0.04095,0.79682,-0.01280,0.60269,-0.47912,-0.54653,-0.41714,
1403715600,1.31699,-2.56334,0.58240,-0.02380,0.80363,-0.00240,0.59465,-0.53350,-0.58875,-0.42951,
1403715600,1.26565,-2.62235,0.53874,-0.00852,0.81065,0.00833,0.58541,-0.55411,-0.57950,-0.42716,
1403715600,1.21349,-2.67636,0.49527,0.01099,0.81359,0.03252,0.58043,-0.56151,-0.51066,-0.42227,
1403715600,1.15802,-2.72020,0.45195,0.02407,0.81385,0.06434,0.57701,-0.55645,-0.37627,-0.42440,
1403715600,1.10238,-2.75054,0.40855,0.02097,0.81295,0.09641,0.57392,-0.56990,-0.21228,-0.43822,
1403715600,1.04467,-2.76229,0.36617,-0.00040,0.81503,0.12392,0.56601,-0.58708,-0.04614,-0.45580,
1403715601,0.98774,-2.75733,0.32494,-0.04031,0.82284,0.14285,0.54855,-0.57132,0.09740,-0.42591,
1403715601,0.93538,-2.73773,0.29071,-0.07776,0.82586,0.16555,0.53339,-0.51162,0.20954,-0.31700,
1403715601,0.88868,-2.71027,0.26809,-0.10751,0.81993,0.19540,0.52724,-0.44607,0.29006,-0.16747,
1403715601,0.85008,-2.67627,0.25700,-0.13140,0.80964,0.22800,0.52463,-0.37870,0.36415,-0.03660,
1403715601,0.81606,-2.63690,0.25927,-0.15203,0.79830,0.25765,0.52271,-0.32321,0.43493,0.11110,
1403715601,0.79011,-2.59106,0.27590,-0.16810,0.78665,0.28016,0.52386,-0.26689,0.48793,0.21349,
1403715601,0.76706,-2.54041,0.30382,-0.17617,0.77819,0.29619,0.52503,-0.23634,0.52562,0.33524,
1403715601,0.74412,-2.48402,0.34276,-0.17711,0.77150,0.30721,0.52824,-0.22634,0.58294,0.44590,
1403715601,0.72116,-2.42114,0.38678,-0.17507,0.76608,0.31683,0.53113,-0.24237,0.64792,0.44399,
1403715601,0.69729,-2.35309,0.42830,-0.17892,0.76410,0.31937,0.53117,-0.26267,0.70452,0.39041,
1403715602,0.67079,-2.27966,0.46500,-0.18397,0.76386,0.31790,0.53067,-0.27447,0.76597,0.35556,
1403715602,0.64311,-2.20011,0.49966,-0.18875,0.76514,0.31461,0.52911,-0.28101,0.81476,0.33590,
1403715602,0.61511,-2.11647,0.53316,-0.19454,0.76228,0.31070,0.53343,-0.28855,0.85572,0.34041,
1403715602,0.58578,-2.03028,0.56626,-0.19703,0.75934,0.30680,0.53894,-0.29924,0.87002,0.32194,
1403715602,0.55457,-1.94399,0.59851,-0.19694,0.75445,0.29549,0.55200,-0.31719,0.86549,0.33070,
1403715602,0.51987,-1.85855,0.62943,-0.19684,0.74383,0.27759,0.57526,-0.36662,0.83824,0.27854,
1403715602,0.47879,-1.77783,0.65454,-0.19344,0.73980,0.25653,0.59116,-0.44839,0.77080,0.21845,
1403715602,0.42689,-1.70644,0.67510,-0.18605,0.74669,0.23342,0.59443,-0.55116,0.68122,0.18257,
1403715602,0.36445,-1.64424,0.69035,-0.16844,0.76159,0.21477,0.58778,-0.63264,0.60600,0.13938,
1403715602,0.29658,-1.58884,0.70070,-0.14702,0.78085,0.19654,0.57448,-0.67838,0.55261,0.14415,
1403715603,0.22467,-1.53961,0.71157,-0.12666,0.79527,0.17789,0.56556,-0.69573,0.51353,0.13833,
1403715603,0.15217,-1.49248,0.71769,-0.10272,0.80123,0.16058,0.56718,-0.70172,0.49372,0.03826,
1403715603,0.07988,-1.44425,0.71223,-0.08062,0.80613,0.14040,0.56916,-0.71145,0.50329,-0.12738,
1403715603,0.00773,-1.39155,0.69257,-0.06271,0.81186,0.11790,0.56838,-0.71214,0.53236,-0.25766,
1403715603,-0.06379,-1.33418,0.66072,-0.04608,0.81776,0.09602,0.56561,-0.69985,0.56406,-0.37228,
1403715603,-0.13119,-1.27414,0.61924,-0.03081,0.81977,0.07411,0.56703,-0.68546,0.60026,-0.44144,
1403715603,-0.19869,-1.20978,0.57550,-0.01509,0.82095,0.05098,0.56851,-0.67476,0.62136,-0.45590,
1403715603,-0.26465,-1.14325,0.53165,-0.00093,0.82539,0.02894,0.56382,-0.65009,0.66761,-0.45210,
1403715603,-0.32696,-1.07427,0.48934,0.01098,0.83038,0.01174,0.55697,-0.60946,0.70533,-0.42545,
1403715603,-0.38419,-1.00049,0.45173,0.01355,0.83093,-0.00466,0.55619,-0.55129,0.75116,-0.36846,
1403715604,-0.43634,-0.92497,0.41852,0.00805,0.83011,-0.02124,0.55714,-0.50140,0.75840,-0.31758,
1403715604,-0.48478,-0.85085,0.38819,-0.00248,0.82948,-0.03812,0.55722,-0.45695,0.72738,-0.30414,
1403715604,-0.52749,-0.78159,0.36091,-0.01261,0.82579,-0.05205,0.56143,-0.40302,0.66078,-0.22933,
1403715604,-0.56747,-0.72182,0.34218,-0.02244,0.82435,-0.06225,0.56219,-0.37649,0.54994,-0.13952,
1403715604,-0.60297,-0.67324,0.33448,-0.02906,0.83513,-0.06729,0.54514,-0.31912,0.42255,-0.05048,
1403715604,-0.63092,-0.63651,0.33291,-0.02117,0.84396,-0.06089,0.53252,-0.22708,0.30227,0.00280,
1403715604,-0.65105,-0.60770,0.33329,-0.00311,0.84437,-0.04825,0.53357,-0.14205,0.23364,-0.02158,
1403715604,-0.66362,-0.58574,0.33098,0.00934,0.83968,-0.03964,0.54155,-0.06549,0.19950,-0.04771,
1403715604,-0.66788,-0.56689,0.32533,0.01473,0.83728,-0.03588,0.54539,-0.01157,0.18929,-0.09709,
1403715604,-0.66508,-0.54812,0.31695,0.01678,0.83766,-0.03496,0.54482,0.06791,0.18899,-0.08587,
1403715605,-0.65531,-0.53051,0.30920,0.01745,0.83204,-0.03456,0.55336,0.11967,0.18246,-0.08886,
1403715605,-0.64217,-0.51167,0.30105,0.01945,0.82480,-0.03337,0.56410,0.14551,0.18216,-0.08842,
1403715605,-0.62662,-0.49253,0.29182,0.02216,0.82160,-0.03186,0.56874,0.15540,0.19488,-0.09821,
1403715605,-0.61048,-0.47201,0.28283,0.02189,0.82163,-0.03215,0.56870,0.16741,0.20837,-0.08062,
1403715605,-0.59340,-0.45088,0.27529,0.02336,0.82318,-0.03053,0.56648,0.16651,0.21410,-0.07911,
1403715605,-0.57470,-0.42892,0.26925,0.02260,0.82529,-0.03037,0.56344,0.19945,0.22472,-0.03896,
1403715605,-0.55386,-0.40550,0.26725,0.02231,0.82381,-0.02889,0.56568,0.21782,0.23655,-0.00789,
1403715605,-0.53093,-0.38133,0.26751,0.01954,0.82194,-0.02841,0.56853,0.24093,0.24765,0.01581,
1403715605,-0.50719,-0.35660,0.26995,0.01188,0.81984,-0.03105,0.57163,0.24743,0.24785,0.00393,
1403715605,-0.48356,-0.33276,0.26643,0.00528,0.81911,-0.03277,0.57267,0.24389,0.22562,-0.09239,
1403715606,-0.46027,-0.31081,0.25293,-0.00063,0.82131,-0.03445,0.56943,0.23655,0.20510,-0.18815,
1403715606,-0.43631,-0.29130,0.23137,-0.00305,0.82227,-0.03405,0.56808,0.23939,0.16758,-0.22893,
1403715606,-0.41093,-0.27608,0.21015,0.00479,0.82084,-0.02754,0.57047,0.25537,0.13382,-0.19925,
1403715606,-0.38425,-0.26275,0.19206,0.01037,0.82012,-0.02313,0.57163,0.26498,0.12072,-0.16312,
1403715606,-0.35747,-0.24939,0.17688,0.01330,0.81846,-0.02003,0.57406,0.26407,0.12650,-0.16526,
1403715606,-0.33116,-0.23529,0.15675,0.01426,0.81742,-0.01803,0.57559,0.26593,0.13458,-0.24253,
1403715606,-0.30592,-0.22019,0.13128,0.01363,0.81702,-0.01617,0.57622,0.25513,0.16172,-0.29299,
1403715606,-0.28113,-0.20258,0.10370,0.00862,0.81722,-0.01776,0.57599,0.24209,0.18337,-0.25338,
1403715606,-0.25726,-0.18480,0.08380,0.00126,0.81759,-0.01999,0.57545,0.24235,0.17410,-0.14818,
1403715606,-0.23282,-0.16844,0.07434,-0.00347,0.81728,-0.02118,0.57584,0.24417,0.15514,-0.04209,
1403715607,-0.20839,-0.15341,0.07149,-0.00848,0.81608,-0.02183,0.57747,0.23045,0.13889,-0.02485,
1403715607,-0.18553,-0.13996,0.06678,-0.01485,0.81488,-0.02266,0.57900,0.21309,0.11633,-0.06136,
1403715607,-0.16453,-0.13041,0.05876,-0.02352,0.81343,-0.02535,0.58064,0.20195,0.07007,-0.10750,
1403715607,-0.14544,-0.12576,0.04803,-0.02523,0.80902,-0.02377,0.58676,0.18254,0.01369,-0.12320,
1403715607,-0.13025,-0.12615,0.03680,-0.01622,0.80417,-0.01582,0.59396,0.13344,-0.01729,-0.13084,
1403715607,-0.12109,-0.12913,0.02236,-0.00517,0.80652,-0.00719,0.59114,0.08129,-0.02918,-0.15852,
1403715607,-0.11513,-0.13129,0.00711,0.00023,0.80976,-0.00203,0.58676,0.05498,-0.00797,-0.15221,
1403715607,-0.11139,-0.13142,-0.00665,0.00224,0.81242,0.00010,0.58307,0.02230,0.01012,-0.12449,
1403715607,-0.11100,-0.12931,-0.01713,0.00214,0.81276,0.00025,0.58259,-0.00448,0.02634,-0.09291,
1403715607,-0.11271,-0.12556,-0.02469,0.00341,0.81190,0.00056,0.58379,-0.03091,0.05067,-0.05834,
1403715608,-0.11688,-0.11938,-0.03073,0.00475,0.81295,0.00040,0.58231,-0.05286,0.06978,-0.04317,
1403715608,-0.12295,-0.11123,-0.03449,0.00559,0.81396,-0.00070,0.58090,-0.07146,0.10026,-0.02192,
1403715608,-0.13092,-0.10040,-0.03859,0.00654,0.81403,-0.00152,0.58078,-0.09236,0.11630,-0.07442,
1403715608,-0.14040,-0.08811,-0.05102,0.00289,0.81508,-0.00592,0.57932,-0.10392,0.13073,-0.17903,
1403715608,-0.14405,-0.08033,-0.05731,0.00855,0.81354,0.00291,0.58144,0.00604,-0.02130,0.03456,
1403715608,-0.14382,-0.08056,-0.05807,0.00941,0.81548,0.00435,0.57869,0.00602,-0.00686,-0.06625,
1403715608,-0.14323,-0.07989,-0.06034,0.00807,0.81774,0.00307,0.57552,-0.00785,0.02472,0.01136,
1403715608,-0.14429,-0.08049,-0.06048,0.00803,0.81583,0.00322,0.57822,0.00738,0.00605,-0.00990,
1403715608,-0.14396,-0.07972,-0.06118,0.00774,0.81709,0.00301,0.57646,-0.00126,-0.01810,-0.00144,
1403715608,-0.14410,-0.07973,-0.06115,0.00754,0.81692,0.00297,0.57670,-0.00176,0.01167,-0.00110,
1403715609,-0.14414,-0.07990,-0.06131,0.00777,0.81665,0.00308,0.57707,0.00585,-0.00501,0.00332,
1403715609,-0.14403,-0.07991,-0.06136,0.00783,0.81687,0.00311,0.57675,-0.00492,0.00322,-0.00428,
1403715609,-0.14418,-0.07994,-0.06133,0.00781,0.81665,0.00312,0.57708,0.00235,-0.00038,-0.00250,
1403715609,-0.14399,-0.07995,-0.06148,0.00785,0.81693,0.00307,0.57668,-0.00010,0.00022,0.00255,
1403715609,-0.14411,-0.07995,-0.06145,0.00774,0.81675,0.00306,0.57693,-0.00120,0.00388,-0.00149,
1403715609,-0.14405,-0.07997,-0.06149,0.00766,0.81682,0.00302,0.57683,0.00184,-0.00371,0.00264,
1403715609,-0.14403,-0.07997,-0.06151,0.00762,0.81688,0.00302,0.57675,-0.00254,0.00276,0.00209,
1403715609,-0.14409,-0.07997,-0.06149,0.00769,0.81679,0.00304,0.57687,0.00157,-0.00125,-0.00050,
1403715609,-0.14401,-0.08001,-0.06154,0.00772,0.81689,0.00300,0.57673,-0.00111,0.00027,0.00130,
