1413393218805760256,-0.33286,0.43224,0.24602,0.05002,0.82561,-0.02715,0.56137,
1413393218905760512,-0.35975,0.46418,0.24175,0.04592,0.83427,-0.03624,0.54824,
1413393219005760512,-0.38527,0.49358,0.24112,0.04324,0.83977,-0.04182,0.53960,
1413393219205760512,-0.41369,0.54912,0.24609,0.04620,0.83427,-0.04847,0.54727,
1413393219405760512,-0.40689,0.60276,0.25021,0.06444,0.82042,-0.06517,0.56437,
1413393219605760512,-0.39545,0.63514,0.25215,0.07370,0.81393,-0.06996,0.57201,
1413393219805760256,-0.37493,0.65627,0.27105,0.08423,0.80699,-0.06896,0.58045,
1413393220005760512,-0.35631,0.67435,0.33203,0.09419,0.80411,-0.06874,0.58294,
1413393220205760512,-0.34357,0.69252,0.37728,0.09911,0.80231,-0.06850,0.58462,
1413393220505760512,-0.33762,0.72346,0.44752,0.09359,0.80540,-0.06423,0.58176,
1413393220805760256,-0.33716,0.76181,0.46863,0.08945,0.80735,-0.07338,0.57861,
1413393221605760512,-0.31734,0.79703,0.62800,0.12225,0.81529,-0.08784,0.55915,
1413393221805760256,-0.29073,0.79192,0.65622,0.12353,0.81175,-0.08309,0.56472,
1413393222005760512,-0.26252,0.78935,0.68387,0.10981,0.81537,-0.07381,0.56361,
1413393222405760512,-0.23098,0.78538,0.63155,0.05255,0.83602,-0.03807,0.54484,
1413393222605760512,-0.20802,0.78953,0.59829,0.05061,0.83973,-0.03989,0.53917,
1413393223005760512,-0.10346,0.79465,0.63124,0.04981,0.84239,-0.03965,0.53510,
1413393223105760512,-0.06371,0.79245,0.65455,0.05344,0.83834,-0.04190,0.54090,
1413393223205760512,-0.02098,0.79027,0.67883,0.05874,0.83556,-0.03983,0.54479,
1413393223405760512,0.07536,0.79041,0.70557,0.06015,0.83133,-0.03581,0.55136,
1413393223605760512,0.17684,0.78834,0.66029,0.06375,0.82433,-0.03507,0.56142,
1413393223905760512,0.32231,0.79341,0.56914,0.07366,0.82134,-0.04257,0.56406,
1413393224105760512,0.41932,0.81133,0.56324,0.07742,0.82052,-0.04897,0.56424,
1413393224305760256,0.50972,0.83643,0.53250,0.08166,0.81812,-0.05127,0.56691,
1413393224605760512,0.63088,0.87350,0.41239,0.08977,0.81274,-0.07839,0.57031,
1413393224705760512,0.66388,0.88641,0.36958,0.09409,0.81141,-0.09609,0.56879,
1413393224805760256,0.69093,0.90967,0.32998,0.09490,0.81220,-0.11015,0.56497,
1413393224905760512,0.70845,0.96012,0.29654,0.08244,0.81566,-0.11229,0.56152,
1413393225005760512,0.72793,0.99642,0.27564,0.07743,0.81872,-0.11329,0.55756,
1413393225305760256,0.81357,1.03341,0.25674,0.08501,0.81842,-0.11995,0.55549,
1413393225505760512,0.87656,1.03010,0.25068,0.09867,0.81156,-0.15033,0.55591,
1413393225605760512,0.90619,1.02643,0.25335,0.10734,0.80730,-0.17261,0.55403,
1413393225705760512,0.93253,1.02086,0.26149,0.11998,0.80096,-0.19489,0.55325,
1413393225805760256,0.95687,1.00644,0.27246,0.14424,0.79268,-0.21638,0.55139,
1413393225905760512,0.97886,0.99414,0.27921,0.16805,0.78537,-0.23181,0.54883,
1413393226005760512,1.00101,0.98244,0.26718,0.18946,0.77857,-0.24461,0.54598,
1413393226105760512,1.02380,0.97185,0.24680,0.20279,0.77089,-0.26144,0.54429,
1413393226205760512,1.04756,0.96259,0.23053,0.21053,0.76334,-0.27914,0.54320,
1413393226305760256,1.07343,0.95351,0.22747,0.21337,0.75820,-0.29477,0.54104,
1413393226405760512,1.10051,0.94431,0.22951,0.21259,0.75738,-0.30820,0.53498,
1413393226505760512,1.12717,0.93390,0.22648,0.21084,0.75896,-0.31896,0.52706,
1413393226705760512,1.17934,0.90396,0.19874,0.21701,0.75880,-0.32581,0.52056,
1413393226805760256,1.20709,0.88356,0.18691,0.22832,0.75720,-0.31981,0.52176,
1413393227005760512,1.26848,0.84186,0.16895,0.23800,0.75828,-0.31082,0.52130,
1413393227205760512,1.34192,0.80466,0.15828,0.23257,0.75515,-0.31127,0.52800,
1413393227405760512,1.42085,0.76917,0.15492,0.22337,0.75268,-0.31674,0.53222,
1413393227605760512,1.49790,0.73108,0.15456,0.22081,0.74893,-0.32350,0.53450,
1413393227705760512,1.53385,0.70899,0.15379,0.22447,0.74558,-0.33134,0.53286,
1413393227805760256,1.56541,0.68545,0.15241,0.23149,0.74055,-0.34234,0.52991,
1413393227905760512,1.59409,0.66013,0.14947,0.23887,0.73262,-0.35774,0.52748,
1413393228005760512,1.62021,0.63268,0.14586,0.24959,0.72277,-0.37511,0.52401,
1413393228105760512,1.64281,0.60316,0.14252,0.26325,0.71258,-0.39314,0.51804,
1413393228205760512,1.66328,0.57252,0.13835,0.27701,0.70392,-0.41107,0.50872,
1413393228305760256,1.68181,0.54085,0.13566,0.29040,0.69714,-0.42385,0.50002,
1413393228405760512,1.69821,0.50846,0.13575,0.30273,0.69025,-0.43488,0.49273,
1413393228505760512,1.71498,0.47477,0.13746,0.31430,0.68076,-0.44676,0.48804,
1413393228605760512,1.72916,0.44207,0.13758,0.32386,0.67201,-0.45893,0.48259,
1413393228705760512,1.74588,0.40499,0.13820,0.32919,0.66639,-0.46875,0.47731,
1413393228905760512,1.77929,0.33558,0.13845,0.32538,0.66392,-0.48572,0.46628,
1413393229105760512,1.81187,0.25484,0.13128,0.33491,0.66701,-0.48122,0.45974,
1413393229205760512,1.83048,0.20946,0.12237,0.34168,0.66900,-0.47492,0.45842,
1413393229405760512,1.87569,0.11901,0.09716,0.34700,0.66954,-0.46643,0.46233,
1413393229505760512,1.90459,0.07326,0.08173,0.34057,0.66518,-0.46856,0.47117,
1413393229605760512,1.93425,0.02809,0.06723,0.33105,0.66329,-0.47316,0.47600,
1413393229805760256,1.98998,-0.06284,0.04689,0.31591,0.66822,-0.48091,0.47160,
1413393230005760512,2.03944,-0.16678,0.04111,0.31298,0.67690,-0.48044,0.46155,
1413393230105760512,2.06579,-0.22815,0.04271,0.32321,0.67923,-0.47113,0.46068,
1413393230205760512,2.09326,-0.29060,0.04357,0.32973,0.68063,-0.46431,0.46092,
1413393230305760256,2.12339,-0.35491,0.04086,0.33246,0.67948,-0.46002,0.46494,
1413393230405760512,2.15521,-0.41860,0.03488,0.32799,0.67732,-0.46130,0.46996,
1413393230605760512,2.22155,-0.54682,0.02448,0.32339,0.66586,-0.47887,0.47194,
1413393230705760512,2.25066,-0.61408,0.02303,0.32662,0.65595,-0.49340,0.46863,
1413393230805760256,2.27609,-0.68311,0.02700,0.33345,0.64407,-0.50895,0.46362,
1413393230905760512,2.29850,-0.75473,0.03292,0.34571,0.63220,-0.52392,0.45422,
1413393231005760512,2.31783,-0.82708,0.04173,0.36398,0.62411,-0.53367,0.43955,
1413393231105760512,2.33693,-0.90019,0.05266,0.38156,0.61852,-0.53878,0.42611,
1413393231205760512,2.35871,-0.97420,0.06358,0.39217,0.61396,-0.54325,0.41729,
1413393231305760256,2.38511,-1.04907,0.07436,0.39718,0.60965,-0.54721,0.41369,
1413393231405760512,2.41529,-1.12354,0.07680,0.39570,0.60319,-0.55280,0.41714,
1413393231505760512,2.44765,-1.19813,0.07113,0.39524,0.59254,-0.55564,0.42890,
1413393231605760512,2.48036,-1.27247,0.05780,0.39900,0.58033,-0.55294,0.44528,
1413393231705760512,2.50942,-1.34135,0.03989,0.40199,0.57313,-0.55303,0.45175,
1413393231905760512,2.55338,-1.46124,0.01020,-0.39630,-0.56417,0.57465,-0.44094,
1413393232005760512,2.56694,-1.51458,0.00001,-0.39324,-0.55595,0.59027,-0.43343,
1413393232105760512,2.57271,-1.56663,-0.00539,-0.39863,-0.54798,0.60269,-0.42139,
1413393232205760512,2.57109,-1.61710,-0.00759,-0.41052,-0.53845,0.61252,-0.40788,
1413393232305760256,2.56399,-1.66653,-0.01294,-0.42319,-0.52684,0.62200,-0.39556,
1413393232405760512,2.55196,-1.71429,-0.02432,-0.43091,-0.51319,0.63478,-0.38472,
1413393232505760512,2.53555,-1.76189,-0.04182,-0.43727,-0.50019,0.64732,-0.37360,
1413393232605760512,2.51633,-1.81054,-0.06503,-0.44230,-0.49007,0.65610,-0.36569,
1413393232705760512,2.49375,-1.85912,-0.08981,-0.44625,-0.48182,0.66213,-0.36096,
1413393232805760256,2.46698,-1.90679,-0.11186,-0.44979,-0.47829,0.66510,-0.35577,
1413393232905760512,2.43696,-1.95681,-0.13239,-0.45155,-0.47684,0.66677,-0.35233,
1413393233005760512,2.40325,-2.00714,-0.14781,-0.45541,-0.47992,0.66561,-0.34533,
1413393233105760512,2.36743,-2.05895,-0.15517,-0.45725,-0.48441,0.66424,-0.33920,
1413393233205760512,2.33100,-2.11307,-0.15469,-0.45932,-0.48630,0.66274,-0.33662,
1413393233305760256,2.29353,-2.16937,-0.14430,-0.46824,-0.48191,0.66038,-0.33528,
1413393233405760512,2.25581,-2.22594,-0.12678,-0.47998,-0.47164,0.65940,-0.33523,
1413393233505760512,2.21881,-2.28042,-0.10188,-0.48975,-0.45845,0.66286,-0.33255,
1413393233605760512,2.18261,-2.33121,-0.07171,-0.49580,-0.44619,0.67172,-0.32231,
1413393233705760512,2.14828,-2.37921,-0.03630,-0.49832,-0.43537,0.68504,-0.30470,
1413393233805760256,2.11590,-2.42736,0.00811,0.50821,0.42113,-0.69215,0.29206,
1413393233905760512,2.08737,-2.47477,0.05369,0.51822,0.40591,-0.69530,0.28852,
1413393234005760512,2.06219,-2.51975,0.09758,0.52427,0.38922,-0.70170,0.28507,
1413393234105760512,2.03985,-2.56133,0.14043,0.52397,0.37192,-0.71325,0.28001,
1413393234205760512,2.01833,-2.60095,0.17714,0.52328,0.35746,-0.72358,0.27355,
1413393234305760256,1.99691,-2.63758,0.20634,0.53233,0.33205,-0.72561,0.28259,
1413393234405760512,1.97472,-2.66617,0.22903,0.54245,0.30132,-0.72565,0.29729,
1413393234505760512,1.95058,-2.68151,0.24429,0.54999,0.27842,-0.72762,0.30092,
1413393234605760512,1.92504,-2.67981,0.25836,0.56245,0.26857,-0.72925,0.28235,
1413393234705760512,1.89971,-2.66177,0.28500,0.57613,0.27549,-0.73208,0.23713,
1413393234805760256,1.88223,-2.63143,0.32493,0.57686,0.27875,-0.74238,0.19597,
1413393234905760512,1.86996,-2.60005,0.35732,0.56928,0.26790,-0.75758,0.17387,
1413393235005760512,1.85872,-2.57178,0.37133,0.56371,0.24539,-0.77063,0.16779,
1413393235105760512,1.84833,-2.54442,0.36525,0.56134,0.21764,-0.78087,0.16665,
1413393235205760512,1.83751,-2.51636,0.34382,0.56256,0.19607,-0.78818,0.15446,
1413393235305760256,1.82642,-2.48782,0.31909,0.56427,0.18546,-0.79427,0.12781,
1413393235405760512,1.81558,-2.46124,0.29690,0.56159,0.17933,-0.80099,0.10432,
1413393235505760512,1.80372,-2.43998,0.27799,0.55737,0.17600,-0.80670,0.08716,
1413393235605760512,1.78950,-2.42640,0.26515,0.56447,0.17902,-0.80314,0.06549,
1413393235705760512,1.77539,-2.42412,0.25457,0.57350,0.17700,-0.79815,0.05223,
1413393235905760512,1.75501,-2.45303,0.23825,0.58121,0.14958,-0.79625,0.07626,
1413393236005760512,1.74841,-2.47681,0.23384,0.58392,0.12918,-0.79604,0.09311,
1413393236105760512,1.74327,-2.49844,0.23167,0.58566,0.10869,-0.79698,0.10005,
1413393236205760512,1.73989,-2.51452,0.23547,0.58557,0.09187,-0.80021,0.09125,
1413393236305760256,1.74051,-2.52592,0.24405,0.58411,0.08240,-0.80475,0.06632,
1413393236405760512,1.74061,-2.53667,0.25412,0.58275,0.06739,-0.80853,0.04623,
1413393236505760512,1.73907,-2.54945,0.26391,0.57933,0.04748,-0.81300,0.03401,
1413393236605760512,1.73529,-2.56371,0.27399,0.56856,0.02725,-0.82188,0.02255,
1413393236705760512,1.72800,-2.57829,0.27942,0.56009,0.00781,-0.82825,0.01526,
1413393236805760256,1.71676,-2.59170,0.27457,0.56068,-0.01339,-0.82777,0.01636,
1413393236905760512,1.69994,-2.60171,0.26717,0.56559,-0.02739,-0.82412,0.01354,
1413393237005760512,1.67818,-2.60691,0.27100,0.57432,-0.03047,-0.81805,0.00456,
1413393237105760512,1.65548,-2.60846,0.28953,0.57997,-0.02547,-0.81420,-0.00864,
1413393237205760512,1.63267,-2.60985,0.31375,0.58577,-0.01469,-0.80997,-0.02469,
1413393237505760512,1.56658,-2.63625,0.31701,0.58884,-0.00510,-0.80775,-0.02801,
1413393237605760512,1.54634,-2.65500,0.30701,0.58941,-0.01345,-0.80766,-0.00966,
1413393237705760512,1.52746,-2.67434,0.29764,0.58686,-0.02079,-0.80939,0.00696,
1413393237805760256,1.51029,-2.69085,0.28978,0.58403,-0.02285,-0.81126,0.01545,
1413393238005760512,1.47601,-2.70961,0.27910,0.57343,-0.01168,-0.81916,0.00410,
1413393238205760512,1.43251,-2.72125,0.27356,0.56454,-0.00012,-0.82522,-0.01730,
1413393238505760512,1.32835,-2.76112,0.31957,0.56720,-0.01403,-0.82331,-0.01572,
1413393238605760512,1.28644,-2.77936,0.33889,0.57365,-0.02887,-0.81859,0.00054,
1413393238705760512,1.24404,-2.79338,0.34734,0.57688,-0.04166,-0.81564,0.01442,
1413393239005760512,1.11194,-2.79725,0.34241,0.58000,-0.03407,-0.81388,-0.00578,
1413393239105760512,1.06881,-2.78865,0.34466,0.57912,-0.02471,-0.81461,-0.02043,
1413393239305760256,0.97970,-2.77785,0.34815,0.57808,-0.01774,-0.81510,-0.03343,
1413393239505760512,0.88596,-2.78142,0.35674,0.57586,-0.01652,-0.81659,-0.03605,
1413393239705760512,0.78301,-2.80233,0.37304,0.57565,-0.03240,-0.81698,-0.01142,
1413393239805760256,0.73444,-2.80683,0.38401,0.57580,-0.04110,-0.81655,0.00307,
1413393240005760512,0.62997,-2.81674,0.40758,0.57417,-0.03719,-0.81789,-0.00176,
1413393240105760512,0.57656,-2.81520,0.42304,0.57723,-0.02764,-0.81599,-0.01418,
1413393240205760512,0.52103,-2.81313,0.43111,0.57985,-0.01904,-0.81414,-0.02439,
1413393240405760512,0.41266,-2.81591,0.42283,0.57932,-0.02071,-0.81460,-0.01968,
1413393240505760512,0.35749,-2.82161,0.40587,0.58063,-0.02736,-0.81365,-0.00942,
1413393240705760512,0.25279,-2.81961,0.38784,0.58128,-0.03552,-0.81293,-0.00220,
1413393240805760256,0.19272,-2.82109,0.39683,0.58465,-0.03286,-0.81055,-0.01085,
1413393240905760512,0.13585,-2.81526,0.40995,0.59058,-0.03030,-0.80617,-0.01961,
1413393241005760512,0.08263,-2.81977,0.40985,0.59757,-0.02980,-0.80086,-0.02547,
1413393241205760512,-0.00307,-2.80750,0.37390,0.60070,-0.04457,-0.79811,-0.01418,
1413393241305760256,-0.03570,-2.80266,0.34542,0.59590,-0.05268,-0.80130,-0.00730,
1413393241405760512,-0.07211,-2.79854,0.32699,0.58365,-0.05577,-0.81006,-0.00734,
1413393241605760512,-0.14038,-2.77444,0.29066,0.58139,-0.04693,-0.81184,-0.02635,
1413393241805760256,-0.20745,-2.75011,0.26227,0.58397,-0.03713,-0.80996,-0.03949,
1413393242005760512,-0.27147,-2.73689,0.24124,0.58997,-0.03163,-0.80577,-0.04081,
1413393242105760512,-0.30099,-2.73749,0.23609,0.59736,-0.02841,-0.80047,-0.04004,
1413393242205760512,-0.32395,-2.73966,0.23506,0.60744,-0.02949,-0.79308,-0.03425,
1413393242405760512,-0.35955,-2.75939,0.22993,0.60675,-0.03572,-0.79384,-0.02025,
1413393242505760512,-0.36610,-2.76921,0.22875,0.59190,-0.04436,-0.80476,-0.00646,
1413393242605760512,-0.37160,-2.77565,0.22897,0.57844,-0.05024,-0.81418,0.00284,
1413393242905760512,-0.40040,-2.75926,0.24423,0.57681,-0.03783,-0.81598,0.00588,
1413393243005760512,-0.41466,-2.74495,0.25307,0.57349,-0.01730,-0.81903,-0.00008,
1413393243105760512,-0.43070,-2.73014,0.26254,0.56958,0.00482,-0.82192,0.00238,
1413393243205760512,-0.44965,-2.71743,0.27435,0.57255,0.02673,-0.81932,0.01371,
1413393243305760256,-0.47040,-2.70609,0.28779,0.58488,0.04443,-0.80954,0.02412,
1413393243405760512,-0.49076,-2.69529,0.29192,0.59385,0.05575,-0.80193,0.03373,
1413393243505760512,-0.50781,-2.68499,0.28729,0.59843,0.06402,-0.79754,0.04131,
1413393243705760512,-0.52954,-2.66608,0.25751,0.59652,0.07461,-0.79767,0.04819,
1413393243905760512,-0.53378,-2.65150,0.24067,0.59049,0.07901,-0.80165,0.04941,
1413393244305760256,-0.50764,-2.64732,0.23895,0.58733,0.09566,-0.80185,0.05411,
1413393244405760512,-0.49584,-2.65475,0.24031,0.58616,0.10785,-0.80045,0.06378,
1413393244505760512,-0.48123,-2.66356,0.23465,0.58734,0.11518,-0.79757,0.07517,
1413393244605760512,-0.46359,-2.67248,0.21660,0.58670,0.11957,-0.79642,0.08488,
1413393244705760512,-0.44458,-2.68190,0.20141,0.58579,0.12320,-0.79575,0.09193,
1413393244805760256,-0.42056,-2.68893,0.19266,0.58344,0.12117,-0.79661,0.10167,
1413393245105760512,-0.34907,-2.69191,0.23309,0.57357,0.12345,-0.80350,0.10078,
1413393245205760512,-0.32700,-2.68696,0.23985,0.56548,0.12433,-0.80954,0.09704,
1413393245405760512,-0.28721,-2.67693,0.22345,0.56502,0.12889,-0.81014,0.08842,
1413393245605760512,-0.25211,-2.67116,0.18158,0.57512,0.13266,-0.80323,0.08037,
1413393245805760256,-0.21695,-2.67399,0.14416,0.57801,0.13154,-0.80207,0.07265,
1413393246005760512,-0.17949,-2.68620,0.11749,0.57036,0.11496,-0.80894,0.08422,
1413393246105760512,-0.16173,-2.69178,0.10509,0.56295,0.10405,-0.81446,0.09442,
1413393246205760512,-0.14706,-2.69496,0.09502,0.56066,0.10157,-0.81549,0.10158,
1413393246305760256,-0.13686,-2.69535,0.08638,0.56546,0.11530,-0.81046,0.10056,
1413393246405760512,-0.12992,-2.69426,0.07812,0.57324,0.13515,-0.80215,0.09845,
1413393246505760512,-0.12398,-2.69302,0.07219,0.58009,0.14945,-0.79435,0.10081,
1413393246605760512,-0.11668,-2.69212,0.06552,0.58170,0.15996,-0.79084,0.10296,
1413393246705760512,-0.10693,-2.69174,0.05850,0.57849,0.16621,-0.79174,0.10429,
1413393246905760512,-0.08319,-2.69529,0.04255,0.57858,0.17297,-0.78995,0.10632,
1413393247105760512,-0.05163,-2.70646,0.01280,0.57970,0.17773,-0.78739,0.11130,
1413393247205760512,-0.03208,-2.71506,-0.00776,0.57518,0.17881,-0.78976,0.11607,
1413393247305760256,-0.01197,-2.72460,-0.03285,0.56246,0.17870,-0.79810,0.12144,
1413393247405760512,0.00637,-2.73425,-0.05925,0.54878,0.17816,-0.80688,0.12666,
1413393247505760512,0.01914,-2.74483,-0.08439,0.54024,0.17668,-0.81191,0.13314,
1413393247605760512,0.02442,-2.75517,-0.10673,0.53492,0.17535,-0.81463,0.13962,
1413393247705760512,0.02120,-2.76442,-0.12864,0.53404,0.17583,-0.81425,0.14449,
1413393247905760512,-0.01160,-2.77542,-0.16906,0.54302,0.17310,-0.80535,0.16305,
1413393248005760512,-0.04093,-2.77535,-0.17864,0.56542,0.17666,-0.78879,0.16402,
1413393248105760512,-0.06956,-2.76900,-0.18983,0.57977,0.18286,-0.77775,0.15978,
1413393248205760512,-0.09569,-2.75640,-0.19848,0.58442,0.18821,-0.77406,0.15445,
1413393248305760256,-0.11904,-2.73927,-0.20157,0.57861,0.19238,-0.77889,0.14673,
1413393248405760512,-0.13899,-2.71975,-0.19947,0.57908,0.19254,-0.77924,0.14277,
1413393248505760512,-0.15519,-2.69965,-0.19023,0.58781,0.18873,-0.77341,0.14386,
1413393248605760512,-0.16842,-2.67772,-0.17392,0.59590,0.18392,-0.76824,0.14454,
1413393248705760512,-0.17421,-2.65174,-0.15578,0.59678,0.18114,-0.76861,0.14240,
1413393248805760256,-0.17198,-2.62173,-0.13665,0.58991,0.18084,-0.77516,0.13577,
1413393248905760512,-0.16705,-2.59040,-0.11792,0.57354,0.18122,-0.78888,0.12603,
1413393249005760512,-0.16054,-2.55996,-0.10686,0.55729,0.17999,-0.80190,0.11829,
1413393249105760512,-0.15593,-2.53178,-0.10417,0.55070,0.17726,-0.80768,0.11389,
1413393249205760512,-0.15484,-2.50730,-0.10811,0.55318,0.17379,-0.80698,0.11213,
1413393249305760256,-0.15685,-2.48606,-0.11323,0.55852,0.17098,-0.80415,0.11027,
1413393249405760512,-0.16099,-2.46788,-0.11706,0.56274,0.17195,-0.80154,0.10623,
1413393249505760512,-0.16636,-2.45350,-0.12070,0.56613,0.17853,-0.79875,0.09809,
1413393249605760512,-0.17173,-2.44447,-0.12702,0.56906,0.18936,-0.79551,0.08651,
1413393249805760256,-0.17600,-2.44901,-0.15525,0.57393,0.18983,-0.79060,0.09760,
1413393249905760512,-0.17473,-2.45998,-0.17390,0.57581,0.18691,-0.78884,0.10598,
1413393250005760512,-0.17066,-2.47450,-0.19215,0.57224,0.18552,-0.79123,0.10988,
1413393250105760512,-0.16511,-2.49185,-0.20865,0.56490,0.18563,-0.79664,0.10859,
1413393250205760512,-0.15975,-2.51327,-0.22312,0.56133,0.18316,-0.79976,0.10835,
1413393250405760512,-0.15260,-2.56525,-0.24815,0.57142,0.17271,-0.79464,0.11048,
1413393250505760512,-0.14809,-2.59531,-0.25756,0.57999,0.16360,-0.78895,0.12001,
1413393250605760512,-0.14185,-2.62400,-0.26617,0.58626,0.15517,-0.78418,0.13144,
1413393250705760512,-0.13319,-2.64797,-0.27462,0.58451,0.15352,-0.78539,0.13399,
1413393250805760256,-0.12239,-2.66737,-0.28165,0.57594,0.15436,-0.79140,0.13477,
1413393250905760512,-0.11151,-2.68225,-0.28699,0.56680,0.15722,-0.79785,0.13214,
1413393251005760512,-0.10319,-2.69295,-0.28950,0.56014,0.15764,-0.80357,0.12521,
1413393251105760512,-0.09855,-2.70041,-0.28811,0.56126,0.15075,-0.80560,0.11518,
1413393251205760512,-0.09800,-2.70560,-0.28260,0.56836,0.13403,-0.80524,0.10288,
1413393251305760256,-0.09810,-2.70800,-0.27510,0.57712,0.11102,-0.80450,0.08592,
1413393251405760512,-0.09841,-2.70896,-0.26417,0.58660,0.08406,-0.80271,0.06701,
1413393251505760512,-0.09664,-2.70813,-0.25229,0.59653,0.05626,-0.79912,0.04896,
1413393251605760512,-0.09466,-2.70863,-0.23948,0.60513,0.03110,-0.79493,0.03054,
1413393251705760512,-0.08356,-2.70195,-0.22137,0.61199,0.00684,-0.79073,0.01313,
1413393251805760256,-0.06531,-2.69932,-0.20761,0.61194,-0.01593,-0.79073,-0.00470,
1413393251905760512,-0.04327,-2.69507,-0.19401,0.60001,-0.03839,-0.79879,-0.02110,
1413393252005760512,-0.01753,-2.68976,-0.17914,0.58588,-0.05731,-0.80728,-0.04183,
1413393252105760512,0.00744,-2.68826,-0.16090,0.57691,-0.07684,-0.81108,-0.05849,
1413393252205760512,0.03443,-2.68492,-0.13948,0.57426,-0.09754,-0.80979,-0.07027,
1413393252305760256,0.05027,-2.68497,-0.12535,0.57461,-0.11709,-0.80568,-0.08362,
1413393252405760512,0.06983,-2.68715,-0.10123,0.57338,-0.13813,-0.80200,-0.09460,
1413393252505760512,0.08392,-2.68510,-0.09253,0.56817,-0.15895,-0.80131,-0.09908,
1413393252605760512,0.09744,-2.68262,-0.09131,0.56716,-0.17112,-0.79878,-0.10486,
1413393252705760512,0.11020,-2.67925,-0.09497,0.56612,-0.17933,-0.79674,-0.11209,
1413393252805760256,0.11645,-2.67492,-0.10016,0.56647,-0.18497,-0.79340,-0.12416,
1413393252905760512,0.12319,-2.66956,-0.10714,0.56684,-0.19071,-0.78954,-0.13765,
1413393253005760512,0.13042,-2.66097,-0.11177,0.56587,-0.19393,-0.78723,-0.14983,
1413393253105760512,0.13360,-2.65868,-0.11122,0.56082,-0.19653,-0.78854,-0.15831,
1413393253205760512,0.13724,-2.65149,-0.11101,0.55070,-0.20318,-0.79440,-0.15615,
1413393253305760256,0.12822,-2.66250,-0.11015,0.54241,-0.21070,-0.79935,-0.14981,
1413393253605760512,0.07913,-2.66285,-0.08831,0.54944,-0.21736,-0.79403,-0.14277,
1413393253705760512,0.05141,-2.65862,-0.07873,0.55660,-0.21474,-0.78939,-0.14471,
1413393253805760256,0.02236,-2.65300,-0.06374,0.56099,-0.21192,-0.78657,-0.14725,
1413393254005760512,-0.03616,-2.64003,-0.02983,0.56136,-0.22428,-0.78199,-0.15189,
1413393254105760512,-0.06706,-2.63243,-0.00971,0.55966,-0.23621,-0.77838,-0.15846,
1413393254205760512,-0.09746,-2.62333,0.01257,0.55850,-0.25089,-0.77265,-0.16774,
1413393254305760256,-0.12696,-2.61436,0.03665,0.55587,-0.26312,-0.76773,-0.17989,
1413393254405760512,-0.15709,-2.60553,0.06185,0.54789,-0.26872,-0.76772,-0.19548,
1413393254505760512,-0.18878,-2.59801,0.08627,0.53640,-0.27382,-0.77106,-0.20682,
1413393254705760512,-0.26642,-2.58870,0.13600,0.53447,-0.28653,-0.76783,-0.20660,
1413393254805760256,-0.31128,-2.58410,0.15970,0.54398,-0.28854,-0.76065,-0.20555,
1413393254905760512,-0.35856,-2.58032,0.18208,0.55091,-0.28824,-0.75610,-0.20428,
1413393255005760512,-0.40249,-2.57953,0.20248,0.55389,-0.28690,-0.75488,-0.20263,
1413393255105760512,-0.44601,-2.57761,0.22071,0.55753,-0.28772,-0.75310,-0.19803,
1413393255205760512,-0.48687,-2.57570,0.23676,0.56125,-0.29099,-0.75117,-0.18991,
1413393255405760512,-0.55651,-2.56734,0.26071,0.56410,-0.29468,-0.74988,-0.18064,
1413393255805760256,-0.64103,-2.51790,0.28916,0.55214,-0.30093,-0.75372,-0.19102,
1413393255905760512,-0.65400,-2.50041,0.28936,0.54208,-0.30198,-0.75925,-0.19619,
1413393256005760512,-0.66707,-2.48138,0.29000,0.53555,-0.29920,-0.76251,-0.20554,
1413393256205760512,-0.70099,-2.44014,0.28553,0.53241,-0.29900,-0.76266,-0.21328,
1413393256505760512,-0.77761,-2.37444,0.28185,0.53327,-0.31046,-0.76157,-0.19811,
1413393256705760512,-0.84016,-2.31841,0.29891,0.53307,-0.29976,-0.76457,-0.20353,
1413393256905760512,-0.91259,-2.25807,0.29334,0.53577,-0.28919,-0.76598,-0.20636,
1413393257105760512,-0.99255,-2.19904,0.26715,0.54195,-0.28977,-0.76384,-0.19718,
1413393257305760256,-1.07797,-2.13908,0.24160,0.54386,-0.29181,-0.76262,-0.19357,
1413393257505760512,-1.16537,-2.07503,0.21965,0.54372,-0.29406,-0.76184,-0.19366,
1413393257705760512,-1.25157,-2.00488,0.19391,0.54423,-0.29868,-0.75922,-0.19544,
1413393257905760512,-1.33619,-1.93059,0.16855,0.53956,-0.29658,-0.76007,-0.20788,
1413393258105760512,-1.42695,-1.85747,0.15340,0.53794,-0.29398,-0.75987,-0.21632,
1413393258305760256,-1.52800,-1.79746,0.14286,0.54859,-0.28103,-0.75879,-0.21050,
1413393258405760512,-1.57848,-1.77189,0.14408,0.56256,-0.26764,-0.75536,-0.20331,
1413393258505760512,-1.62718,-1.75302,0.14196,0.57272,-0.25442,-0.75648,-0.18710,
1413393258605760512,-1.67291,-1.73766,0.14117,0.58125,-0.23486,-0.76063,-0.16862,
1413393258705760512,-1.71473,-1.72587,0.14070,0.58063,-0.21148,-0.77179,-0.14995,
1413393258805760256,-1.75136,-1.71599,0.14020,0.57716,-0.18921,-0.78398,-0.12827,
1413393258905760512,-1.78593,-1.70749,0.14051,0.57553,-0.16525,-0.79379,-0.10650,
1413393259005760512,-1.81915,-1.69806,0.14359,0.57337,-0.13758,-0.80278,-0.08870,
1413393259105760512,-1.85179,-1.69021,0.14447,0.57322,-0.11034,-0.80895,-0.06957,
1413393259205760512,-1.88495,-1.68182,0.14715,0.57418,-0.08315,-0.81290,-0.05095,
1413393259305760256,-1.91970,-1.67260,0.15080,0.57434,-0.05622,-0.81609,-0.03116,
1413393259405760512,-1.95622,-1.66482,0.15475,0.57394,-0.02972,-0.81828,-0.01145,
1413393259505760512,-1.99474,-1.65553,0.15812,0.57414,-0.00263,-0.81872,0.00795,
1413393259605760512,-2.03312,-1.64871,0.16383,0.57342,0.02720,-0.81836,0.02728,
1413393259705760512,-2.07189,-1.63752,0.16834,0.57111,0.05719,-0.81748,0.04779,
1413393259805760256,-2.11184,-1.62784,0.17578,0.56931,0.08615,-0.81479,0.06765,
1413393259905760512,-2.15419,-1.61802,0.18482,0.56773,0.11347,-0.81073,0.08669,
1413393260005760512,-2.19583,-1.61064,0.19242,0.56522,0.13896,-0.80634,0.10500,
1413393260105760512,-2.24253,-1.59766,0.20234,0.56292,0.16266,-0.80110,0.12211,
1413393260205760512,-2.28757,-1.58749,0.21103,0.56015,0.18542,-0.79528,0.13922,
1413393260305760256,-2.33278,-1.57740,0.21810,0.56091,0.20804,-0.78601,0.15586,
1413393260405760512,-2.37451,-1.56651,0.22053,0.57486,0.22988,-0.76792,0.16428,
1413393260505760512,-2.41378,-1.55290,0.21822,0.59501,0.24923,-0.74659,0.16265,
1413393260605760512,-2.44279,-1.53891,0.20979,0.61063,0.26464,-0.73019,0.15470,
1413393260805760256,-2.45299,-1.51986,0.18594,0.59572,0.28804,-0.73598,0.14314,
1413393260905760512,-2.43567,-1.51906,0.17743,0.57246,0.28318,-0.75350,0.15601,
1413393261005760512,-2.41081,-1.52334,0.17220,0.55353,0.27457,-0.76776,0.16959,
1413393261105760512,-2.38467,-1.53130,0.16941,0.54034,0.26820,-0.77782,0.17637,
1413393261205760512,-2.36119,-1.54257,0.16736,0.53164,0.26665,-0.78451,0.17552,
1413393261405760512,-2.32474,-1.57759,0.16915,0.53650,0.27137,-0.77825,0.18127,
1413393261505760512,-2.31100,-1.59952,0.17138,0.53599,0.28026,-0.77281,0.19220,
1413393261605760512,-2.29870,-1.62864,0.17405,0.52746,0.28662,-0.77075,0.21350,
1413393261705760512,-2.28876,-1.65566,0.17542,0.51450,0.29896,-0.76872,0.23451,
1413393261805760256,-2.28437,-1.68330,0.17847,0.50237,0.31712,-0.76353,0.25314,
1413393261905760512,-2.28839,-1.70903,0.18348,0.50192,0.33944,-0.75040,0.26412,
1413393262005760512,-2.29931,-1.73301,0.19036,0.50585,0.35834,-0.73651,0.27067,
1413393262105760512,-2.31374,-1.75545,0.19765,0.50863,0.37154,-0.72622,0.27543,
1413393262205760512,-2.33069,-1.77691,0.20662,0.50945,0.37960,-0.72045,0.27806,
1413393262405760512,-2.36820,-1.81674,0.22664,0.50683,0.38753,-0.71796,0.27835,
1413393262605760512,-2.40732,-1.85869,0.23813,0.50607,0.39020,-0.71760,0.27693,
1413393262805760256,-2.44719,-1.90302,0.21026,0.50581,0.39102,-0.71744,0.27667,
1413393263005760512,-2.48583,-1.95221,0.17250,0.50217,0.38992,-0.71906,0.28062,
1413393263205760512,-2.52782,-2.00293,0.14390,-0.49602,-0.38647,0.72193,-0.28883,
1413393263405760512,-2.57823,-2.05331,0.12938,-0.49522,-0.38404,0.72226,-0.29259,
1413393263605760512,-2.63809,-2.10221,0.10331,0.50646,0.38541,-0.71534,0.28852,
1413393263705760512,-2.66839,-2.12567,0.07970,0.51743,0.38410,-0.70720,0.29088,
1413393263805760256,-2.69527,-2.14653,0.05090,0.52373,0.38915,-0.69840,0.29412,
1413393263905760512,-2.71627,-2.16433,0.02196,0.52350,0.39861,-0.69061,0.30017,
1413393264005760512,-2.73201,-2.17791,-0.00440,0.51958,0.40964,-0.68404,0.30710,
1413393264105760512,-2.74348,-2.18735,-0.02825,0.50841,0.41918,-0.68490,0.31101,
1413393264205760512,-2.75249,-2.19274,-0.04968,-0.49467,-0.42691,0.69062,-0.30999,
1413393264305760256,-2.76018,-2.19654,-0.06853,-0.48517,-0.43310,0.69566,-0.30511,
1413393264405760512,-2.76775,-2.20138,-0.08489,-0.48027,-0.43724,0.69930,-0.29855,
1413393264705760512,-2.79151,-2.23935,-0.12076,-0.48418,-0.42755,0.70089,-0.30252,
1413393264905760512,-2.80764,-2.27749,-0.14272,-0.48512,-0.43096,0.69705,-0.30503,
1413393265105760512,-2.82456,-2.32066,-0.16697,-0.48983,-0.43320,0.69335,-0.30278,
1413393265205760512,-2.83163,-2.34534,-0.17520,0.50276,0.42827,-0.68431,0.30908,
1413393265305760256,-2.83569,-2.36758,-0.18231,0.51393,0.42219,-0.67623,0.31677,
1413393265405760512,-2.83592,-2.38401,-0.18925,0.51147,0.41327,-0.67868,0.32709,
1413393265505760512,-2.83356,-2.39397,-0.19562,-0.49969,-0.41098,0.68733,-0.33011,
1413393265605760512,-2.83065,-2.39921,-0.19849,-0.49231,-0.42062,0.68924,-0.32505,
1413393265705760512,-2.82777,-2.40143,-0.19779,-0.49009,-0.43686,0.68330,-0.31949,
1413393265805760256,-2.82358,-2.40273,-0.19387,-0.48656,-0.45301,0.67495,-0.32015,
1413393265905760512,-2.81742,-2.40436,-0.18665,-0.47989,-0.46804,0.66638,-0.32646,
1413393266005760512,-2.80788,-2.40640,-0.17639,-0.47061,-0.48333,0.65691,-0.33674,
1413393266105760512,-2.79604,-2.41022,-0.16347,-0.45861,-0.50052,0.64489,-0.35110,
1413393266205760512,-2.78211,-2.41475,-0.14679,-0.44519,-0.52256,0.62731,-0.36773,
1413393266305760256,-2.76578,-2.41945,-0.12736,-0.42771,-0.54765,0.60605,-0.38710,
1413393266405760512,-2.74840,-2.42456,-0.10561,-0.40717,-0.57659,0.57916,-0.40783,
1413393266505760512,-2.72891,-2.42906,-0.08002,0.38216,0.60775,-0.54698,0.43059,
1413393266605760512,-2.71052,-2.43205,-0.05454,0.35854,0.63269,-0.51106,0.45822,
1413393266705760512,-2.69484,-2.43397,-0.03970,0.33585,0.65230,-0.47932,0.48163,
1413393266805760256,-2.68421,-2.43349,-0.03713,0.31453,0.66821,-0.45267,0.49965,
1413393266905760512,-2.67774,-2.42848,-0.02863,0.30390,0.67813,-0.42881,0.51372,
1413393267005760512,-2.67700,-2.42051,-0.00767,0.29231,0.68936,-0.41818,0.51427,
1413393267105760512,-2.68124,-2.41119,0.02909,0.28350,0.69674,-0.41477,0.51200,
1413393267405760512,-2.71536,-2.38281,0.09283,0.27855,0.69768,-0.42323,0.50649,
1413393267505760512,-2.73152,-2.37738,0.09260,0.28514,0.69618,-0.42480,0.50356,
1413393267605760512,-2.74915,-2.37346,0.08466,0.29305,0.69649,-0.42537,0.49808,
1413393267705760512,-2.76771,-2.36759,0.06984,0.29951,0.69628,-0.42558,0.49434,
1413393267805760256,-2.78511,-2.36105,0.04686,0.30445,0.69734,-0.42490,0.49039,
1413393268005760512,-2.81177,-2.34650,0.00636,0.30400,0.69694,-0.42444,0.49164,
1413393268205760512,-2.83130,-2.33152,-0.02061,0.29016,0.69516,-0.43271,0.49530,
1413393268405760512,-2.84992,-2.31955,-0.03766,0.30326,0.70482,-0.42247,0.48248,
1413393268805760256,-2.85174,-2.31072,-0.01630,0.29723,0.69729,-0.43453,0.48644,
1413393269005760512,-2.84481,-2.31432,0.00257,0.30132,0.69325,-0.43529,0.48901,
1413393269105760512,-2.84144,-2.31910,0.00307,0.31463,0.69553,-0.42583,0.48572,
1413393269305760256,-2.82276,-2.32173,0.00779,0.30945,0.69780,-0.41042,0.49887,
1413393269405760512,-2.80984,-2.31796,0.01279,0.29739,0.69564,-0.40214,0.51568,
1413393269505760512,-2.79927,-2.31000,0.00995,0.28641,0.69656,-0.39730,0.52433,
1413393269605760512,-2.79251,-2.29898,-0.00673,0.27592,0.70090,-0.39614,0.52505,
1413393269705760512,-2.79012,-2.28667,-0.03505,0.26855,0.70407,-0.39607,0.52469,
1413393269805760256,-2.79152,-2.27450,-0.06950,0.26417,0.70994,-0.39619,0.51887,
1413393269905760512,-2.79565,-2.26263,-0.10206,0.26574,0.71626,-0.39307,0.51172,
1413393270005760512,-2.80158,-2.25201,-0.13284,0.27086,0.72246,-0.38820,0.50397,
1413393270105760512,-2.80653,-2.24409,-0.16028,0.26945,0.72518,-0.38744,0.50139,
1413393270205760512,-2.81047,-2.23688,-0.18604,0.26667,0.72656,-0.38771,0.50068,
1413393270405760512,-2.81363,-2.22823,-0.23319,0.26318,0.72547,-0.39073,0.50176,
1413393270605760512,-2.81701,-2.23275,-0.26632,0.27144,0.71692,-0.40621,0.49733,
1413393270705760512,-2.82194,-2.23568,-0.28073,0.28385,0.71312,-0.41417,0.48923,
1413393270805760256,-2.82301,-2.24356,-0.28338,0.29456,0.70839,-0.42021,0.48460,
1413393270905760512,-2.82100,-2.25395,-0.26986,0.30363,0.70628,-0.42402,0.47873,
1413393271005760512,-2.81516,-2.26524,-0.25119,0.31341,0.70437,-0.42459,0.47471,
1413393271105760512,-2.80525,-2.27610,-0.23731,0.31747,0.70114,-0.42722,0.47445,
1413393271305760256,-2.77610,-2.29473,-0.23922,0.33058,0.69434,-0.42619,0.47642,
1413393271505760512,-2.73668,-2.30242,-0.25618,0.34394,0.67934,-0.44180,0.47436,
1413393271605760512,-2.71211,-2.30129,-0.25989,0.34652,0.66749,-0.45481,0.47700,
1413393271705760512,-2.68599,-2.29743,-0.25995,0.34931,0.66123,-0.46730,0.47158,
1413393271805760256,-2.66009,-2.28854,-0.25822,0.35113,0.65652,-0.48397,0.45984,
1413393271905760512,-2.63349,-2.27946,-0.25439,0.35684,0.65067,-0.49595,0.45092,
1413393272105760512,-2.57349,-2.26152,-0.24030,0.37045,0.63975,-0.50701,0.44321,
1413393272305760256,-2.50869,-2.24256,-0.22030,0.37672,0.61942,-0.52516,0.44565,
1413393272505760512,-2.45001,-2.22071,-0.19824,0.39147,0.60062,-0.54581,0.43371,
1413393272605760512,-2.42452,-2.20771,-0.18663,0.40456,0.59277,-0.55410,0.42182,
1413393272705760512,-2.39976,-2.19399,-0.17367,0.41597,0.58440,-0.56410,0.40894,
1413393272805760256,-2.37286,-2.17973,-0.16056,-0.42636,-0.57377,0.57536,-0.39746,
1413393272905760512,-2.34300,-2.16428,-0.14571,-0.43744,-0.56109,0.58671,-0.38678,
1413393273005760512,-2.31108,-2.14856,-0.13048,-0.44502,-0.54681,0.60026,-0.37768,
1413393273105760512,-2.27613,-2.13267,-0.11636,-0.44825,-0.53090,0.61786,-0.36806,
1413393273205760512,-2.24041,-2.11820,-0.10270,-0.45297,-0.51365,0.63496,-0.35749,
1413393273305760256,-2.20452,-2.10472,-0.08953,-0.45778,-0.49577,0.65281,-0.34422,
1413393273405760512,-2.17027,-2.09410,-0.07567,-0.46716,-0.47674,0.66695,-0.33114,
1413393273505760512,-2.13737,-2.08517,-0.06190,-0.47764,-0.45876,0.67908,-0.31661,
1413393273605760512,-2.10498,-2.07884,-0.04547,-0.49174,-0.43827,0.68679,-0.30731,
1413393273705760512,-2.07184,-2.07339,-0.02786,0.50454,0.41752,-0.69437,0.29827,
1413393273805760256,-2.03813,-2.06816,-0.00994,0.51331,0.39878,-0.70332,0.28780,
1413393273905760512,-2.00399,-2.06153,0.00666,0.51540,0.37957,-0.71605,0.27852,
1413393274005760512,-1.97122,-2.05509,0.02431,0.51724,0.36111,-0.72866,0.26669,
1413393274105760512,-1.94010,-2.04878,0.04378,0.51980,0.34270,-0.73964,0.25553,
1413393274205760512,-1.91219,-2.04247,0.06456,0.52422,0.32362,-0.74831,0.24597,
1413393274305760256,-1.88759,-2.03617,0.08532,0.52850,0.30538,-0.75645,0.23497,
1413393274405760512,-1.86653,-2.02988,0.10658,0.53313,0.28863,-0.76348,0.22262,
1413393274505760512,-1.84846,-2.02247,0.12346,0.53905,0.27051,-0.76940,0.21041,
1413393274605760512,-1.83249,-2.01390,0.12985,0.54356,0.25147,-0.77590,0.19821,
1413393274705760512,-1.81969,-2.00437,0.12680,0.54792,0.23325,-0.78182,0.18475,
1413393274805760256,-1.80915,-1.99421,0.11929,0.55749,0.21748,-0.78317,0.16894,
1413393274905760512,-1.80089,-1.97994,0.11283,0.56828,0.20195,-0.78295,0.15252,
1413393275005760512,-1.78928,-1.97128,0.10671,0.57697,0.18618,-0.78299,0.13918,
1413393275105760512,-1.77776,-1.95632,0.10311,0.58250,0.16954,-0.78477,0.12685,
1413393275205760512,-1.76313,-1.94286,0.09960,0.58455,0.15134,-0.78862,0.11607,
1413393275305760256,-1.74613,-1.92813,0.09763,0.58417,0.13175,-0.79409,0.10396,
1413393275405760512,-1.72701,-1.91074,0.09477,0.58389,0.11005,-0.79895,0.09293,
1413393275505760512,-1.70742,-1.89521,0.09805,0.58492,0.08861,-0.80212,0.08141,
1413393275605760512,-1.68667,-1.87713,0.10261,0.58656,0.06708,-0.80412,0.06957,
1413393275705760512,-1.66555,-1.85521,0.10782,0.58839,0.04665,-0.80522,0.05698,
1413393275805760256,-1.64359,-1.83220,0.11405,0.58086,0.02929,-0.81232,0.04339,
1413393275905760512,-1.62336,-1.80851,0.12159,0.56757,0.01316,-0.82234,0.03811,
1413393276005760512,-1.60776,-1.78323,0.13031,0.55716,0.00180,-0.82963,0.03584,
1413393276105760512,-1.59998,-1.75690,0.14358,0.56277,0.00434,-0.82627,0.02356,
1413393276205760512,-1.59601,-1.72671,0.15832,0.57628,0.01411,-0.81709,0.00821,
1413393276305760256,-1.59473,-1.69954,0.17408,0.58474,0.02290,-0.81090,-0.00114,
1413393276605760512,-1.59460,-1.64442,0.17182,0.57778,0.02264,-0.81570,0.01713,
1413393276805760256,-1.60198,-1.61624,0.15030,0.57086,0.02130,-0.82034,0.02677,
1413393277205760512,-1.65328,-1.55733,0.13364,0.57561,0.02338,-0.81701,0.02511,
1413393277405760512,-1.69083,-1.52869,0.13838,0.58124,0.02461,-0.81310,0.02049,
1413393277605760512,-1.73187,-1.50384,0.15343,0.58365,0.02237,-0.81145,0.02026,
1413393277805760256,-1.77247,-1.47861,0.15175,0.59248,0.00432,-0.80526,0.02258,
1413393277905760512,-1.79125,-1.46263,0.13822,0.59610,-0.00860,-0.80270,0.01634,
1413393278005760512,-1.80589,-1.44239,0.12260,0.60043,-0.02565,-0.79923,0.00799,
1413393278105760512,-1.81623,-1.42284,0.10829,0.59722,-0.04427,-0.80084,-0.00463,
1413393278205760512,-1.82136,-1.39783,0.09742,0.59217,-0.06411,-0.80303,-0.01893,
1413393278305760256,-1.82471,-1.36914,0.09226,0.58492,-0.08835,-0.80576,-0.02839,
1413393278405760512,-1.82733,-1.33877,0.09075,0.57714,-0.11169,-0.80845,-0.02897,
1413393278505760512,-1.82936,-1.30296,0.08931,0.56965,-0.12908,-0.81121,-0.02790,
1413393278605760512,-1.83189,-1.25833,0.08972,0.56528,-0.14005,-0.81247,-0.02726,
1413393278705760512,-1.83632,-1.20499,0.09276,0.56506,-0.13936,-0.81243,-0.03524,
1413393278805760256,-1.84307,-1.14323,0.10088,0.57242,-0.12477,-0.80835,-0.05776,
1413393278905760512,-1.85065,-1.07865,0.11059,0.57644,-0.11191,-0.80602,-0.07435,
1413393279005760512,-1.85802,-1.01549,0.12206,0.57718,-0.10438,-0.80575,-0.08199,
1413393279105760512,-1.86581,-0.95559,0.13475,0.57519,-0.09971,-0.80760,-0.08361,
1413393279305760256,-1.88565,-0.84734,0.13586,0.56794,-0.09405,-0.81371,-0.08045,
1413393279405760512,-1.89745,-0.79838,0.12640,0.55986,-0.09192,-0.81984,-0.07726,
1413393279605760512,-1.93461,-0.71041,0.11472,0.56287,-0.08486,-0.81874,-0.07513,
1413393279705760512,-1.95910,-0.67170,0.11381,0.56950,-0.08070,-0.81458,-0.07495,
1413393279905760512,-2.01427,-0.60647,0.10738,0.58104,-0.07795,-0.80710,-0.07003,
1413393280105760512,-2.06684,-0.55714,0.10219,0.58586,-0.07856,-0.80445,-0.05882,
1413393280305760256,-2.10994,-0.51750,0.10735,0.58890,-0.08250,-0.80298,-0.04021,
1413393280505760512,-2.13824,-0.47125,0.12537,0.59630,-0.08827,-0.79761,-0.02141,
1413393280705760512,-2.15396,-0.41050,0.12422,0.58505,-0.09142,-0.80577,-0.00991,
1413393280805760256,-2.15637,-0.37087,0.11148,0.58066,-0.09487,-0.80860,-0.00185,
1413393280905760512,-2.15745,-0.32322,0.09356,0.57606,-0.09522,-0.81184,0.00069,
1413393281005760512,-2.15901,-0.26595,0.08018,0.57443,-0.08899,-0.81367,-0.00692,
1413393281105760512,-2.16280,-0.20091,0.07560,0.57349,-0.07640,-0.81531,-0.02343,
1413393281205760512,-2.16803,-0.13301,0.07718,0.57387,-0.06736,-0.81535,-0.03651,
1413393281305760256,-2.17422,-0.06570,0.08239,0.57352,-0.06196,-0.81556,-0.04568,
1413393281405760512,-2.18253,-0.00167,0.09097,0.57406,-0.05960,-0.81502,-0.05141,
1413393281505760512,-2.19302,0.05857,0.09917,0.57381,-0.06166,-0.81488,-0.05400,
1413393281605760512,-2.20588,0.11491,0.10778,0.57484,-0.06449,-0.81382,-0.05569,
1413393281705760512,-2.22034,0.16698,0.11869,0.57920,-0.06715,-0.81029,-0.05864,
1413393281805760256,-2.23615,0.21493,0.13282,0.58734,-0.06901,-0.80390,-0.06340,
1413393281905760512,-2.25078,0.25840,0.14789,0.59466,-0.07562,-0.79809,-0.06097,
1413393282005760512,-2.26208,0.29862,0.16298,0.59156,-0.08251,-0.79996,-0.05753,
1413393282105760512,-2.27066,0.33668,0.17923,0.58419,-0.08999,-0.80494,-0.05184,
1413393282205760512,-2.27797,0.37466,0.19676,0.57850,-0.09760,-0.80863,-0.04383,
1413393282305760256,-2.28547,0.41456,0.21574,0.57489,-0.10100,-0.81096,-0.04062,
1413393282405760512,-2.29412,0.45741,0.23770,0.57805,-0.09482,-0.80900,-0.04886,
1413393282505760512,-2.30307,0.50050,0.25863,0.58065,-0.08602,-0.80740,-0.05968,
1413393282605760512,-2.31269,0.54190,0.27060,0.58334,-0.07964,-0.80557,-0.06656,
1413393282705760512,-2.32234,0.57940,0.27239,0.58698,-0.07500,-0.80311,-0.06961,
1413393282905760512,-2.33719,0.63882,0.27039,0.59242,-0.06336,-0.80168,-0.04838,
1413393283005760512,-2.34090,0.66256,0.27036,0.58433,-0.04949,-0.80923,-0.03556,
1413393283105760512,-2.34463,0.68315,0.27274,0.57600,-0.03023,-0.81654,-0.02387,
1413393283205760512,-2.34924,0.70058,0.27750,0.57277,-0.00755,-0.81957,-0.01324,
1413393283305760256,-2.35648,0.71415,0.28287,0.57069,0.01622,-0.82101,-0.00166,
1413393283405760512,-2.36593,0.72252,0.28787,0.56925,0.03992,-0.82110,0.01244,
1413393283505760512,-2.37760,0.72672,0.28881,0.56768,0.06260,-0.82036,0.02881,
1413393283605760512,-2.39149,0.72692,0.28252,0.56619,0.08320,-0.81866,0.04797,
1413393283705760512,-2.40641,0.72424,0.26412,0.56776,0.10429,-0.81387,0.06625,
1413393283805760256,-2.42214,0.71831,0.24092,0.57117,0.12546,-0.80691,0.08319,
1413393283905760512,-2.43771,0.70958,0.21736,0.57146,0.14895,-0.80102,0.09805,
1413393284005760512,-2.45199,0.69801,0.19564,0.56563,0.17400,-0.79813,0.11307,
1413393284105760512,-2.46439,0.68300,0.17718,0.55945,0.19876,-0.79426,0.12910,
1413393284205760512,-2.47655,0.66469,0.16220,0.55487,0.22297,-0.78806,0.14619,
1413393284305760256,-2.48833,0.64287,0.15127,0.55117,0.24859,-0.77951,0.16365,
1413393284405760512,-2.49878,0.61741,0.14287,0.54869,0.27287,-0.76868,0.18334,
1413393284505760512,-2.50725,0.58902,0.13605,0.54534,0.29761,-0.75684,0.20302,
1413393284605760512,-2.51269,0.55870,0.12973,0.53750,0.32260,-0.74672,0.22234,
1413393284705760512,-2.51499,0.52682,0.12260,0.52245,0.34466,-0.74009,0.24602,
1413393284805760256,-2.51618,0.49403,0.11699,0.50632,0.36635,-0.73224,0.27065,
1413393284905760512,-2.51815,0.46186,0.11252,-0.49167,-0.39073,0.72125,-0.29221,
1413393285005760512,-2.52250,0.42960,0.10988,-0.47889,-0.41572,0.70736,-0.31222,
1413393285105760512,-2.53042,0.39706,0.10827,-0.46655,-0.43966,0.69243,-0.33101,
1413393285205760512,-2.54183,0.36486,0.10769,-0.45500,-0.46311,0.67605,-0.34851,
1413393285305760256,-2.55597,0.33233,0.10712,-0.44338,-0.48537,0.65916,-0.36516,
1413393285405760512,-2.57286,0.29980,0.10668,-0.43260,-0.50694,0.64141,-0.38008,
1413393285505760512,-2.59318,0.26835,0.10718,-0.42120,-0.52843,0.62324,-0.39360,
1413393285605760512,-2.61657,0.23706,0.10920,-0.41209,-0.55017,0.60232,-0.40585,
1413393285705760512,-2.64154,0.20557,0.11278,-0.40564,-0.57092,0.57882,-0.41771,
1413393285805760256,-2.66697,0.17541,0.11851,0.40325,0.59257,-0.55346,0.42418,
1413393285905760512,-2.69099,0.14811,0.12488,0.39151,0.60685,-0.53883,0.43371,
1413393286005760512,-2.71414,0.12321,0.13243,0.37913,0.61468,-0.53182,0.44227,
1413393286205760512,-2.76144,0.07343,0.14847,0.36462,0.61787,-0.53053,0.45148,
1413393286405760512,-2.81085,0.02828,0.14978,0.37008,0.61583,-0.53101,0.44925,
1413393286505760512,-2.83802,0.00809,0.13398,0.37490,0.61347,-0.53292,0.44620,
1413393286605760512,-2.86431,-0.01068,0.11420,0.37622,0.61023,-0.53758,0.44394,
1413393286705760512,-2.89042,-0.02837,0.10007,0.37920,0.60920,-0.54058,0.43916,
1413393286805760256,-2.91673,-0.04618,0.09442,0.38630,0.61205,-0.53959,0.43013,
1413393286905760512,-2.94001,-0.06334,0.09446,0.39400,0.61843,-0.53394,0.42097,
1413393287105760512,-2.96618,-0.09717,0.10052,0.39294,0.63441,-0.51535,0.42135,
1413393287205760512,-2.96615,-0.11328,0.10685,0.38019,0.64183,-0.50786,0.43080,
1413393287305760256,-2.95897,-0.12926,0.11467,0.36058,0.64897,-0.49965,0.44628,
1413393287405760512,-2.94788,-0.14596,0.12609,0.34191,0.65710,-0.48591,0.46391,
1413393287505760512,-2.93472,-0.16205,0.13893,0.32359,0.66934,-0.46849,0.47727,
1413393287605760512,-2.92137,-0.17693,0.15137,0.30547,0.68419,-0.44871,0.48706,
1413393287705760512,-2.90803,-0.19236,0.16303,0.28641,0.69748,-0.42876,0.49764,
1413393287805760256,-2.89499,-0.20900,0.17410,0.26851,0.70947,-0.40726,0.50861,
1413393287905760512,-2.88354,-0.22661,0.18233,0.25098,0.71975,-0.38475,0.52051,
1413393288005760512,-2.87385,-0.24595,0.18922,0.23554,0.72896,-0.36193,0.53116,
1413393288105760512,-2.86745,-0.26725,0.19363,0.22326,0.73811,-0.34330,0.53619,
1413393288205760512,-2.86517,-0.29032,0.19498,0.21470,0.74658,-0.33205,0.53505,
1413393288305760256,-2.86493,-0.31552,0.19333,0.20838,0.75568,-0.32729,0.52764,
1413393288605760512,-2.85549,-0.41198,0.18981,0.21383,0.74908,-0.32288,0.53749,
1413393288705760512,-2.85145,-0.44623,0.18861,0.21569,0.74420,-0.31743,0.54670,
1413393289005760512,-2.84746,-0.54036,0.16518,0.20887,0.75267,-0.30390,0.54544,
1413393289405760512,-2.85406,-0.65377,0.09026,0.20335,0.75614,-0.29323,0.54856,
1413393289605760512,-2.86175,-0.70240,0.08371,0.20360,0.76026,-0.29281,0.54297,
1413393289905760512,-2.86649,-0.76871,0.09269,0.20720,0.75722,-0.29554,0.54437,
1413393290105760512,-2.86565,-0.80804,0.10062,0.20963,0.75364,-0.30034,0.54578,
1413393290305760256,-2.86697,-0.83968,0.07199,0.20963,0.75297,-0.30720,0.54288,
1413393290505760512,-2.86633,-0.86885,0.02438,0.20565,0.76069,-0.30466,0.53502,
1413393290705760512,-2.85883,-0.90001,-0.02109,0.19914,0.76673,-0.29746,0.53290,
1413393291005760512,-2.83277,-0.95379,-0.08972,0.18973,0.76213,-0.29634,0.54346,
1413393291205760512,-2.81371,-0.99743,-0.13938,0.18353,0.75091,-0.30143,0.55820,
1413393291405760512,-2.81049,-1.04887,-0.18790,0.19259,0.75333,-0.29806,0.55369,
1413393291505760512,-2.81326,-1.07378,-0.20945,0.19590,0.75910,-0.29176,0.54797,
1413393291705760512,-2.81925,-1.12364,-0.24062,0.19851,0.76563,-0.28134,0.54336,
1413393292005760512,-2.81676,-1.19187,-0.22616,0.19482,0.77112,-0.26341,0.54592,
1413393292105760512,-2.81280,-1.21076,-0.20354,0.19505,0.76887,-0.25722,0.55194,
1413393292205760512,-2.80827,-1.22631,-0.18159,0.19538,0.76640,-0.25100,0.55808,
1413393292305760256,-2.80426,-1.23719,-0.16042,0.19420,0.76494,-0.24504,0.56312,
1413393292505760512,-2.80132,-1.24189,-0.12362,0.18608,0.76495,-0.23975,0.56810,
1413393292705760512,-2.80461,-1.22814,-0.08889,0.18338,0.77263,-0.23177,0.56187,
1413393292905760512,-2.80750,-1.19599,-0.05038,0.17897,0.77409,-0.22186,0.56527,
1413393293005760512,-2.80999,-1.17177,-0.02732,0.17230,0.77444,-0.22011,0.56754,
1413393293105760512,-2.81438,-1.14188,-0.00483,0.16634,0.77590,-0.21849,0.56796,
1413393293205760512,-2.81943,-1.10916,0.01768,0.15964,0.77708,-0.21826,0.56835,
1413393293305760256,-2.82527,-1.07423,0.03874,0.15236,0.77824,-0.21929,0.56837,
1413393293405760512,-2.83229,-1.03816,0.04966,0.14453,0.77730,-0.22212,0.57059,
1413393293505760512,-2.84106,-1.00207,0.04957,0.13995,0.77746,-0.22444,0.57061,
1413393293705760512,-2.86243,-0.93144,0.03576,0.15173,0.78380,-0.21508,0.56247,
1413393293905760512,-2.88443,-0.85580,0.03189,0.15886,0.78840,-0.20713,0.55703,
1413393294105760512,-2.89747,-0.76679,0.04026,0.16028,0.78753,-0.20350,0.55920,
1413393294205760512,-2.90064,-0.71684,0.04855,0.15822,0.78124,-0.20476,0.56808,
1413393294405760512,-2.90995,-0.61130,0.06291,0.16100,0.78351,-0.20688,0.56338,
1413393294605760512,-2.91716,-0.49392,0.07323,0.16276,0.78750,-0.21270,0.55508,
1413393294705760512,-2.91851,-0.43218,0.07743,0.15716,0.78685,-0.21902,0.55516,
1413393294805760256,-2.91883,-0.37021,0.08148,0.15098,0.78470,-0.22611,0.55707,
1413393294905760512,-2.91814,-0.30999,0.08461,0.14889,0.78505,-0.22940,0.55579,
1413393295105760512,-2.91397,-0.19445,0.09754,0.16139,0.78839,-0.22232,0.55043,
1413393295205760512,-2.90858,-0.13698,0.10513,0.16073,0.78773,-0.22310,0.55125,
1413393295305760256,-2.90157,-0.07951,0.11219,0.15509,0.78671,-0.22738,0.55257,
1413393295405760512,-2.89235,-0.02359,0.12014,0.14779,0.78581,-0.23281,0.55359,
1413393295505760512,-2.88286,0.02980,0.12921,0.14064,0.78389,-0.23826,0.55584,
1413393295605760512,-2.87342,0.07913,0.13358,0.13462,0.78237,-0.24208,0.55782,
1413393295705760512,-2.86641,0.12406,0.12992,0.13179,0.78208,-0.24317,0.55844,
1413393295905760512,-2.85475,0.19876,0.10472,0.14838,0.78644,-0.23025,0.55361,
1413393296105760512,-2.83807,0.26424,0.09173,0.16730,0.79156,-0.21466,0.54715,
1413393296305760256,-2.80629,0.33706,0.09182,0.16908,0.79397,-0.21373,0.54345,
1413393296405760512,-2.78325,0.37670,0.09614,0.16324,0.79338,-0.21914,0.54394,
1413393296505760512,-2.75716,0.41653,0.09562,0.15647,0.79161,-0.22907,0.54442,
1413393296705760512,-2.70151,0.48954,0.06528,0.15696,0.78340,-0.25346,0.54535,
1413393296905760512,-2.64011,0.55003,0.02480,0.16439,0.77735,-0.26927,0.54424,
1413393297205760512,-2.54340,0.61195,-0.01669,0.17884,0.77054,-0.28509,0.54130,
1413393297505760512,-2.44649,0.64412,-0.04836,0.18619,0.76610,-0.29160,0.54166,
1413393297705760512,-2.38188,0.65149,-0.06719,0.18295,0.76348,-0.29318,0.54559,
1413393297905760512,-2.32158,0.64734,-0.08436,0.17566,0.75880,-0.29510,0.55342,
1413393298205760512,-2.25130,0.61470,-0.11060,0.17505,0.76609,-0.28972,0.54638,
1413393298405760512,-2.20849,0.57593,-0.12834,0.19092,0.77685,-0.27458,0.53354,
1413393298605760512,-2.15188,0.53572,-0.14102,0.20150,0.77633,-0.26192,0.53676,
1413393298705760512,-2.11619,0.52040,-0.14551,0.19280,0.77394,-0.26576,0.54150,
1413393298805760256,-2.07838,0.50548,-0.14914,0.18341,0.77131,-0.27127,0.54575,
1413393299005760512,-2.00290,0.47384,-0.15279,0.17497,0.76788,-0.27972,0.54909,
1413393299205760512,-1.93076,0.43591,-0.15029,0.19023,0.76560,-0.27622,0.54898,
1413393299305760256,-1.89547,0.41718,-0.14582,0.20194,0.75959,-0.27109,0.55566,
1413393299405760512,-1.86118,0.40270,-0.14170,0.20655,0.75183,-0.27061,0.56467,
1413393299605760512,-1.80201,0.38967,-0.13594,0.19822,0.74884,-0.27966,0.56721,
1413393299805760256,-1.75952,0.39050,-0.12520,0.19187,0.75269,-0.28408,0.56208,
1413393300105760512,-1.71353,0.40694,-0.09978,0.20735,0.76611,-0.26970,0.54530,
1413393300205760512,-1.69602,0.41834,-0.09015,0.20110,0.76692,-0.27176,0.54547,
1413393300305760256,-1.67583,0.43301,-0.08075,0.18406,0.76691,-0.27409,0.55031,
1413393300405760512,-1.65531,0.44888,-0.07038,0.16378,0.76868,-0.27096,0.55578,
1413393300505760512,-1.63525,0.46213,-0.05771,0.14429,0.77230,-0.26074,0.56102,
1413393300605760512,-1.61782,0.47188,-0.04589,0.12810,0.77758,-0.24308,0.56557,
1413393300705760512,-1.60241,0.47791,-0.03464,0.11809,0.78512,-0.21829,0.56745,
1413393300805760256,-1.58887,0.48095,-0.02347,0.11197,0.79230,-0.19170,0.56831,
1413393300905760512,-1.57701,0.48222,-0.01885,0.11009,0.79497,-0.16944,0.57201,
1413393301005760512,-1.56696,0.48278,-0.02614,0.10753,0.79332,-0.15449,0.57898,
1413393301105760512,-1.55694,0.48475,-0.04303,0.10252,0.79045,-0.14346,0.58659,
1413393301205760512,-1.54833,0.49005,-0.06876,0.09472,0.78948,-0.13210,0.59186,
1413393301305760256,-1.54415,0.49918,-0.09677,0.08420,0.79066,-0.11859,0.59473,
1413393301405760512,-1.54381,0.51178,-0.12131,0.07152,0.79318,-0.10228,0.59606,
1413393301505760512,-1.54804,0.52736,-0.14290,0.05711,0.79741,-0.08420,0.59479,
1413393301605760512,-1.55578,0.54563,-0.16199,0.04381,0.80564,-0.06350,0.58736,
1413393301705760512,-1.56521,0.56550,-0.17671,0.03326,0.81222,-0.04254,0.58085,
1413393301805760256,-1.57459,0.58700,-0.18889,0.02618,0.81610,-0.02566,0.57674,
1413393301905760512,-1.58325,0.61080,-0.19954,0.02070,0.81669,-0.01495,0.57651,
1413393302005760512,-1.58989,0.63733,-0.20837,0.01807,0.81641,-0.00736,0.57714,
1413393302105760512,-1.59476,0.66770,-0.21460,0.01554,0.81556,-0.00384,0.57846,
1413393302205760512,-1.59813,0.70140,-0.21798,0.01314,0.81494,-0.00463,0.57938,
1413393302305760256,-1.60077,0.73818,-0.21840,0.01047,0.81402,-0.00817,0.58068,
1413393302405760512,-1.60364,0.77716,-0.21703,0.00755,0.81382,-0.01419,0.58090,
1413393302605760512,-1.60773,0.85605,-0.20525,0.00208,0.81419,-0.03106,0.57977,
1413393302805760256,-1.60925,0.92848,-0.18071,0.00194,0.81543,-0.04154,0.57736,
1413393303005760512,-1.60556,0.98827,-0.14796,0.00330,0.81629,-0.04364,0.57599,
1413393303205760512,-1.59750,1.03522,-0.11244,0.00642,0.81488,-0.04025,0.57819,
1413393303405760512,-1.58743,1.07309,-0.07571,0.01932,0.81634,-0.03146,0.57638,
1413393303605760512,-1.57235,1.11161,-0.03102,0.02816,0.81484,-0.02820,0.57832,
1413393303705760512,-1.56403,1.13279,-0.00574,0.02802,0.81292,-0.03074,0.58088,
1413393303805760256,-1.55502,1.15666,0.02116,0.02649,0.81242,-0.03322,0.58153,
1413393303905760512,-1.54695,1.18126,0.04933,0.02194,0.81214,-0.03757,0.58184,
1413393304005760512,-1.53926,1.20531,0.07349,0.01524,0.81216,-0.04299,0.58165,
1413393304105760512,-1.53124,1.22747,0.08735,0.01112,0.81332,-0.04612,0.57988,
1413393304205760512,-1.52305,1.24647,0.08906,0.01157,0.81796,-0.04592,0.57333,
1413393304305760256,-1.51468,1.26337,0.08411,0.01695,0.82197,-0.04133,0.56777,
1413393304505760512,-1.49026,1.29300,0.06471,0.02467,0.82393,-0.03112,0.56530,
1413393304705760512,-1.45406,1.32215,0.05177,0.02830,0.81837,-0.02226,0.57356,
1413393304805760256,-1.43209,1.33857,0.04790,0.02436,0.81782,-0.02101,0.57457,
1413393304905760512,-1.40859,1.35701,0.04586,0.02036,0.81860,-0.02013,0.57365,
1413393305105760512,-1.35672,1.39623,0.04785,0.01795,0.82059,-0.01863,0.57093,
1413393305305760256,-1.29805,1.43732,0.05963,0.02581,0.82116,-0.01784,0.56983,
1413393305505760512,-1.23399,1.48414,0.07811,0.02952,0.82078,-0.02926,0.56972,
1413393305705760512,-1.16395,1.53870,0.09943,0.03480,0.82025,-0.04077,0.56948,
1413393305805760256,-1.12693,1.56743,0.11199,0.04761,0.81818,-0.04467,0.57124,
1413393305905760512,-1.08737,1.59989,0.12627,0.06374,0.81690,-0.04540,0.57145,
1413393306005760512,-1.04636,1.63929,0.14121,0.06826,0.81507,-0.05156,0.57302,
1413393306105760512,-1.00439,1.68488,0.15647,0.06488,0.81369,-0.05956,0.57460,
1413393306205760512,-0.96244,1.73468,0.17175,0.06083,0.81325,-0.06453,0.57512,
1413393306305760256,-0.92002,1.78703,0.18698,0.05747,0.81456,-0.06845,0.57315,
1413393306405760512,-0.87743,1.83952,0.20061,0.05533,0.81681,-0.07764,0.56898,
1413393306505760512,-0.83408,1.89049,0.20709,0.05796,0.81723,-0.09376,0.56567,
1413393306605760512,-0.78968,1.93925,0.20454,0.06836,0.81383,-0.11293,0.56592,
1413393306705760512,-0.74478,1.98514,0.19352,0.07547,0.80756,-0.13674,0.56872,
1413393306805760256,-0.69918,2.02850,0.18429,0.07685,0.80138,-0.15959,0.57133,
1413393306905760512,-0.65447,2.06688,0.17778,0.08003,0.79731,-0.17731,0.57136,
1413393307005760512,-0.61249,2.09766,0.17502,0.08712,0.79406,-0.19383,0.56948,
1413393307105760512,-0.57444,2.12052,0.17370,0.10216,0.79127,-0.20712,0.56617,
1413393307205760512,-0.53821,2.13594,0.17307,0.12164,0.78897,-0.21901,0.56104,
1413393307305760256,-0.50436,2.14693,0.17512,0.14095,0.78462,-0.23221,0.55730,
1413393307405760512,-0.47224,2.15516,0.17799,0.15800,0.78046,-0.24982,0.55091,
1413393307505760512,-0.44044,2.16003,0.18330,0.17604,0.77467,-0.27014,0.54398,
1413393307605760512,-0.40819,2.16340,0.19052,0.19081,0.76941,-0.29360,0.53422,
1413393307705760512,-0.37382,2.16384,0.19833,0.20212,0.76355,-0.31935,0.52359,
1413393307805760256,-0.33688,2.16094,0.20830,0.22223,0.75426,-0.33757,0.51745,
1413393307905760512,-0.29886,2.15603,0.21972,0.24384,0.74253,-0.35253,0.51470,
1413393308005760512,-0.25798,2.15129,0.23285,0.26304,0.73121,-0.36837,0.51033,
1413393308105760512,-0.21538,2.14684,0.24554,0.27992,0.72063,-0.38505,0.50406,
1413393308205760512,-0.16937,2.14348,0.25831,0.29440,0.71049,-0.40316,0.49599,
1413393308305760256,-0.12099,2.14089,0.27162,0.30864,0.69779,-0.42198,0.48966,
1413393308405760512,-0.07110,2.13901,0.28528,0.31917,0.68370,-0.44252,0.48462,
1413393308505760512,-0.01951,2.13797,0.29477,0.32507,0.67055,-0.46583,0.47717,
1413393308605760512,0.03134,2.13682,0.29667,0.33125,0.65665,-0.48875,0.46926,
1413393308705760512,0.08064,2.13432,0.28865,0.33616,0.64089,-0.51313,0.46148,
1413393308805760256,0.12634,2.12911,0.27437,0.34654,0.62228,-0.53342,0.45623,
1413393308905760512,0.16710,2.12318,0.25221,0.36373,0.60458,-0.54776,0.44960,
1413393309005760512,0.20473,2.11501,0.22731,0.38113,0.58835,-0.56057,0.44084,
1413393309105760512,0.23798,2.10821,0.20250,-0.39479,-0.57275,0.57382,-0.43223,
1413393309205760512,0.26787,2.10280,0.18003,-0.40597,-0.55889,0.58577,-0.42390,
1413393309305760256,0.29544,2.09963,0.16046,-0.41554,-0.55140,0.59245,-0.41508,
1413393309505760512,0.34805,2.09793,0.13016,-0.42698,-0.55315,0.59401,-0.39858,
1413393309605760512,0.37577,2.09787,0.11865,-0.42218,-0.55929,0.59631,-0.39164,
1413393309705760512,0.40400,2.09585,0.10953,-0.41529,-0.56533,0.59797,-0.38777,
1413393309805760256,0.43272,2.09042,0.10349,-0.40716,-0.56465,0.60080,-0.39298,
1413393309905760512,0.45985,2.08173,0.09865,-0.39996,-0.56257,0.60348,-0.39919,
1413393310005760512,0.48282,2.06995,0.09510,-0.39282,-0.56060,0.60613,-0.40500,
1413393310205760512,0.51350,2.03720,0.09482,-0.40052,-0.56102,0.59799,-0.40896,
1413393310305760256,0.52272,2.01830,0.09598,-0.41133,-0.56608,0.58940,-0.40368,
1413393310605760512,0.54898,1.95721,0.09389,-0.41445,-0.56607,0.58682,-0.40428,
1413393310805760256,0.56471,1.91605,0.08950,-0.40037,-0.55665,0.59737,-0.41592,
1413393311005760512,0.56328,1.87144,0.08390,-0.40658,-0.56150,0.59777,-0.40259,
1413393311205760512,0.55252,1.81895,0.06433,-0.41239,-0.56263,0.59997,-0.39168,
1413393311505760512,0.53315,1.72071,-0.00412,-0.41452,-0.56319,0.60196,-0.38552,
1413393311705760512,0.52170,1.63745,-0.03400,-0.42107,-0.56420,0.59724,-0.38429,
1413393311805760256,0.51947,1.59026,-0.03985,-0.42567,-0.56344,0.59200,-0.38842,
1413393311905760512,0.51969,1.54327,-0.04351,-0.42707,-0.56408,0.58704,-0.39346,
1413393312005760512,0.52246,1.49656,-0.04629,-0.42712,-0.56540,0.58078,-0.40073,
1413393312105760512,0.52757,1.45275,-0.04788,-0.43201,-0.56776,0.57074,-0.40653,
1413393312205760512,0.53576,1.41104,-0.05001,0.43089,0.57058,-0.56635,0.40991,
1413393312305760256,0.54600,1.37287,-0.05239,0.42395,0.56972,-0.56884,0.41486,
1413393312405760512,0.55715,1.33697,-0.05460,-0.41057,-0.56680,0.57677,-0.42131,
1413393312505760512,0.56676,1.30190,-0.05731,-0.39848,-0.56429,0.58410,-0.42617,
1413393312705760512,0.57552,1.23646,-0.05545,-0.40747,-0.57024,0.57822,-0.41767,
1413393312905760512,0.57807,1.17288,-0.05187,0.41172,0.57284,-0.57242,0.41795,
1413393313005760512,0.57980,1.14315,-0.04714,0.41222,0.56988,-0.56786,0.42760,
1413393313205760512,0.58181,1.09423,-0.03702,0.40477,0.58820,-0.56142,0.41832,
1413393313305760256,0.58374,1.07089,-0.02695,0.39895,0.59485,-0.55915,0.41755,
1413393313405760512,0.58604,1.04935,-0.01786,0.39375,0.59675,-0.55809,0.42117,
1413393313505760512,0.58762,1.02772,-0.00881,0.39143,0.59256,-0.55771,0.42968,
1413393313605760512,0.58633,1.00646,-0.00505,0.39250,0.58259,-0.55862,0.44100,
1413393313705760512,0.57968,0.98784,-0.00707,0.39851,0.57029,-0.56027,0.44952,
1413393313805760256,0.56710,0.97504,-0.01023,0.41179,0.56343,-0.55936,0.44731,
1413393313905760512,0.55023,0.96982,-0.01388,-0.41770,-0.56408,0.56504,-0.43367,
1413393314005760512,0.53018,0.96924,-0.01800,-0.41461,-0.56606,0.57855,-0.41588,
1413393314105760512,0.50881,0.97079,-0.01962,-0.41086,-0.56487,0.59012,-0.40481,
1413393314205760512,0.48731,0.96972,-0.01824,-0.41173,-0.56513,0.59190,-0.40094,
1413393314405760512,0.44823,0.96350,-0.01342,0.40767,0.58128,-0.57743,0.40310,
1413393314505760512,0.43157,0.95789,-0.01297,0.39875,0.59623,-0.56488,0.40793,
1413393314605760512,0.41902,0.94967,-0.01266,0.38787,0.61342,-0.54759,0.41643,
1413393314705760512,0.41027,0.93969,-0.01259,0.37463,0.63192,-0.52943,0.42430,
1413393314805760256,0.40502,0.92779,-0.01415,0.36127,0.64657,-0.51561,0.43079,
1413393314905760512,0.40404,0.91267,-0.01804,0.34738,0.65853,-0.50361,0.43822,
1413393315005760512,0.40705,0.89312,-0.02287,0.33346,0.66921,-0.49112,0.44695,
1413393315105760512,0.41246,0.86862,-0.02987,0.32262,0.67539,-0.48263,0.45478,
1413393315205760512,0.41963,0.83903,-0.03860,0.32030,0.68069,-0.47383,0.45778,
1413393315405760512,0.44256,0.77052,-0.06008,0.33793,0.68402,-0.45656,0.45768,
1413393315505760512,0.46146,0.73546,-0.06983,0.34826,0.68070,-0.45166,0.45975,
1413393315605760512,0.48756,0.70213,-0.07755,0.35224,0.67594,-0.45177,0.46361,
1413393315705760512,0.52045,0.67218,-0.07583,0.35136,0.66993,-0.45448,0.47031,
1413393315805760256,0.55746,0.64606,-0.06127,0.34420,0.66582,-0.46102,0.47505,
1413393315905760512,0.59568,0.62413,-0.03504,0.33591,0.66208,-0.46764,0.47972,
1413393316005760512,0.63407,0.60345,-0.00462,0.33310,0.66119,-0.46919,0.48139,
1413393316105760512,0.67171,0.58354,0.02608,0.33369,0.66209,-0.46804,0.48087,
1413393316205760512,0.70891,0.56519,0.06082,0.33888,0.66316,-0.46392,0.47976,
1413393316305760256,0.74649,0.54967,0.09732,0.34083,0.66441,-0.46083,0.47962,
1413393316405760512,0.78532,0.53632,0.13352,0.33806,0.66557,-0.46024,0.48054,
1413393316505760512,0.82428,0.52581,0.16917,0.33302,0.66678,-0.46148,0.48119,
1413393316605760512,0.86421,0.51699,0.20437,0.32966,0.66879,-0.46161,0.48058,
1413393316705760512,0.90481,0.50880,0.23465,0.32581,0.67204,-0.46147,0.47881,
1413393316805760256,0.94586,0.50047,0.25654,0.32276,0.67536,-0.46009,0.47753,
1413393316905760512,0.98803,0.49231,0.26579,0.32093,0.67842,-0.45746,0.47694,
1413393317005760512,1.03027,0.48268,0.26375,0.31933,0.67998,-0.45471,0.47843,
1413393317105760512,1.07318,0.47270,0.25505,0.32227,0.67825,-0.44989,0.48344,
1413393317205760512,1.11747,0.46393,0.24410,0.32686,0.67521,-0.44501,0.48911,
1413393317305760256,1.16266,0.45767,0.23483,0.32969,0.67242,-0.44282,0.49301,
1413393317505760512,1.25483,0.45633,0.22110,0.33353,0.66933,-0.44274,0.49471,
1413393317705760512,1.34757,0.47249,0.18386,0.33276,0.66666,-0.44699,0.49501,
1413393317905760512,1.43763,0.50496,0.13615,0.33410,0.66685,-0.45100,0.49020,
1413393318105760512,1.52416,0.54930,0.09226,0.33361,0.66749,-0.46053,0.48071,
1413393318205760512,1.56859,0.57390,0.07031,0.32851,0.66570,-0.46840,0.47909,
1413393318305760256,1.61280,0.59664,0.04661,0.32330,0.66091,-0.47537,0.48239,
1413393318405760512,1.65331,0.62145,0.02169,0.31989,0.65735,-0.48006,0.48488,
1413393318605760512,1.72932,0.66865,-0.03616,0.31879,0.65377,-0.48378,0.48673,
1413393318805760256,1.78911,0.71217,-0.08543,0.31901,0.65254,-0.48358,0.48844,
1413393319005760512,1.83089,0.75786,-0.11191,0.33084,0.64658,-0.47341,0.49837,
1413393319105760512,1.84476,0.78652,-0.11871,0.32855,0.64870,-0.47337,0.49715,
1413393319205760512,1.85546,0.81661,-0.12083,0.32160,0.65343,-0.47668,0.49232,
1413393319305760256,1.86368,0.84699,-0.12107,0.31459,0.65885,-0.48018,0.48619,
1413393319405760512,1.87027,0.87648,-0.12647,0.31009,0.66327,-0.48253,0.48070,
1413393319505760512,1.87594,0.90188,-0.13994,0.30484,0.66739,-0.48504,0.47581,
1413393319605760512,1.87949,0.92222,-0.15859,0.29439,0.67051,-0.49090,0.47198,
1413393319705760512,1.88023,0.93690,-0.17942,0.28635,0.67284,-0.49523,0.46908,
1413393319805760256,1.87489,0.94560,-0.20532,0.29627,0.67612,-0.48667,0.46716,
1413393319905760512,1.87245,0.94592,-0.23555,0.30972,0.67771,-0.47564,0.46749,
1413393320005760512,1.87088,0.94182,-0.26714,0.32000,0.67783,-0.46698,0.46912,
1413393320105760512,1.87114,0.93637,-0.30142,0.32616,0.67563,-0.46193,0.47304,
1413393320205760512,1.87409,0.93015,-0.33376,0.33264,0.66960,-0.45802,0.48084,
1413393320305760256,1.87904,0.92613,-0.36280,0.33386,0.66725,-0.45917,0.48216,
1413393320405760512,1.88618,0.92501,-0.37824,0.32874,0.66883,-0.46472,0.47816,
1413393320505760512,1.89542,0.92512,-0.37919,0.32481,0.67252,-0.46984,0.47060,
1413393320605760512,1.90691,0.92524,-0.38016,0.32553,0.67338,-0.47127,0.46743,
1413393320705760512,1.92094,0.92411,-0.40106,0.32737,0.67479,-0.47174,0.46362,
1413393320805760256,1.93764,0.92184,-0.44858,0.32890,0.67205,-0.47130,0.46695,
1413393320905760512,1.93607,0.92632,-0.44039,0.34479,0.66127,-0.46314,0.47890,
1413393321005760512,1.92696,0.93268,-0.42847,0.33846,0.68091,-0.46748,0.45085,
1413393321105760512,1.92333,0.93687,-0.44784,0.33840,0.67864,-0.46559,0.45625,
1413393321205760512,1.91658,0.94281,-0.44464,0.34932,0.65386,-0.45816,0.49044,
1413393321305760256,1.91676,0.94511,-0.45123,0.34706,0.66388,-0.46744,0.46938,
1413393321405760512,1.91322,0.94451,-0.45026,0.34316,0.65698,-0.46889,0.48038,
