1403715895,-0.02105,0.07431,0.07920,0.05379,0.80932,-0.01289,0.58475,-0.02035,0.19242,0.04721,
1403715895,0.00999,0.18414,0.16748,0.17246,0.80396,-0.10625,0.55913,0.09836,0.38395,0.07791,
1403715895,0.04045,0.22067,0.17799,0.19784,0.79880,-0.13619,0.55157,0.16825,0.39933,0.12067,
1403715895,0.02389,0.24758,0.19730,0.12513,0.81223,-0.08668,0.56312,0.14758,0.40912,0.17240,
1403715895,0.03955,0.28021,0.21474,0.12086,0.81109,-0.08587,0.56582,0.15869,0.40549,0.19003,
1403715895,0.05493,0.31773,0.23356,0.11681,0.81112,-0.08460,0.56682,0.15941,0.41017,0.20191,
1403715895,0.06995,0.35689,0.25348,0.11429,0.81244,-0.08424,0.56549,0.15472,0.40963,0.19454,
1403715895,0.08637,0.39712,0.27201,0.11162,0.81447,-0.08602,0.56283,0.13871,0.40628,0.18085,
1403715895,0.10268,0.44062,0.28926,0.11108,0.81523,-0.08626,0.56180,0.13866,0.39931,0.16702,
1403715895,0.11778,0.48548,0.30631,0.11032,0.81548,-0.08549,0.56170,0.12011,0.40841,0.14382,
1403715896,0.13041,0.53340,0.32742,0.10547,0.81489,-0.08426,0.56368,0.11605,0.41076,0.15727,
1403715896,0.14122,0.57805,0.34722,0.10259,0.81418,-0.08351,0.56534,0.12657,0.41106,0.16607,
1403715896,0.15686,0.62149,0.36526,0.10120,0.81449,-0.08373,0.56511,0.13237,0.40973,0.14889,
1403715896,0.16956,0.66805,0.38409,0.09832,0.81413,-0.08250,0.56632,0.13114,0.40702,0.15102,
1403715896,0.18381,0.71259,0.40225,0.09665,0.81360,-0.08184,0.56746,0.13677,0.41013,0.15192,
1403715896,0.19832,0.75672,0.41867,0.09370,0.81410,-0.08394,0.56694,0.14084,0.41448,0.15624,
1403715896,0.21294,0.79879,0.43338,0.08643,0.81435,-0.08757,0.56718,0.15092,0.39851,0.13306,
1403715896,0.22518,0.83859,0.44561,0.07557,0.81272,-0.09505,0.56986,0.13999,0.36191,0.12135,
1403715896,0.23478,0.87572,0.46137,0.05739,0.80823,-0.10426,0.57671,0.12004,0.30049,0.14426,
1403715896,0.24114,0.90484,0.47821,0.04180,0.80500,-0.11124,0.58125,0.08202,0.20359,0.14112,
1403715897,0.24500,0.92464,0.49431,0.03112,0.80166,-0.11612,0.58557,0.03056,0.08749,0.14844,
1403715897,0.24330,0.93516,0.51460,0.02171,0.79749,-0.11731,0.59142,-0.02300,-0.04681,0.16282,
1403715897,0.23638,0.93595,0.53713,0.01453,0.79529,-0.11665,0.59472,-0.09041,-0.16735,0.16784,
1403715897,0.22126,0.92803,0.56324,0.00160,0.79829,-0.11414,0.59135,-0.14589,-0.30346,0.17454,
1403715897,0.19633,0.90252,0.59224,-0.01716,0.80013,-0.11262,0.58891,-0.19329,-0.44127,0.18457,
1403715897,0.17178,0.85290,0.61652,-0.03500,0.80121,-0.11819,0.58556,-0.23391,-0.62901,0.20285,
1403715897,0.14393,0.78039,0.64363,-0.04949,0.80126,-0.11699,0.58468,-0.25255,-0.85413,0.22853,
1403715897,0.11695,0.68511,0.66827,-0.04398,0.80283,-0.11225,0.58389,-0.27860,-1.06937,0.23268,
1403715897,0.08697,0.56977,0.69374,-0.01966,0.80760,-0.09483,0.58173,-0.28191,-1.23523,0.25201,
1403715897,0.05579,0.44128,0.71874,0.00883,0.81278,-0.07552,0.57759,-0.28537,-1.32101,0.25401,
1403715898,0.02695,0.30795,0.74204,0.02579,0.81466,-0.06535,0.57567,-0.27015,-1.35147,0.23502,
1403715898,0.00214,0.17059,0.76377,0.02377,0.81485,-0.06648,0.57535,-0.24479,-1.36739,0.19542,
1403715898,-0.02021,0.02913,0.78377,0.01273,0.81389,-0.07266,0.57632,-0.23307,-1.40240,0.19722,
1403715898,-0.03839,-0.11661,0.80414,0.00364,0.81112,-0.07639,0.57986,-0.22392,-1.46120,0.19813,
1403715898,-0.06083,-0.27100,0.82517,0.00485,0.80755,-0.07495,0.58499,-0.21822,-1.53298,0.21475,
1403715898,-0.08361,-0.42823,0.84608,0.01228,0.80325,-0.06955,0.59144,-0.23270,-1.58752,0.21936,
1403715898,-0.10933,-0.59128,0.86747,0.02428,0.79511,-0.06442,0.60255,-0.26453,-1.62101,0.21643,
1403715898,-0.14021,-0.75434,0.88699,0.03779,0.78864,-0.06595,0.61014,-0.31889,-1.62698,0.18758,
1403715898,-0.17841,-0.91527,0.90177,0.05306,0.78823,-0.07371,0.60864,-0.39954,-1.61076,0.12440,
1403715898,-0.22106,-1.07484,0.91193,0.06646,0.79242,-0.08616,0.60020,-0.44303,-1.57812,0.07952,
1403715899,-0.26694,-1.23197,0.91853,0.07848,0.79783,-0.10291,0.58883,-0.45877,-1.53713,0.04628,
1403715899,-0.31229,-1.38883,0.92170,0.09161,0.80020,-0.12038,0.58034,-0.45394,-1.51232,-0.00300,
1403715899,-0.35754,-1.54079,0.91620,0.10580,0.79510,-0.13842,0.58091,-0.45381,-1.47490,-0.11308,
1403715899,-0.40236,-1.68751,0.89753,0.11786,0.79334,-0.15379,0.57712,-0.44892,-1.43961,-0.23733,
1403715899,-0.44475,-1.83067,0.86744,0.12610,0.79259,-0.16566,0.57310,-0.42654,-1.40560,-0.35963,
1403715899,-0.46106,-1.99590,0.83214,0.12791,0.79126,-0.16977,0.57335,-0.36311,-1.41441,-0.45800,
1403715899,-0.49253,-2.13843,0.78278,0.12978,0.79399,-0.17538,0.56743,-0.33221,-1.38594,-0.50456,
1403715899,-0.51814,-2.27649,0.73652,0.13411,0.80157,-0.17594,0.55547,-0.27953,-1.36037,-0.42104,
1403715899,-0.54062,-2.40838,0.69964,0.13833,0.81065,-0.17429,0.54160,-0.21219,-1.31058,-0.31343,
1403715899,-0.55173,-2.53774,0.67683,0.14351,0.81808,-0.16895,0.53066,-0.08897,-1.27322,-0.16076,
1403715900,-0.55123,-2.66092,0.66759,0.14301,0.81940,-0.16670,0.52947,0.03921,-1.23760,-0.07287,
1403715900,-0.54046,-2.77858,0.66267,0.13933,0.81980,-0.16685,0.52978,0.15712,-1.19858,-0.06419,
1403715900,-0.51783,-2.89747,0.65669,0.13996,0.81923,-0.16307,0.53167,0.27962,-1.16538,-0.05751,
1403715900,-0.48694,-3.01691,0.65264,0.14721,0.81574,-0.15511,0.53743,0.38168,-1.12588,-0.02487,
1403715900,-0.44777,-3.13205,0.65134,0.15906,0.81125,-0.14385,0.54395,0.46310,-1.05776,0.00312,
1403715900,-0.39801,-3.23982,0.64981,0.17005,0.80877,-0.13358,0.54693,0.54570,-0.96054,-0.01987,
1403715900,-0.33877,-3.33475,0.64729,0.17545,0.80772,-0.12741,0.54824,0.62505,-0.85125,0.00241,
1403715900,-0.26957,-3.41657,0.64428,0.17912,0.80700,-0.12224,0.54929,0.71237,-0.72150,0.00408,
1403715900,-0.19224,-3.48283,0.64244,0.18047,0.80734,-0.11985,0.54889,0.79788,-0.57858,0.01843,
1403715900,-0.10681,-3.53279,0.64143,0.17862,0.80801,-0.12025,0.54841,0.87922,-0.42255,0.01068,
1403715901,-0.01396,-3.56853,0.64358,0.15978,0.80415,-0.13326,0.55683,0.94997,-0.30220,0.05401,
1403715901,0.08447,-3.59521,0.64899,0.14393,0.79450,-0.14367,0.57221,0.98312,-0.23164,0.07998,
1403715901,0.18380,-3.61661,0.65597,0.12828,0.78049,-0.15389,0.59220,0.96275,-0.18844,0.08510,
1403715901,0.27746,-3.63339,0.66470,0.12915,0.76570,-0.15308,0.61122,0.89631,-0.14282,0.10736,
1403715901,0.36342,-3.64607,0.67341,0.13540,0.75631,-0.14890,0.62249,0.77973,-0.09115,0.11388,
1403715901,0.43536,-3.65012,0.68518,0.13958,0.74695,-0.14596,0.63346,0.65024,-0.00907,0.15697,
1403715901,0.49428,-3.64400,0.69790,0.14201,0.73874,-0.14375,0.64298,0.48729,0.08958,0.17163,
1403715901,0.53754,-3.62664,0.71244,0.14232,0.73213,-0.14336,0.65053,0.31367,0.19551,0.19662,
1403715901,0.56663,-3.60295,0.72723,0.13867,0.73203,-0.14597,0.65084,0.12609,0.28647,0.19139,
1403715901,0.57468,-3.56942,0.74265,0.13163,0.74196,-0.15217,0.63954,-0.04339,0.36007,0.16081,
1403715902,0.56677,-3.52700,0.75529,0.12778,0.75592,-0.15661,0.62268,-0.17901,0.41511,0.18965,
1403715902,0.54370,-3.47958,0.76856,0.13035,0.76218,-0.15635,0.61452,-0.27765,0.46090,0.19614,
1403715902,0.51623,-3.42759,0.78093,0.13004,0.76754,-0.15760,0.60756,-0.36293,0.51358,0.15636,
1403715902,0.47930,-3.37222,0.79109,0.12886,0.77584,-0.15915,0.59678,-0.41814,0.55134,0.14023,
1403715902,0.43812,-3.31383,0.79984,0.12780,0.78193,-0.15931,0.58895,-0.46141,0.58328,0.11970,
1403715902,0.39150,-3.25300,0.81040,0.12632,0.78346,-0.15953,0.58718,-0.50149,0.61071,0.11158,
1403715902,0.34024,-3.19054,0.81909,0.12937,0.78277,-0.15624,0.58832,-0.52432,0.64250,0.09091,
1403715902,0.28583,-3.12626,0.82540,0.13536,0.78489,-0.15012,0.58574,-0.54399,0.67066,0.06272,
1403715902,0.23077,-3.05797,0.82902,0.13916,0.79084,-0.14616,0.57779,-0.56462,0.71660,0.04908,
1403715902,0.17439,-2.98538,0.83342,0.13973,0.79573,-0.14463,0.57129,-0.55973,0.77120,0.04953,
1403715903,0.11878,-2.90740,0.83795,0.12931,0.79993,-0.15115,0.56617,-0.53818,0.80762,0.05396,
1403715903,0.06531,-2.82417,0.84447,0.11754,0.80437,-0.15510,0.56135,-0.50664,0.82928,0.07408,
1403715903,0.01387,-2.74262,0.84881,0.10458,0.81104,-0.15204,0.55512,-0.48155,0.82389,-0.00413,
1403715903,-0.03454,-2.66216,0.84334,0.09175,0.81883,-0.14162,0.54868,-0.41183,0.78995,-0.11577,
1403715903,-0.07294,-2.58406,0.82700,0.08076,0.82613,-0.12590,0.54327,-0.33838,0.75733,-0.17891,
1403715903,-0.10312,-2.50888,0.81012,0.07333,0.82965,-0.10393,0.54359,-0.25419,0.74021,-0.15419,
1403715903,-0.12551,-2.43548,0.79621,0.06739,0.83166,-0.07835,0.54559,-0.16653,0.72960,-0.13371,
1403715903,-0.17404,-2.36523,0.77723,0.05818,0.83297,-0.05559,0.54743,-0.14827,0.72906,-0.13044,
1403715903,-0.19662,-2.29192,0.76231,0.04586,0.83782,-0.04468,0.54218,-0.08141,0.72929,-0.13376,
1403715903,-0.20538,-2.22205,0.74706,0.03143,0.84310,-0.03535,0.53567,0.02213,0.73582,-0.03919,
1403715904,-0.20184,-2.14523,0.74811,0.01753,0.84592,-0.02185,0.53258,0.13597,0.74880,0.09382,
1403715904,-0.18462,-2.06902,0.76493,0.00317,0.84629,-0.00299,0.53270,0.25820,0.74993,0.24136,
1403715904,-0.15470,-1.99927,0.79868,-0.01222,0.84288,0.02022,0.53759,0.35939,0.74340,0.38324,
1403715904,-0.11516,-1.93216,0.84700,-0.03725,0.83560,0.04142,0.54651,0.46134,0.73124,0.51687,
1403715904,-0.06770,-1.86345,0.90489,-0.06313,0.82591,0.06773,0.55614,0.52062,0.71529,0.56911,
1403715904,-0.01373,-1.79505,0.96130,-0.08829,0.81575,0.09858,0.56306,0.53746,0.68945,0.56128,
1403715904,0.04149,-1.72891,1.01540,-0.11509,0.80727,0.13002,0.56405,0.54551,0.64339,0.53822,
1403715904,0.09352,-1.67028,1.06716,-0.13598,0.79925,0.16735,0.56099,0.52568,0.58844,0.50503,
1403715904,0.14498,-1.61364,1.11584,-0.14997,0.78697,0.20844,0.56101,0.52888,0.56058,0.46709,
1403715904,0.19369,-1.56433,1.15799,-0.16674,0.77312,0.24439,0.56103,0.50486,0.54064,0.34886,
1403715905,0.24509,-1.50900,1.18516,-0.17797,0.75950,0.27650,0.56128,0.48223,0.53914,0.22674,
1403715905,0.28790,-1.45634,1.20166,-0.18891,0.74348,0.30821,0.56263,0.41616,0.54439,0.09316,
1403715905,0.32805,-1.39918,1.20403,-0.20920,0.72921,0.33412,0.55933,0.32899,0.55943,-0.04379,
1403715905,0.35918,-1.34053,1.19587,-0.24063,0.71944,0.35643,0.54540,0.25579,0.56818,-0.14975,
1403715905,0.38190,-1.28534,1.17200,-0.27236,0.70389,0.38200,0.53333,0.19517,0.55281,-0.28180,
1403715905,0.39492,-1.22426,1.14746,-0.30195,0.68220,0.41035,0.52444,0.13601,0.52988,-0.36147,
1403715905,0.39703,-1.17417,1.10512,-0.32944,0.65598,0.43793,0.51901,0.07615,0.47178,-0.48872,
1403715905,0.40002,-1.13422,1.05373,-0.34902,0.63012,0.46439,0.51524,0.01672,0.38926,-0.50846,
1403715905,0.39345,-1.11395,0.99889,-0.35741,0.61483,0.49505,0.49916,-0.05870,0.26096,-0.53346,
1403715905,0.37447,-1.09739,0.94880,-0.36352,0.60214,0.52318,0.48121,-0.16566,0.18501,-0.48784,
1403715906,0.33734,-1.10607,0.90709,-0.37378,0.58805,0.55028,0.46008,-0.26567,0.09122,-0.47302,
1403715906,0.30427,-1.10446,0.86167,-0.39101,0.57846,0.56942,0.43388,-0.33775,0.06148,-0.44526,
1403715906,0.26805,-1.10840,0.81912,-0.41392,0.56805,0.58587,0.40343,-0.37488,0.02222,-0.42071,
1403715906,0.23016,-1.11111,0.78067,-0.43436,0.55017,0.60686,0.37465,-0.37967,0.00846,-0.41443,
1403715906,0.19094,-1.11658,0.74245,-0.44514,0.52860,0.63654,0.34242,-0.36780,0.01758,-0.41190,
1403715906,0.15479,-1.11842,0.70511,-0.45013,0.49993,0.67007,0.31378,-0.36683,0.05227,-0.38006,
1403715906,0.11924,-1.11183,0.67203,-0.45996,0.46046,0.69899,0.29636,-0.36502,0.12002,-0.30780,
1403715906,0.08135,-1.10032,0.64314,-0.47497,0.41113,0.72212,0.28967,-0.40913,0.13946,-0.29634,
1403715906,0.03727,-1.08832,0.61429,-0.48822,0.36671,0.74307,0.27389,-0.46984,0.13323,-0.28517,
1403715906,-0.01027,-1.07826,0.58603,0.50026,-0.32514,-0.76132,-0.25379,-0.52507,0.10227,-0.28223,
1403715907,-0.06223,-1.06673,0.56182,0.51639,-0.28541,-0.77317,-0.23256,-0.58646,0.06751,-0.22677,
1403715907,-0.12137,-1.05994,0.54621,0.53288,-0.25242,-0.78185,-0.20258,-0.63119,0.01630,-0.11788,
1403715907,-0.18279,-1.05950,0.54348,0.54896,-0.22233,-0.78820,-0.16722,-0.64672,-0.02243,0.01589,
1403715907,-0.24733,-1.06266,0.54715,0.56009,-0.18946,-0.79560,-0.13199,-0.63574,-0.04778,0.04744,
1403715907,-0.30680,-1.06901,0.54845,0.57071,-0.15120,-0.80078,-0.10089,-0.59618,-0.06343,-0.02764,
1403715907,-0.36796,-1.07456,0.53691,0.57887,-0.10957,-0.80462,-0.07414,-0.56012,-0.06986,-0.15518,
1403715907,-0.42259,-1.07925,0.51928,0.58001,-0.06010,-0.81056,-0.05445,-0.54104,-0.08850,-0.14171,
1403715907,-0.46933,-1.09258,0.51386,0.58068,-0.00918,-0.81352,-0.03010,-0.50414,-0.15269,-0.00425,
1403715907,-0.51124,-1.11121,0.52075,0.58018,0.03882,-0.81356,0.00069,-0.45239,-0.21663,0.13313,
1403715907,-0.56163,-1.13566,0.53382,0.58017,0.08681,-0.80939,0.02759,-0.42310,-0.27755,0.21066,
1403715908,-0.59060,-1.16531,0.56191,0.57771,0.13141,-0.80388,0.05259,-0.36768,-0.33503,0.24533,
1403715908,-0.61874,-1.20136,0.58667,0.57400,0.16829,-0.79749,0.07886,-0.30818,-0.39585,0.23401,
1403715908,-0.64033,-1.24202,0.61116,0.57362,0.19813,-0.78739,0.10824,-0.24632,-0.44804,0.22403,
1403715908,-0.65514,-1.28560,0.63333,0.57363,0.22588,-0.77524,0.13757,-0.17618,-0.47847,0.19400,
1403715908,-0.66338,-1.33064,0.65032,0.56966,0.25084,-0.76392,0.17026,-0.10340,-0.48049,0.16347,
1403715908,-0.66483,-1.37389,0.66561,0.56216,0.27795,-0.75205,0.20285,-0.03048,-0.46024,0.14100,
1403715908,-0.65905,-1.41440,0.67936,0.55381,0.30873,-0.73718,0.23353,0.03154,-0.42655,0.11745,
1403715908,-0.65023,-1.45427,0.69039,0.54153,0.34311,-0.72151,0.26162,0.10824,-0.36675,0.07741,
1403715908,-0.63587,-1.48992,0.70069,0.52646,0.37860,-0.70445,0.28854,0.15680,-0.30842,0.07098,
1403715908,-0.61703,-1.52072,0.71186,0.50981,0.41389,-0.68543,0.31461,0.18962,-0.26779,0.08164,
1403715909,-0.59288,-1.54259,0.72320,-0.49306,-0.44990,0.66253,-0.33992,0.23223,-0.20505,0.10421,
1403715909,-0.56416,-1.55765,0.73437,-0.47680,-0.48643,0.63555,-0.36348,0.27262,-0.14499,0.10761,
1403715909,-0.53191,-1.56558,0.74425,-0.46221,-0.51966,0.60516,-0.38743,0.30214,-0.07961,0.09244,
1403715909,-0.49692,-1.56735,0.75051,-0.44433,-0.54770,0.57670,-0.41232,0.32871,-0.00262,0.06244,
1403715909,-0.45924,-1.55947,0.75201,0.42053,0.57715,-0.55208,0.43042,0.35237,0.08858,0.02293,
1403715909,-0.42154,-1.54667,0.75130,0.39848,0.60903,-0.52568,0.44040,0.36299,0.15206,-0.00413,
1403715909,-0.38198,-1.52796,0.74982,0.37868,0.63809,-0.49823,0.44856,0.39191,0.19271,-0.02624,
1403715909,-0.33829,-1.50882,0.74542,0.35805,0.66176,-0.47302,0.45839,0.42787,0.22404,-0.04944,
1403715909,-0.29270,-1.48771,0.73805,0.33807,0.68074,-0.44831,0.47045,0.45840,0.23921,-0.07740,
1403715909,-0.24448,-1.46446,0.72814,0.32181,0.69855,-0.42199,0.48000,0.49266,0.26191,-0.11045,
1403715910,-0.19199,-1.43824,0.71437,0.31110,0.71608,-0.39013,0.48810,0.55052,0.29051,-0.15935,
1403715910,-0.13473,-1.40701,0.69618,0.29542,0.73400,-0.35659,0.49680,0.61099,0.34398,-0.18190,
1403715910,-0.06939,-1.36990,0.67617,0.27124,0.74877,-0.32352,0.51099,0.66794,0.40217,-0.21948,
1403715910,0.00054,-1.32741,0.65453,0.24098,0.76255,-0.28743,0.52709,0.73198,0.46259,-0.21859,
1403715910,0.07576,-1.27304,0.63445,0.20323,0.77040,-0.24823,0.55097,0.74382,0.53344,-0.22097,
1403715910,0.15033,-1.21474,0.61347,0.16439,0.77655,-0.20303,0.57335,0.71793,0.59702,-0.23453,
1403715910,0.22118,-1.15142,0.58995,0.12648,0.78590,-0.15367,0.58544,0.65474,0.65353,-0.26716,
1403715910,0.28462,-1.08286,0.56336,0.09075,0.79648,-0.10532,0.58846,0.59252,0.68186,-0.27322,
1403715910,0.33614,-1.01353,0.53794,0.05758,0.80146,-0.06087,0.59216,0.52578,0.69999,-0.23157,
1403715910,0.37755,-0.94441,0.51504,0.02940,0.79939,-0.02036,0.59974,0.44793,0.71769,-0.21678,
1403715911,0.40353,-0.87902,0.49323,0.00390,0.79337,0.01740,0.60847,0.32816,0.72878,-0.20333,
1403715911,0.42581,-0.81350,0.47176,-0.02130,0.78951,0.05086,0.61125,0.22887,0.73407,-0.17111,
1403715911,0.43519,-0.74481,0.45693,-0.04720,0.78786,0.08128,0.60864,0.13633,0.73526,-0.13768,
1403715911,0.43502,-0.67729,0.44522,-0.07153,0.78407,0.11103,0.60646,0.03009,0.72574,-0.09800,
1403715911,0.42022,-0.61479,0.43432,-0.09680,0.77972,0.14020,0.60251,-0.09662,0.70543,-0.10422,
1403715911,0.39970,-0.55083,0.42437,-0.12292,0.77494,0.16787,0.59681,-0.20199,0.67879,-0.07940,
1403715911,0.36964,-0.48959,0.41639,-0.14975,0.76398,0.19459,0.59670,-0.30440,0.62619,-0.07039,
1403715911,0.33308,-0.42793,0.40699,-0.17556,0.75270,0.22236,0.59429,-0.40641,0.57725,-0.06294,
1403715911,0.29263,-0.36839,0.39484,-0.19941,0.74461,0.25181,0.58514,-0.49769,0.51349,-0.07372,
1403715911,0.24580,-0.31404,0.38179,-0.22247,0.73808,0.28015,0.57207,-0.56066,0.45125,-0.10150,
1403715912,0.18838,-0.26850,0.36808,-0.24313,0.73464,0.30674,0.55416,-0.62108,0.37312,-0.12307,
1403715912,0.12395,-0.22877,0.35383,-0.25684,0.73160,0.33589,0.53476,-0.65449,0.31488,-0.12316,
1403715912,0.05682,-0.19340,0.34363,-0.26463,0.72331,0.36746,0.52132,-0.66925,0.28837,-0.04071,
1403715912,-0.01174,-0.15811,0.34553,-0.27376,0.71165,0.39563,0.51194,-0.69650,0.27480,0.09913,
1403715912,-0.08427,-0.12381,0.36011,-0.28594,0.69919,0.41854,0.50418,-0.72344,0.27660,0.21714,
1403715912,-0.15782,-0.09023,0.38575,-0.30013,0.68873,0.43590,0.49555,-0.74438,0.26751,0.31915,
1403715912,-0.23156,-0.06156,0.41888,-0.31582,0.68055,0.44836,0.48588,-0.75306,0.26228,0.32661,
1403715912,-0.30409,-0.03458,0.45094,-0.33000,0.67230,0.46025,0.47674,-0.75375,0.24991,0.30800,
1403715912,-0.37592,-0.01223,0.48195,-0.34315,0.66255,0.47247,0.46909,-0.74255,0.22875,0.27930,
1403715912,-0.44688,0.00887,0.51028,-0.35397,0.65278,0.48659,0.46023,-0.73369,0.20659,0.27344,
1403715913,-0.51784,0.03038,0.53783,-0.36555,0.64148,0.50170,0.45073,-0.71838,0.18948,0.25887,
1403715913,-0.59102,0.04974,0.56262,-0.37854,0.62827,0.51923,0.43862,-0.71499,0.17744,0.24874,
1403715913,-0.66685,0.06696,0.58655,-0.39333,0.61055,0.53929,0.42626,-0.72279,0.16716,0.25743,
1403715913,-0.74109,0.08351,0.61011,-0.40998,0.58872,0.56260,0.41085,-0.71536,0.14691,0.22808,
1403715913,-0.81476,0.09695,0.62397,-0.42761,0.56247,0.58867,0.39274,-0.70882,0.12481,0.09692,
1403715913,-0.88573,0.10694,0.62591,-0.44580,0.53521,0.61310,0.37271,-0.69269,0.09629,-0.05472,
1403715913,-0.95482,0.11694,0.61499,-0.46158,0.50624,0.63673,0.35388,-0.68385,0.07851,-0.14779,
1403715913,-1.02586,0.12305,0.60257,-0.47995,0.47544,0.65549,0.33754,-0.66085,0.05050,-0.14245,
1403715913,-1.09950,0.13281,0.58955,-0.49363,0.44143,0.67246,0.33055,-0.63692,0.03535,-0.12736,
1403715913,-1.16125,0.13908,0.57492,0.50106,-0.41110,-0.68632,-0.33000,-0.62002,-0.02043,-0.11435,
1403715914,-1.22498,0.13116,0.56409,0.50692,-0.38702,-0.69348,-0.33515,-0.60993,-0.12552,-0.10479,
1403715914,-1.28710,0.11045,0.55197,0.50504,-0.36427,-0.70004,-0.34955,-0.63158,-0.25162,-0.12103,
1403715914,-1.35569,0.07556,0.54238,0.50277,-0.35325,-0.70369,-0.35673,-0.69103,-0.42186,-0.11192,
1403715914,-1.43188,0.02448,0.53319,-0.49854,0.35800,0.70788,0.34957,-0.78028,-0.56185,-0.09290,
1403715914,-1.51179,-0.04220,0.52777,-0.49319,0.36864,0.71170,0.33815,-0.84431,-0.68788,-0.04105,
1403715914,-1.60057,-0.11363,0.52656,-0.48944,0.37706,0.71277,0.33200,-0.91205,-0.77214,0.00105,
1403715914,-1.69372,-0.19404,0.52996,-0.48494,0.38128,0.71277,0.33380,-0.98114,-0.83927,0.02880,
1403715914,-1.79236,-0.28222,0.53282,-0.48370,0.39661,0.70880,0.32609,-1.02788,-0.89994,0.02152,
1403715914,-1.89498,-0.37512,0.53574,-0.47563,0.42168,0.70558,0.31323,-1.05931,-0.91443,0.02494,
1403715914,-1.99949,-0.46845,0.54007,-0.46083,0.44717,0.70361,0.30432,-1.07000,-0.88641,0.05039,
1403715915,-2.10652,-0.55539,0.54750,-0.44586,0.46817,0.70001,0.30335,-1.09678,-0.81883,0.08549,
1403715915,-2.21607,-0.63359,0.55617,-0.43560,0.49118,0.69114,0.30220,-1.10980,-0.72974,0.07732,
1403715915,-2.32626,-0.69856,0.56447,-0.42933,0.52151,0.67645,0.29345,-1.09892,-0.60266,0.05508,
1403715915,-2.43789,-0.75190,0.57045,-0.42821,0.55612,0.65676,0.27574,-1.06120,-0.43788,0.05094,
1403715915,-2.54255,-0.78706,0.57675,-0.42752,0.58142,0.64038,0.26285,-0.95724,-0.24751,0.06000,
1403715915,-2.63636,-0.80331,0.58406,-0.42801,0.59596,0.62840,0.25836,-0.82421,-0.02987,0.06983,
1403715915,-2.71471,-0.79750,0.59268,-0.42915,0.60333,0.62078,0.25780,-0.66041,0.19402,0.08632,
1403715915,-2.77987,-0.77211,0.60262,-0.43334,0.59949,0.61601,0.27085,-0.48808,0.40753,0.13290,
1403715915,-2.82485,-0.72424,0.61384,-0.43503,0.58058,0.61874,0.30139,-0.37221,0.54101,0.11214,
1403715915,-2.85759,-0.66365,0.61644,-0.43260,0.56011,0.62502,0.32937,-0.31078,0.62863,-0.02781,
1403715916,-2.88729,-0.59583,0.60164,-0.43280,0.54717,0.62791,0.34498,-0.28388,0.67841,-0.20679,
1403715916,-2.91391,-0.52400,0.57269,-0.43150,0.53599,0.63180,0.35687,-0.27568,0.71376,-0.31309,
1403715916,-2.94596,-0.45124,0.53682,-0.42845,0.52979,0.63629,0.36179,-0.29879,0.72413,-0.34074,
1403715916,-2.97106,-0.37327,0.50339,-0.42609,0.53258,0.64068,0.35262,-0.30943,0.75975,-0.34297,
1403715916,-3.00232,-0.29451,0.47000,-0.42292,0.53607,0.64489,0.34334,-0.31778,0.81037,-0.31149,
1403715916,-3.03344,-0.20924,0.44061,-0.42776,0.53424,0.64382,0.34219,-0.31848,0.86463,-0.30398,
1403715916,-3.06396,-0.12078,0.41180,-0.43104,0.53381,0.63919,0.34740,-0.29953,0.90235,-0.29676,
1403715916,-3.09206,-0.03040,0.38313,-0.43200,0.53912,0.62817,0.35796,-0.27931,0.91120,-0.29383,
1403715916,-3.11796,0.06129,0.35517,-0.42686,0.55073,0.61359,0.37149,-0.25593,0.92156,-0.28785,
1403715916,-3.14253,0.15485,0.32712,-0.42095,0.56721,0.59473,0.38389,-0.23933,0.92503,-0.29126,
1403715917,-3.16663,0.24927,0.29963,-0.41086,0.58937,0.57410,0.39274,-0.21588,0.92588,-0.28806,
1403715917,-3.18797,0.34231,0.27304,-0.39903,0.61183,0.55155,0.40277,-0.18749,0.91908,-0.27737,
1403715917,-3.20575,0.43531,0.24693,-0.39189,0.63411,0.52706,0.40809,-0.15404,0.92622,-0.26154,
1403715917,-3.21769,0.52741,0.22309,-0.38814,0.65275,0.50494,0.41024,-0.08712,0.92267,-0.23688,
1403715917,-3.22107,0.61863,0.20423,-0.39134,0.66715,0.48250,0.41105,0.02015,0.92216,-0.18028,
1403715917,-3.21221,0.70836,0.19120,-0.39397,0.67560,0.46521,0.41465,0.14353,0.88912,-0.13211,
1403715917,-3.18713,0.79487,0.18455,-0.39292,0.66979,0.45330,0.43761,0.30693,0.85779,-0.03847,
1403715917,-3.15144,0.87678,0.18455,-0.37664,0.65419,0.44892,0.47817,0.37169,0.76547,-0.00859,
1403715917,-3.11703,0.95241,0.18078,-0.35894,0.64847,0.44193,0.50532,0.35171,0.64242,-0.03386,
1403715917,-3.08547,1.01654,0.17684,-0.34804,0.65033,0.43518,0.51629,0.29606,0.54087,-0.02869,
1403715918,-3.05850,1.06746,0.17238,-0.34283,0.66429,0.43058,0.50575,0.24464,0.44840,-0.05667,
1403715918,-3.03596,1.11177,0.16237,-0.34455,0.67823,0.42494,0.49063,0.24273,0.39816,-0.10307,
1403715918,-3.01390,1.14478,0.14934,-0.35441,0.68021,0.41607,0.48846,0.25860,0.33971,-0.13313,
1403715918,-2.99261,1.16189,0.13392,-0.36228,0.67313,0.41057,0.49708,0.26963,0.21588,-0.10893,
1403715918,-2.97209,1.16461,0.12103,-0.36530,0.66472,0.41022,0.50639,0.25938,0.06056,-0.06959,
1403715918,-2.95350,1.15326,0.11233,-0.36033,0.65737,0.41567,0.51502,0.23405,-0.11201,-0.03101,
1403715918,-2.93403,1.13206,0.10392,-0.34360,0.65708,0.42176,0.52182,0.19897,-0.25089,-0.05317,
1403715918,-2.91869,1.10071,0.09528,-0.33185,0.66069,0.41689,0.52874,0.14423,-0.35644,-0.04502,
1403715918,-2.90782,1.05911,0.08422,-0.33044,0.67365,0.40102,0.52554,0.08686,-0.45929,-0.16891,
1403715918,-2.89980,1.00990,0.05903,-0.32842,0.69657,0.38339,0.50985,0.06742,-0.53871,-0.30822,
1403715919,-2.89212,0.95198,0.02241,-0.32209,0.71707,0.36771,0.49685,0.09157,-0.61489,-0.40232,
1403715919,-2.88099,0.88702,-0.02241,-0.31382,0.73001,0.35514,0.49242,0.14986,-0.66828,-0.43595,
1403715919,-2.86283,0.81686,-0.06133,-0.29781,0.73574,0.35375,0.49482,0.21446,-0.72118,-0.29150,
1403715919,-2.83962,0.74610,-0.08614,-0.27491,0.73802,0.36202,0.49869,0.24358,-0.73692,-0.17121,
1403715919,-2.81363,0.67514,-0.09832,-0.25364,0.74416,0.37353,0.49231,0.25623,-0.70749,-0.04053,
1403715919,-2.78613,0.60746,-0.09849,-0.24032,0.75202,0.38151,0.48079,0.29448,-0.61064,0.10193,
1403715919,-2.75513,0.55076,-0.08731,-0.22726,0.75279,0.39144,0.47795,0.32524,-0.49459,0.18212,
1403715919,-2.72074,0.50598,-0.07373,-0.21396,0.74282,0.40380,0.48928,0.33720,-0.35460,0.18832,
1403715919,-2.68828,0.47892,-0.05937,-0.20604,0.72713,0.41349,0.50779,0.29082,-0.20824,0.15169,
1403715919,-2.66491,0.47136,-0.05186,-0.21576,0.72297,0.40854,0.51367,0.21619,-0.10052,0.00066,
1403715920,-2.64724,0.47667,-0.05779,-0.23118,0.72419,0.39792,0.51357,0.17279,-0.00657,-0.14519,
1403715920,-2.62979,0.49239,-0.07440,-0.24115,0.72581,0.38967,0.51304,0.15053,0.07603,-0.26714,
1403715920,-2.61526,0.50302,-0.10617,-0.24268,0.72577,0.38777,0.51381,0.12462,0.12596,-0.36815,
1403715920,-2.60237,0.51865,-0.14637,-0.23891,0.72352,0.38992,0.51711,0.08869,0.17097,-0.41621,
1403715920,-2.59743,0.53787,-0.18894,-0.23619,0.72407,0.39209,0.51594,0.02199,0.22175,-0.41492,
1403715920,-2.59641,0.56422,-0.22514,-0.23504,0.72975,0.39414,0.50683,-0.01637,0.29393,-0.29091,
1403715920,-2.59870,0.59644,-0.24779,-0.23640,0.73447,0.39511,0.49856,-0.04822,0.35944,-0.14870,
1403715920,-2.60358,0.63711,-0.25503,-0.24103,0.73745,0.39403,0.49276,-0.05195,0.45803,0.00450,
1403715920,-2.60729,0.68657,-0.24591,-0.25445,0.73422,0.39119,0.49310,-0.04949,0.52588,0.14273,
1403715920,-2.61149,0.74054,-0.22603,-0.26799,0.72906,0.38841,0.49577,-0.04369,0.55678,0.20188,
1403715921,-2.61502,0.79646,-0.20423,-0.28084,0.72231,0.38498,0.50119,-0.02885,0.56109,0.21024,
1403715921,-2.61719,0.85073,-0.18409,-0.29224,0.71540,0.38087,0.50768,-0.02452,0.53673,0.19789,
1403715921,-2.61880,0.90013,-0.16128,-0.30181,0.70744,0.37936,0.51432,-0.02758,0.48459,0.28260,
1403715921,-2.62171,0.94293,-0.12763,-0.30999,0.69993,0.38396,0.51632,-0.05210,0.40979,0.36975,
1403715921,-2.62694,0.97638,-0.08451,-0.31765,0.69709,0.39338,0.50834,-0.07679,0.32081,0.46374,
1403715921,-2.63230,1.00058,-0.03411,-0.32359,0.69936,0.40727,0.49023,-0.06410,0.23734,0.53928,
1403715921,-2.63589,1.01864,0.02086,-0.32643,0.69807,0.42357,0.47616,-0.02445,0.19121,0.55718,
1403715921,-2.63635,1.03478,0.07719,-0.32849,0.69325,0.43617,0.47038,0.01581,0.17486,0.55600,
1403715921,-2.63344,1.05025,0.13231,-0.32514,0.68812,0.44809,0.46903,0.05228,0.15707,0.54126,
1403715921,-2.62779,1.06443,0.18667,-0.31878,0.68407,0.45904,0.46874,0.06633,0.15934,0.53983,
1403715922,-2.62160,1.08085,0.24262,-0.31588,0.68202,0.46433,0.46847,0.06362,0.18033,0.57957,
1403715922,-2.61593,1.09937,0.30817,-0.31487,0.68047,0.46604,0.46970,0.06116,0.21987,0.71501,
1403715922,-2.61138,1.11939,0.38425,-0.31582,0.68185,0.46478,0.46831,0.05445,0.24471,0.77086,
1403715922,-2.60628,1.14443,0.46150,-0.32239,0.68429,0.45906,0.46591,0.05393,0.25890,0.75035,
1403715922,-2.60023,1.17073,0.53110,-0.32698,0.68575,0.45411,0.46542,0.06714,0.28396,0.63071,
1403715922,-2.59209,1.19886,0.59109,-0.32732,0.68627,0.45165,0.46680,0.08684,0.28556,0.59938,
1403715922,-2.58388,1.22792,0.65175,-0.32878,0.68418,0.44839,0.47196,0.09594,0.28620,0.67199,
1403715922,-2.57383,1.25629,0.72206,-0.33313,0.68055,0.44364,0.47861,0.10708,0.27939,0.77691,
1403715922,-2.56247,1.28353,0.80349,-0.33533,0.67644,0.44139,0.48493,0.10497,0.23585,0.86344,
1403715922,-2.55062,1.30729,0.88756,-0.33098,0.67301,0.44479,0.48956,0.09655,0.18246,0.84686,
1403715923,-2.54136,1.32224,0.96909,-0.33201,0.67250,0.44516,0.48922,0.07923,0.13665,0.81449,
1403715923,-2.53426,1.33584,1.04830,-0.33772,0.67241,0.44202,0.48829,0.06196,0.08955,0.75270,
1403715923,-2.52909,1.34482,1.11571,-0.33840,0.67218,0.44174,0.48840,0.05986,0.03914,0.59881,
1403715923,-2.52344,1.34823,1.16759,-0.33350,0.67073,0.44609,0.48980,0.04412,0.00236,0.43526,
1403715923,-2.52062,1.34948,1.20549,-0.32839,0.66982,0.45019,0.49074,0.02473,-0.01586,0.30082,
1403715923,-2.52276,1.34755,1.23433,-0.32518,0.66872,0.45252,0.49224,-0.00958,-0.03763,0.27012,
1403715923,-2.52796,1.34267,1.26119,-0.32208,0.66963,0.45474,0.49098,-0.06035,-0.06974,0.30008,
1403715923,-2.53763,1.33464,1.29615,-0.31721,0.67318,0.45815,0.48612,-0.10379,-0.08147,0.41658,
1403715923,-2.55125,1.32563,1.34519,-0.31797,0.67852,0.45826,0.47801,-0.14550,-0.08520,0.50915,
1403715923,-2.56455,1.31861,1.39573,-0.32647,0.68465,0.45294,0.46852,-0.14307,-0.06781,0.45895,
1403715924,-2.57567,1.31169,1.43842,-0.33721,0.68961,0.44589,0.46033,-0.10275,-0.06535,0.33717,
1403715924,-2.58514,1.30239,1.46285,-0.34735,0.69235,0.43895,0.45533,-0.05593,-0.08280,0.13888,
1403715924,-2.58993,1.29128,1.45966,-0.35455,0.69271,0.43428,0.45371,-0.01298,-0.11246,-0.11417,
1403715924,-2.58862,1.27852,1.43033,-0.35915,0.68970,0.43136,0.45744,0.05045,-0.14203,-0.28363,
1403715924,-2.58024,1.26359,1.39310,-0.36375,0.68203,0.42829,0.46807,0.11410,-0.18233,-0.39310,
1403715924,-2.56739,1.24212,1.34343,-0.36374,0.67438,0.42885,0.47854,0.15744,-0.24831,-0.52150,
1403715924,-2.55077,1.21376,1.28365,-0.35836,0.66864,0.43271,0.48709,0.17098,-0.32906,-0.58397,
1403715924,-2.53415,1.17707,1.22325,-0.35111,0.66725,0.43775,0.48978,0.17800,-0.40358,-0.58492,
1403715924,-2.51834,1.13291,1.16447,-0.34472,0.66879,0.44201,0.48838,0.16077,-0.47131,-0.56797,
1403715924,-2.50235,1.08451,1.10749,-0.33838,0.67346,0.44591,0.48283,0.14859,-0.50157,-0.55533,
1403715925,-2.48589,1.03509,1.05218,-0.33088,0.68082,0.45034,0.47349,0.15749,-0.51311,-0.53426,
1403715925,-2.47015,0.98401,0.99839,-0.32936,0.68735,0.44888,0.46644,0.17731,-0.50993,-0.52307,
1403715925,-2.44854,0.93412,0.94439,-0.33188,0.69602,0.43731,0.46279,0.23636,-0.50333,-0.52134,
1403715925,-2.42051,0.88396,0.89163,-0.33047,0.70412,0.42098,0.46667,0.30534,-0.51056,-0.51084,
1403715925,-2.38498,0.83081,0.83965,-0.32376,0.71266,0.40049,0.47635,0.37541,-0.54738,-0.49843,
1403715925,-2.34303,0.77435,0.79179,-0.31144,0.71661,0.37807,0.49652,0.43798,-0.58999,-0.42709,
1403715925,-2.29799,0.71314,0.75449,-0.29509,0.71720,0.35536,0.52178,0.43489,-0.65750,-0.29120,
1403715925,-2.25418,0.64407,0.73042,-0.27867,0.72368,0.33153,0.53733,0.41211,-0.72367,-0.17093,
1403715925,-2.21429,0.56710,0.71875,-0.26345,0.73760,0.30604,0.54118,0.38191,-0.80110,-0.07586,
1403715925,-2.17667,0.48341,0.71505,-0.24838,0.75571,0.27919,0.53783,0.36153,-0.86379,-0.03434,
1403715926,-2.14011,0.39277,0.71164,-0.23148,0.77364,0.25342,0.53262,0.36735,-0.92710,-0.02904,
1403715926,-2.10224,0.29633,0.70963,-0.21292,0.78609,0.22794,0.53364,0.39164,-0.98109,-0.02481,
1403715926,-2.05741,0.19770,0.70947,-0.19429,0.79374,0.20135,0.54008,0.43347,-1.02570,-0.01141,
1403715926,-2.01150,0.09314,0.70703,-0.17529,0.79998,0.17391,0.54687,0.46255,-1.06597,-0.01949,
1403715926,-1.96038,-0.01379,0.70425,-0.15324,0.80360,0.14740,0.55589,0.47905,-1.11486,-0.02319,
1403715926,-1.90859,-0.12507,0.70115,-0.13098,0.80487,0.11930,0.56638,0.49245,-1.14351,-0.05478,
1403715926,-1.85325,-0.23834,0.68879,-0.11326,0.80223,0.08502,0.57998,0.48199,-1.18807,-0.15484,
1403715926,-1.80457,-0.35747,0.66439,-0.09354,0.79918,0.04944,0.59171,0.41411,-1.24221,-0.30870,
1403715926,-1.76340,-0.48201,0.62789,-0.06962,0.79592,0.01565,0.60118,0.35632,-1.29586,-0.40247,
1403715926,-1.73340,-0.61441,0.58631,-0.03970,0.79044,-0.01385,0.61109,0.25165,-1.33584,-0.41500,
1403715927,-1.71362,-0.74754,0.54259,-0.00797,0.78376,-0.04072,0.61967,0.13626,-1.36878,-0.44659,
1403715927,-1.70659,-0.88419,0.49694,0.02120,0.78557,-0.06728,0.61474,0.00982,-1.36319,-0.46243,
1403715927,-1.71075,-1.02040,0.45185,0.04673,0.79178,-0.09491,0.60157,-0.07570,-1.35646,-0.43486,
1403715927,-1.72573,-1.15519,0.41377,0.07584,0.79808,-0.11618,0.58635,-0.15126,-1.32068,-0.32767,
1403715927,-1.74679,-1.28488,0.38956,0.09934,0.80186,-0.13623,0.57323,-0.19458,-1.26448,-0.17623,
1403715927,-1.76824,-1.40699,0.37836,0.11754,0.80156,-0.15569,0.56520,-0.19063,-1.20564,-0.05817,
1403715927,-1.78794,-1.52524,0.36977,0.13621,0.79423,-0.17245,0.56649,-0.20135,-1.15076,-0.06106,
1403715927,-1.79693,-1.64425,0.35632,0.16661,0.78586,-0.17939,0.56789,-0.18853,-1.07101,-0.06459,
1403715927,-1.81174,-1.74730,0.34693,0.19708,0.77692,-0.18495,0.56863,-0.17479,-0.94242,-0.05218,
1403715927,-1.82749,-1.83727,0.34086,0.21990,0.76259,-0.19451,0.57643,-0.17946,-0.78402,-0.02091,
1403715928,-1.84840,-1.90636,0.33862,0.22605,0.74365,-0.21691,0.59062,-0.21576,-0.61236,-0.03780,
1403715928,-1.87150,-1.96483,0.33407,0.22934,0.72470,-0.24424,0.60213,-0.30910,-0.45345,-0.03593,
1403715928,-1.90566,-2.01060,0.32708,0.24086,0.71074,-0.27253,0.60213,-0.41054,-0.32063,-0.06423,
1403715928,-1.94968,-2.03824,0.31648,0.26554,0.70221,-0.29904,0.58904,-0.51873,-0.19106,-0.08711,
1403715928,-2.00203,-2.04943,0.30409,0.29390,0.69496,-0.32686,0.56905,-0.60766,-0.02181,-0.11262,
1403715928,-2.06344,-2.04298,0.28919,0.32023,0.68608,-0.35868,0.54598,-0.65298,0.12966,-0.19358,
1403715928,-2.12893,-2.02442,0.26063,0.33633,0.67207,-0.39924,0.52518,-0.68071,0.25509,-0.34871,
1403715928,-2.19634,-1.99388,0.21987,0.35180,0.65209,-0.44123,0.50630,-0.67666,0.35851,-0.44951,
1403715928,-2.26431,-1.95348,0.17083,0.37496,0.62231,-0.47540,0.49612,-0.68623,0.45304,-0.51489,
1403715928,-2.32856,-1.89675,0.11786,0.39933,0.59121,-0.50398,0.48684,-0.68516,0.59110,-0.55414,
1403715929,-2.39602,-1.82753,0.06181,0.41070,0.56888,-0.53596,0.46952,-0.68700,0.72464,-0.58797,
1403715929,-2.46666,-1.74917,0.00782,-0.41392,-0.55526,0.56343,-0.45045,-0.69314,0.82475,-0.48467,
1403715929,-2.53676,-1.66181,-0.03349,-0.41292,-0.55481,0.58262,-0.42689,-0.70013,0.89438,-0.37449,
1403715929,-2.60464,-1.57039,-0.05802,-0.39667,-0.56802,0.60110,-0.39836,-0.68219,0.89464,-0.13620,
1403715929,-2.66934,-1.48496,-0.05684,-0.37337,-0.58792,0.60984,-0.37820,-0.64594,0.80341,0.13543,
1403715929,-2.73194,-1.41543,-0.02633,0.34825,0.61088,-0.60922,0.36662,-0.63823,0.61696,0.39431,
1403715929,-2.78995,-1.37214,0.02691,0.32822,0.63087,-0.60404,0.35973,-0.63389,0.40474,0.50555,
1403715929,-2.84360,-1.35699,0.08319,0.31650,0.64989,-0.59410,0.35286,-0.60974,0.14531,0.47678,
1403715929,-2.90235,-1.35545,0.13129,0.33300,0.66602,-0.56814,0.35035,-0.55761,-0.08556,0.43137,
1403715929,-2.95485,-1.37038,0.17246,0.37343,0.67725,-0.52759,0.35146,-0.43374,-0.22838,0.37155,
1403715930,-2.98841,-1.39717,0.20886,0.41639,0.68243,-0.48771,0.35078,-0.21406,-0.30322,0.35767,
1403715930,-2.99541,-1.42617,0.24334,0.44823,0.68277,-0.46043,0.34774,0.07589,-0.28140,0.33326,
1403715930,-2.97329,-1.45039,0.27301,0.44134,0.67419,-0.47206,0.35757,0.37449,-0.24550,0.27398,
1403715930,-2.92800,-1.47203,0.30267,0.41873,0.65627,-0.49715,0.38316,0.59676,-0.23865,0.20818,
1403715930,-2.86939,-1.49456,0.32708,0.39541,0.62975,-0.52037,0.41985,0.68809,-0.23105,0.11037,
1403715930,-2.79941,-1.51777,0.33780,0.37703,0.60519,-0.53760,0.45009,0.70291,-0.22001,0.01238,
1403715930,-2.73256,-1.53526,0.34187,0.36045,0.58403,-0.55193,0.47367,0.62972,-0.18165,0.01024,
1403715930,-2.67571,-1.54836,0.34498,0.34692,0.56789,-0.56348,0.48953,0.48866,-0.13150,0.02526,
1403715930,-2.63405,-1.55439,0.34937,-0.34188,-0.56091,0.56998,-0.49357,0.30834,-0.07118,0.01623,
1403715930,-2.61071,-1.55739,0.34907,-0.34237,-0.57008,0.57337,-0.47858,0.14352,-0.03725,-0.04043,
1403715931,-2.59950,-1.55875,0.33829,0.34272,0.58288,-0.57700,0.45811,0.03949,-0.02446,-0.17248,
1403715931,-2.59788,-1.56264,0.31993,0.33880,0.59395,-0.58254,0.43941,-0.05696,-0.06340,-0.18245,
1403715931,-2.60444,-1.57164,0.30884,0.33332,0.59778,-0.58869,0.43012,-0.15494,-0.14776,-0.04036,
1403715931,-2.62166,-1.59017,0.31290,0.33458,0.60131,-0.59027,0.42198,-0.23903,-0.25377,0.12849,
1403715931,-2.64731,-1.61888,0.33292,0.34707,0.61135,-0.58359,0.40647,-0.29019,-0.33700,0.25976,
1403715931,-2.67502,-1.65788,0.35774,0.35235,0.62072,-0.58098,0.39117,-0.29008,-0.43491,0.21959,
1403715931,-2.70191,-1.70788,0.37368,0.34878,0.62757,-0.58417,0.37849,-0.25594,-0.55463,0.12336,
1403715931,-2.72590,-1.77150,0.38807,0.34648,0.63037,-0.58590,0.37324,-0.22283,-0.71346,0.21165,
1403715931,-2.74717,-1.85135,0.41429,0.34605,0.62822,-0.58685,0.37575,-0.19042,-0.86429,0.35409,
1403715931,-2.76624,-1.94765,0.45520,0.34906,0.62477,-0.58466,0.38208,-0.17119,-1.01223,0.43859,
1403715932,-2.78395,-2.05606,0.49487,0.35178,0.62284,-0.58149,0.38754,-0.15401,-1.12784,0.36466,
1403715932,-2.79915,-2.17397,0.52248,0.35699,0.62346,-0.57542,0.39084,-0.12107,-1.20712,0.20481,
1403715932,-2.81087,-2.29830,0.53630,0.36304,0.62559,-0.56790,0.39285,-0.08876,-1.26301,0.06858,
1403715932,-2.81954,-2.42908,0.54048,0.36659,0.62558,-0.56184,0.39825,-0.05766,-1.31925,0.05492,
1403715932,-2.82512,-2.56422,0.54693,0.37525,0.62051,-0.55241,0.41110,-0.02896,-1.35128,0.07514,
1403715932,-2.82719,-2.70026,0.55591,0.38472,0.61271,-0.54269,0.42668,0.00165,-1.34529,0.10335,
1403715932,-2.82655,-2.83340,0.57006,0.40047,0.60125,-0.52857,0.44580,0.02568,-1.28840,0.17047,
1403715932,-2.82326,-2.95718,0.59093,0.42226,0.58624,-0.51044,0.46634,0.05372,-1.16365,0.24010,
1403715932,-2.81733,-3.06608,0.61633,0.44174,0.56779,-0.49328,0.48904,0.07419,-0.97744,0.24064,
1403715932,-2.81125,-3.15187,0.64237,0.45594,0.55318,-0.48021,0.50548,0.07727,-0.71331,0.25028,
1403715933,-2.80348,-3.20889,0.66826,0.46458,0.54125,-0.47089,0.51911,0.06874,-0.39320,0.27927,
1403715933,-2.79329,-3.22659,0.69789,0.47372,0.52751,-0.46088,0.53377,0.06164,-0.02523,0.29980,
1403715933,-2.78482,-3.20491,0.72795,0.48140,0.51701,-0.45286,0.54393,0.04508,0.39428,0.29849,
1403715933,-2.77856,-3.14392,0.75874,0.48388,0.51561,-0.45267,0.54323,0.01977,0.81384,0.28695,
1403715933,-2.77385,-3.04440,0.78606,0.46974,0.53460,-0.47272,0.51970,0.00496,1.19417,0.24888,
1403715933,-2.76962,-2.91219,0.81162,0.44175,0.56297,-0.50425,0.48338,0.01675,1.46035,0.24867,
1403715933,-2.76685,-2.76044,0.83638,0.41364,0.58774,-0.53186,0.44787,0.02287,1.58750,0.24549,
1403715933,-2.76333,-2.60156,0.86002,0.38385,0.61030,-0.55669,0.41267,0.03757,1.59167,0.24239,
1403715933,-2.75702,-2.44598,0.88318,0.35203,0.62842,-0.58001,0.38047,0.06602,1.49455,0.24595,
1403715933,-2.74461,-2.30523,0.90582,0.31405,0.63962,-0.60675,0.35229,0.07438,1.29462,0.21735,
1403715934,-2.73199,-2.19149,0.92874,0.27764,0.64678,-0.63120,0.32585,0.07683,0.94741,0.25443,
1403715934,-2.72956,-2.11658,0.95654,0.25226,0.65530,-0.64426,0.30310,0.04340,0.50597,0.31993,
1403715934,-2.72782,-2.08909,0.99129,0.24485,0.66410,-0.64665,0.28435,0.02409,-0.01893,0.40167,
1403715934,-2.72458,-2.10488,1.03644,0.25083,0.66666,-0.64455,0.27787,0.02550,-0.55548,0.50328,
1403715934,-2.70768,-2.17943,1.09577,0.27987,0.65257,-0.63924,0.29529,0.03543,-1.06447,0.67391,
1403715934,-2.70528,-2.30139,1.16965,0.33088,0.62837,-0.61465,0.34333,0.05402,-1.38306,0.77203,
1403715934,-2.69957,-2.44480,1.24407,0.38702,0.59490,-0.58152,0.39768,0.06493,-1.45406,0.69662,
1403715934,-2.69473,-2.58897,1.30024,0.43632,0.55847,-0.54657,0.44610,0.07465,-1.37272,0.42077,
1403715934,-2.68710,-2.71909,1.33435,0.46976,0.53081,-0.51855,0.47819,0.07410,-1.18451,0.24899,
1403715934,-2.67939,-2.82408,1.35580,0.49354,0.50811,-0.49524,0.50297,0.08381,-0.89388,0.14540,
1403715935,-2.67141,-2.89454,1.36703,0.51038,0.48939,-0.47569,0.52319,0.09303,-0.52140,0.06251,
1403715935,-2.66463,-2.92187,1.37499,0.52148,0.47472,-0.45969,0.53980,0.07748,-0.03922,0.04324,
1403715935,-2.65819,-2.90220,1.38048,0.52274,0.46737,-0.45187,0.55147,0.06232,0.50372,0.07640,
1403715935,-2.65054,-2.83372,1.39583,0.51293,0.47130,-0.45638,0.55362,0.03426,1.04286,0.09776,
1403715935,-2.64677,-2.70833,1.40887,0.48599,0.50206,-0.48417,0.52661,-0.00365,1.50879,0.15145,
1403715935,-2.64760,-2.54349,1.42125,0.44844,0.53688,-0.51978,0.49039,-0.03062,1.78422,0.06530,
1403715935,-2.65167,-2.35651,1.42243,0.41041,0.56930,-0.55304,0.44901,-0.04999,1.93228,-0.04002,
1403715935,-2.65571,-2.16039,1.41332,0.37715,0.59425,-0.57939,0.41100,-0.06427,1.95685,-0.16181,
1403715935,-2.65807,-1.96838,1.39233,0.35212,0.61221,-0.59770,0.37943,-0.06141,1.86452,-0.26656,
1403715935,-2.66055,-1.78981,1.36225,0.33332,0.62591,-0.60912,0.35512,-0.04826,1.70342,-0.35764,
1403715936,-2.67083,-1.63148,1.32249,0.31907,0.63718,-0.61463,0.33826,-0.04109,1.45062,-0.43808,
1403715936,-2.67461,-1.50171,1.27662,0.30898,0.64450,-0.61881,0.32593,-0.01634,1.15487,-0.44677,
1403715936,-2.67444,-1.40526,1.23253,0.29823,0.65121,-0.62380,0.31282,0.01620,0.80681,-0.41651,
1403715936,-2.66970,-1.35475,1.19159,0.28875,0.65581,-0.62977,0.29989,0.05170,0.39052,-0.35820,
1403715936,-2.63901,-1.34648,1.16101,0.28882,0.65139,-0.63822,0.29146,0.07380,-0.05166,-0.27064,
1403715936,-2.63259,-1.38883,1.14283,0.30824,0.64221,-0.63006,0.30916,0.09663,-0.47712,-0.14233,
1403715936,-2.62373,-1.46259,1.13685,0.34863,0.62199,-0.60974,0.34613,0.11180,-0.75531,-0.07308,
1403715936,-2.61144,-1.54730,1.13173,0.39218,0.59658,-0.58471,0.38523,0.13933,-0.87341,-0.04715,
1403715936,-2.59735,-1.63671,1.12678,0.42853,0.56944,-0.56119,0.42091,0.15717,-0.85513,-0.09089,
1403715936,-2.57914,-1.71970,1.11497,-0.44878,-0.54740,0.54776,-0.44600,0.17785,-0.72813,-0.15498,
1403715937,-2.56010,-1.78215,1.09851,-0.45806,-0.53375,0.54193,-0.46001,0.18029,-0.54343,-0.17971,
1403715937,-2.54254,-1.82610,1.08315,-0.46114,-0.52195,0.53994,-0.47264,0.17372,-0.32855,-0.15825,
1403715937,-2.52448,-1.84812,1.07264,-0.46065,-0.51700,0.54128,-0.47699,0.15890,-0.09147,-0.14420,
1403715937,-2.50916,-1.84577,1.05810,-0.45386,-0.52691,0.54903,-0.46363,0.13893,0.10575,-0.14647,
1403715937,-2.49755,-1.82452,1.04236,-0.44602,-0.53666,0.55693,-0.45043,0.12719,0.26243,-0.13914,
1403715937,-2.48506,-1.78853,1.02645,-0.43615,-0.54620,0.56132,-0.44312,0.12748,0.38148,-0.15193,
1403715937,-2.47244,-1.74358,1.00884,-0.41928,-0.56161,0.56459,-0.43593,0.13080,0.45787,-0.16103,
1403715937,-2.45978,-1.69191,0.99058,0.40280,0.57867,-0.56108,0.43368,0.13626,0.50296,-0.20604,
1403715937,-2.44644,-1.63811,0.96726,0.38770,0.59642,-0.55062,0.43679,0.13834,0.52348,-0.30175,
1403715937,-2.43481,-1.58316,0.93259,0.37507,0.61250,-0.53510,0.44479,0.12800,0.53620,-0.40890,
1403715938,-2.42223,-1.52732,0.88425,0.35564,0.63144,-0.52675,0.44422,0.11092,0.53591,-0.56167,
1403715938,-2.40826,-1.47509,0.82740,0.33173,0.65541,-0.52330,0.43192,0.12884,0.47216,-0.57149,
1403715938,-2.39482,-1.43172,0.77082,0.31131,0.67543,-0.51672,0.42413,0.13638,0.38054,-0.55786,
1403715938,-2.37893,-1.39853,0.71796,0.29569,0.69111,-0.50652,0.42235,0.16472,0.23971,-0.51135,
1403715938,-2.35779,-1.37848,0.66944,0.28281,0.70411,-0.49453,0.42389,0.21272,0.10096,-0.49250,
1403715938,-2.33161,-1.37059,0.62256,0.27069,0.71775,-0.47947,0.42624,0.27340,-0.05405,-0.44478,
1403715938,-2.29953,-1.37802,0.58045,0.25795,0.73162,-0.46306,0.42868,0.34857,-0.22806,-0.33938,
1403715938,-2.25870,-1.40224,0.55278,0.24663,0.74424,-0.44347,0.43431,0.44358,-0.41393,-0.14354,
1403715938,-2.20805,-1.44514,0.54345,0.25079,0.75106,-0.41099,0.45176,0.53126,-0.55771,0.04574,
1403715938,-2.14866,-1.50122,0.54999,0.25457,0.75397,-0.37758,0.47346,0.61380,-0.61583,0.13658,
1403715939,-2.08337,-1.56260,0.56097,0.24891,0.75418,-0.35043,0.49645,0.66701,-0.62253,0.09974,
1403715939,-2.01491,-1.62527,0.56769,0.23910,0.75604,-0.33249,0.51057,0.68606,-0.62048,0.05091,
1403715939,-1.94533,-1.68863,0.57103,0.22667,0.76358,-0.32481,0.50996,0.69528,-0.62625,0.02172,
1403715939,-1.87290,-1.75363,0.57033,0.21321,0.77781,-0.32418,0.49443,0.74507,-0.65994,-0.00273,
1403715939,-1.79466,-1.82332,0.56743,0.20056,0.79098,-0.32599,0.47735,0.81178,-0.71813,-0.02236,
1403715939,-1.70831,-1.90103,0.56183,0.18988,0.80057,-0.32785,0.46427,0.90505,-0.81281,-0.05715,
1403715939,-1.61004,-1.98985,0.55608,0.18655,0.80430,-0.32572,0.46066,1.03757,-0.93566,-0.01667,
1403715939,-1.49804,-2.09051,0.55746,0.19662,0.78983,-0.31610,0.48743,1.15986,-1.03960,0.04394,
1403715939,-1.37875,-2.19703,0.56279,0.21104,0.76674,-0.30369,0.52473,1.20275,-1.06763,0.03874,
1403715939,-1.25930,-2.30219,0.56594,0.22482,0.74140,-0.29268,0.56047,1.17246,-1.02128,0.02139,
1403715940,-1.14624,-2.39995,0.56725,0.23747,0.71946,-0.28307,0.58810,1.08365,-0.92009,0.01813,
1403715940,-1.04528,-2.48382,0.57183,0.25067,0.69547,-0.27405,0.61513,0.93607,-0.74723,0.10219,
1403715940,-0.96325,-2.54649,0.58514,0.26381,0.66861,-0.26507,0.64273,0.70182,-0.50294,0.16599,
1403715940,-0.90503,-2.58191,0.60530,0.27305,0.65014,-0.26051,0.65947,0.44282,-0.21657,0.26000,
1403715940,-0.87468,-2.58487,0.63466,0.27867,0.64291,-0.25951,0.66458,0.14046,0.12861,0.35732,
1403715940,-0.87785,-2.54838,0.67288,0.27588,0.65852,-0.26751,0.64705,-0.11739,0.43945,0.39551,
1403715940,-0.90161,-2.48701,0.71149,0.26229,0.69456,-0.28423,0.60663,-0.31617,0.68734,0.42878,
1403715940,-0.94090,-2.40715,0.75151,0.24594,0.72903,-0.30033,0.56376,-0.42402,0.84245,0.41501,
1403715940,-0.98417,-2.31898,0.79138,0.22633,0.75993,-0.31553,0.52126,-0.42501,0.89178,0.40754,
1403715940,-1.02420,-2.23009,0.83043,0.20654,0.78670,-0.32944,0.47950,-0.36766,0.86192,0.36905,
1403715941,-1.05275,-2.15166,0.86609,0.18468,0.80970,-0.34372,0.43834,-0.22951,0.73681,0.35178,
1403715941,-1.06508,-2.08926,0.89977,0.15872,0.82967,-0.36021,0.39587,-0.02500,0.52534,0.32987,
1403715941,-1.05533,-2.05341,0.93458,0.13648,0.84395,-0.37294,0.36062,0.24656,0.18442,0.37130,
1403715941,-1.01700,-2.05600,0.97490,0.13224,0.85264,-0.37221,0.34203,0.58848,-0.22496,0.44111,
1403715941,-0.94086,-2.09829,1.02642,0.14582,0.84721,-0.36529,0.35713,0.98124,-0.65013,0.56306,
1403715941,-0.82944,-2.17946,1.08880,0.17525,0.82095,-0.35291,0.41327,1.24398,-0.93317,0.64058,
1403715941,-0.69910,-2.28152,1.15688,0.21076,0.77716,-0.33394,0.48999,1.34737,-1.04083,0.68726,
1403715941,-0.56568,-2.38618,1.22254,0.24194,0.72743,-0.31347,0.56039,1.31049,-1.00416,0.60255,
1403715941,-0.44088,-2.48076,1.27959,0.25660,0.68838,-0.30105,0.60799,1.18018,-0.86957,0.50559,
1403715941,-0.33179,-2.55871,1.32624,0.26445,0.65985,-0.29283,0.63947,1.00917,-0.69738,0.36596,
1403715942,-0.24144,-2.61927,1.35417,0.26574,0.64351,-0.28920,0.65699,0.80172,-0.51737,0.14571,
1403715942,-0.17514,-2.66350,1.35621,0.26586,0.62830,-0.28592,0.67291,0.53744,-0.30260,-0.04369,
1403715942,-0.13860,-2.68099,1.34859,0.26521,0.60843,-0.28188,0.69284,0.19360,-0.02914,-0.10727,
1403715942,-0.13658,-2.66719,1.33496,0.26733,0.59055,-0.27599,0.70966,-0.18192,0.26699,-0.14706,
1403715942,-0.17389,-2.61671,1.31397,0.27071,0.58956,-0.27330,0.71024,-0.58827,0.59962,-0.23830,
1403715942,-0.24058,-2.54579,1.28479,0.26771,0.62086,-0.28141,0.68094,-0.92490,0.88212,-0.33545,
1403715942,-0.34714,-2.44023,1.24668,0.25513,0.66791,-0.29699,0.63293,-1.16421,1.10406,-0.47045,
1403715942,-0.47001,-2.32095,1.18860,0.23670,0.71329,-0.31386,0.58024,-1.28415,1.21905,-0.69315,
1403715942,-0.60089,-2.19727,1.10822,0.21414,0.75464,-0.33131,0.52430,-1.30907,1.24250,-0.89027,
1403715942,-0.72644,-2.07734,1.01477,0.19490,0.78099,-0.34521,0.48259,-1.23845,1.16543,-1.02222,
1403715943,-0.84236,-1.96693,0.91148,0.17679,0.79906,-0.35732,0.45008,-1.11907,1.02494,-1.04560,
1403715943,-0.94691,-1.87450,0.80795,0.16489,0.81600,-0.36218,0.41927,-0.94414,0.81678,-1.01366,
1403715943,-1.02290,-1.80797,0.70680,0.15879,0.82778,-0.36225,0.39792,-0.70069,0.54221,-0.96596,
1403715943,-1.08125,-1.76719,0.61473,0.15792,0.83250,-0.35936,0.39097,-0.42918,0.25836,-0.90869,
1403715943,-1.10754,-1.75916,0.52843,0.16006,0.83299,-0.35532,0.39275,-0.13691,-0.04595,-0.85569,
1403715943,-1.10366,-1.77916,0.45098,0.16751,0.83118,-0.34847,0.39956,0.14499,-0.33433,-0.67553,
1403715943,-1.07961,-1.82606,0.38538,0.17997,0.82843,-0.33475,0.41141,0.45143,-0.59312,-0.48757,
1403715943,-1.02366,-1.89408,0.34397,0.19316,0.80998,-0.32416,0.44894,0.69972,-0.76600,-0.28060,
1403715943,-0.94729,-1.97465,0.32256,0.20882,0.77686,-0.30944,0.50708,0.83823,-0.83279,-0.11850,
1403715943,-0.86416,-2.05525,0.31334,0.22372,0.74070,-0.28826,0.56411,0.82709,-0.77452,-0.07850,
1403715944,-0.78720,-2.12715,0.30359,0.23058,0.71591,-0.27153,0.60048,0.71830,-0.67352,-0.10792,
1403715944,-0.72297,-2.18791,0.29179,0.23512,0.69987,-0.26279,0.62117,0.55961,-0.52430,-0.12318,
1403715944,-0.67741,-2.23230,0.28037,0.23779,0.68421,-0.26024,0.63843,0.36673,-0.34514,-0.06344,
1403715944,-0.65409,-2.25594,0.27658,0.24481,0.66667,-0.25848,0.65484,0.10133,-0.11621,0.01858,
1403715944,-0.65987,-2.25031,0.29161,0.25137,0.65496,-0.25828,0.66418,-0.20484,0.16537,0.20864,
1403715944,-0.69758,-2.21141,0.31049,0.24499,0.66543,-0.26776,0.65229,-0.49979,0.45399,0.26062,
1403715944,-0.76015,-2.15353,0.33740,0.21984,0.70653,-0.28559,0.60903,-0.70125,0.64708,0.29659,
1403715944,-0.83661,-2.08433,0.36464,0.18665,0.75330,-0.29885,0.55534,-0.79597,0.71061,0.24669,
1403715944,-0.91597,-2.01386,0.38698,0.15726,0.79408,-0.30022,0.50455,-0.78849,0.65915,0.20366,
1403715944,-0.98783,-1.95029,0.40129,0.13475,0.82404,-0.28902,0.46826,-0.66041,0.54948,0.12736,
1403715945,-1.04742,-1.90300,0.40975,0.11397,0.84759,-0.27042,0.44212,-0.48410,0.39586,0.10950,
1403715945,-1.08273,-1.87436,0.42302,0.09284,0.86317,-0.24977,0.42887,-0.22189,0.19005,0.12510,
1403715945,-1.08698,-1.87298,0.44230,0.07248,0.87399,-0.22707,0.42347,0.08946,-0.05670,0.17628,
1403715945,-1.05098,-1.89730,0.46868,0.06404,0.87919,-0.19988,0.42776,0.41649,-0.29420,0.26583,
1403715945,-0.99543,-1.93691,0.50074,0.07200,0.86803,-0.15622,0.46576,0.68595,-0.43734,0.34990,
1403715945,-0.91970,-1.98762,0.53548,0.08312,0.83830,-0.11104,0.52727,0.80214,-0.46940,0.34565,
1403715945,-0.83709,-2.03463,0.57061,0.09292,0.80062,-0.07872,0.58666,0.81602,-0.43209,0.29409,
1403715945,-0.76099,-2.07369,0.59815,0.09958,0.77206,-0.05959,0.62486,0.70509,-0.34241,0.27167,
1403715945,-0.69966,-2.10420,0.62514,0.10361,0.74784,-0.05047,0.65380,0.51428,-0.21992,0.27857,
1403715945,-0.65980,-2.12206,0.65367,0.10782,0.72312,-0.04621,0.68069,0.26027,-0.06777,0.30299,
1403715946,-0.65138,-2.12006,0.69071,0.10673,0.70290,-0.04808,0.70159,-0.07878,0.09988,0.27851,
1403715946,-0.67337,-2.10198,0.71595,0.09330,0.72630,-0.06240,0.67815,-0.37958,0.24177,0.18765,
1403715946,-0.70793,-2.07522,0.74201,0.07985,0.76586,-0.07785,0.63326,-0.57426,0.31943,0.18415,
1403715946,-0.76488,-2.03972,0.76601,0.07289,0.80417,-0.08799,0.58331,-0.67797,0.36997,0.17254,
1403715946,-0.82687,-1.99993,0.78844,0.06663,0.83857,-0.09673,0.53199,-0.63391,0.38931,0.17455,
1403715946,-0.87913,-1.95927,0.81027,0.05799,0.86316,-0.10035,0.49145,-0.47346,0.38039,0.19404,
1403715946,-0.91235,-1.92142,0.83226,0.04787,0.88050,-0.09716,0.46152,-0.24117,0.34641,0.18724,
1403715946,-0.91917,-1.88956,0.85673,0.03673,0.89460,-0.08725,0.43672,0.05743,0.29982,0.20947,
1403715946,-0.89217,-1.86643,0.88440,0.02732,0.89974,-0.07154,0.42965,0.42546,0.24070,0.29065,
1403715946,-0.83188,-1.84600,0.91897,0.02714,0.88735,-0.04760,0.45783,0.77417,0.18711,0.39095,
1403715947,-0.74580,-1.82805,0.95991,0.02613,0.86008,-0.02834,0.50870,0.97671,0.20205,0.39689,
1403715947,-0.64310,-1.80758,1.00187,0.02202,0.82503,-0.01720,0.56439,1.03543,0.20939,0.41615,
1403715947,-0.54105,-1.78676,1.04152,0.01688,0.79354,-0.00994,0.60820,0.96899,0.22362,0.35943,
1403715947,-0.45107,-1.76349,1.07500,0.01155,0.77327,-0.00633,0.63394,0.84890,0.22792,0.29880,
1403715947,-0.37676,-1.74113,1.10405,0.00930,0.75848,-0.00311,0.65162,0.65358,0.23621,0.26167,
1403715947,-0.32293,-1.71814,1.12938,0.01041,0.74473,-0.00131,0.66728,0.44312,0.24841,0.23069,
1403715947,-0.29220,-1.69456,1.15347,0.00825,0.72172,-0.00433,0.69212,0.16380,0.25980,0.24666,
1403715947,-0.29148,-1.67192,1.17407,0.00821,0.69463,-0.00878,0.71927,-0.16591,0.25562,0.17040,
1403715947,-0.32998,-1.64753,1.18168,0.00710,0.69299,-0.01537,0.72075,-0.52751,0.25175,0.01114,
1403715947,-0.39831,-1.62218,1.17546,0.00883,0.72548,-0.02057,0.68788,-0.82492,0.26648,-0.14251,
1403715948,-0.48792,-1.59026,1.16020,0.00445,0.76627,-0.02685,0.64194,-1.04502,0.28111,-0.25670,
1403715948,-0.59570,-1.55810,1.12722,-0.00561,0.80418,-0.03504,0.59333,-1.12669,0.26744,-0.37741,
1403715948,-0.70891,-1.53100,1.08242,-0.01505,0.83718,-0.04222,0.54509,-1.10670,0.23119,-0.47588,
1403715948,-0.81484,-1.50682,1.03090,-0.01156,0.85912,-0.03961,0.51010,-0.98636,0.18641,-0.54456,
1403715948,-0.90445,-1.48980,0.97217,-0.00567,0.87709,-0.03295,0.47916,-0.80430,0.14655,-0.61398,
1403715948,-0.97146,-1.47524,0.91269,-0.00240,0.89274,-0.02643,0.44979,-0.53253,0.11373,-0.58889,
1403715948,-1.00517,-1.46516,0.85442,-0.00155,0.90442,-0.02082,0.42612,-0.16731,0.08576,-0.54350,
1403715948,-0.99510,-1.45741,0.80569,-0.00044,0.90775,-0.02058,0.41900,0.24604,0.05541,-0.42932,
1403715948,-0.94113,-1.45112,0.77167,-0.00008,0.89622,-0.02262,0.44302,0.66954,0.03486,-0.31474,
1403715948,-0.85820,-1.45231,0.74455,-0.00137,0.87099,-0.02164,0.49083,0.92758,0.01053,-0.26136,
1403715949,-0.75775,-1.45410,0.72013,0.00359,0.84140,-0.01974,0.54004,1.04667,-0.01668,-0.23176,
1403715949,-0.65054,-1.45648,0.69610,0.01054,0.81274,-0.01937,0.58222,1.06206,-0.02665,-0.26232,
1403715949,-0.54824,-1.45882,0.66765,0.01751,0.78654,-0.02011,0.61696,0.97520,-0.02389,-0.28719,
1403715949,-0.45878,-1.46055,0.63641,0.02272,0.76755,-0.02139,0.64023,0.81334,-0.02023,-0.32269,
1403715949,-0.38672,-1.46010,0.60535,0.02095,0.75327,-0.02134,0.65704,0.61728,0.00228,-0.28669,
1403715949,-0.33655,-1.45552,0.57751,0.01488,0.73968,-0.01561,0.67261,0.37819,0.03744,-0.25481,
1403715949,-0.31380,-1.45064,0.55295,0.00446,0.73592,-0.00652,0.67702,0.11092,0.05283,-0.22532,
1403715949,-0.32005,-1.44386,0.52639,-0.00740,0.75621,0.00685,0.65425,-0.13728,0.06403,-0.26468,
1403715949,-0.34908,-1.43961,0.49954,-0.02050,0.78944,0.02292,0.61306,-0.29826,0.05200,-0.25590,
1403715949,-0.38141,-1.43386,0.47403,-0.02972,0.82582,0.03831,0.56185,-0.34464,0.04853,-0.23046,
1403715950,-0.41433,-1.42979,0.45280,-0.03716,0.85120,0.05394,0.52074,-0.25967,0.05377,-0.19697,
1403715950,-0.43433,-1.42444,0.43493,-0.04538,0.86589,0.07230,0.49289,-0.09823,0.08262,-0.16261,
1403715950,-0.43509,-1.41408,0.41936,-0.05521,0.87649,0.09155,0.46939,0.11414,0.12445,-0.14862,
1403715950,-0.41652,-1.40013,0.40824,-0.06085,0.88063,0.11555,0.45545,0.37684,0.18291,-0.10281,
1403715950,-0.35869,-1.38109,0.41415,-0.06341,0.87706,0.14360,0.45402,0.67324,0.26984,-0.01145,
1403715950,-0.28170,-1.35148,0.42053,-0.06194,0.86613,0.17497,0.46408,0.92121,0.39907,0.04724,
1403715950,-0.18129,-1.30564,0.43000,-0.06720,0.84161,0.20117,0.49670,1.08748,0.54843,0.10516,
1403715950,-0.06856,-1.24512,0.44249,-0.08598,0.80747,0.20867,0.54502,1.13353,0.65105,0.10672,
1403715950,0.04134,-1.17823,0.45415,-0.11222,0.77491,0.20209,0.58829,1.05709,0.69332,0.10689,
1403715950,0.14067,-1.11184,0.46380,-0.13153,0.74667,0.19327,0.62276,0.91525,0.65988,0.09048,
1403715951,0.22200,-1.05009,0.47277,-0.14199,0.72068,0.18564,0.65268,0.70534,0.58255,0.07545,
1403715951,0.27948,-0.99717,0.48191,-0.14653,0.70620,0.18011,0.66886,0.43188,0.48574,0.10304,
1403715951,0.30987,-0.95427,0.49686,-0.15051,0.69321,0.17537,0.68268,0.12755,0.37332,0.14271,
1403715951,0.30466,-0.92265,0.51322,-0.15496,0.68181,0.17227,0.69387,-0.22441,0.24830,0.17896,
1403715951,0.26342,-0.90519,0.53111,-0.15750,0.68180,0.17255,0.69323,-0.57241,0.11174,0.16081,
1403715951,0.18947,-0.90155,0.54390,-0.15917,0.71307,0.17687,0.65948,-0.88002,-0.02880,0.10428,
1403715951,0.08899,-0.90967,0.55562,-0.15433,0.75198,0.18644,0.61315,-1.07445,-0.12262,0.12509,
1403715951,-0.02374,-0.92697,0.56640,-0.14457,0.78990,0.20340,0.56016,-1.14506,-0.15696,0.13053,
1403715951,-0.13433,-0.93683,0.57885,-0.13972,0.81876,0.21956,0.51176,-1.09388,-0.11960,0.13870,
1403715951,-0.23677,-0.94496,0.59337,-0.13821,0.83723,0.23673,0.47319,-0.94378,-0.03127,0.15000,
1403715952,-0.32086,-0.94211,0.60956,-0.13969,0.85035,0.25314,0.43967,-0.72712,0.09613,0.16992,
1403715952,-0.38127,-0.92532,0.62849,-0.14286,0.85712,0.27018,0.41466,-0.46436,0.24781,0.20202,
1403715952,-0.42659,-0.89410,0.64167,-0.14501,0.86074,0.27998,0.39963,-0.18361,0.42402,0.22170,
1403715952,-0.40092,-0.86382,0.65789,-0.16160,0.85149,0.31231,0.38900,0.16371,0.64906,0.24774,
1403715952,-0.36316,-0.79210,0.68796,-0.18507,0.83026,0.32338,0.41454,0.45758,0.86953,0.36449,
1403715952,-0.30645,-0.70684,0.72595,-0.21851,0.79324,0.32997,0.46276,0.61952,0.97368,0.37808,
1403715952,-0.24194,-0.60832,0.76335,-0.25504,0.74988,0.33040,0.51330,0.64798,0.97625,0.37101,
1403715952,-0.17742,-0.51623,0.79630,-0.28467,0.71392,0.33303,0.54624,0.61184,0.87613,0.30998,
1403715952,-0.11796,-0.43731,0.82580,-0.30608,0.68816,0.33569,0.56574,0.54764,0.71690,0.29526,
1403715952,-0.06902,-0.37777,0.85648,-0.32217,0.66718,0.33728,0.58079,0.44313,0.51221,0.27713,
1403715953,-0.02151,-0.34256,0.87664,-0.33420,0.65124,0.34288,0.58875,0.32868,0.27922,0.26309,
1403715953,0.00929,-0.33249,0.90192,-0.34862,0.63443,0.34669,0.59647,0.19573,0.01208,0.28716,
1403715953,0.02508,-0.34762,0.92923,-0.36350,0.61269,0.34409,0.61163,0.03324,-0.30916,0.29524,
1403715953,0.02147,-0.40040,0.95670,-0.37461,0.59382,0.34058,0.62534,-0.13796,-0.65052,0.27218,
1403715953,0.00019,-0.48459,0.97742,-0.36651,0.61076,0.35463,0.60571,-0.31204,-0.99065,0.14709,
1403715953,-0.03393,-0.60321,0.98327,-0.34345,0.65116,0.38408,0.55724,-0.42539,-1.22203,0.03895,
1403715953,-0.07510,-0.73572,0.97403,-0.31531,0.69166,0.41408,0.50072,-0.46900,-1.34464,-0.12543,
1403715953,-0.12622,-0.86847,0.95116,-0.28808,0.72402,0.43546,0.45075,-0.44262,-1.32759,-0.21056,
1403715953,-0.17179,-0.99238,0.92523,-0.26968,0.74309,0.44882,0.41671,-0.37815,-1.18953,-0.30569,
1403715953,-0.21063,-1.09928,0.89299,-0.25610,0.75590,0.46215,0.38659,-0.28446,-0.99388,-0.37005,
1403715954,-0.23815,-1.18148,0.85698,-0.24901,0.76119,0.47745,0.36142,-0.14149,-0.70828,-0.32296,
1403715954,-0.24145,-1.24185,0.83210,-0.24693,0.75804,0.49912,0.33952,0.02977,-0.37243,-0.23591,
1403715954,-0.23890,-1.24977,0.81262,-0.24454,0.75525,0.51426,0.32455,0.21550,0.00839,-0.15290,
1403715954,-0.20729,-1.22662,0.80094,-0.24482,0.74301,0.53289,0.32253,0.39242,0.43392,-0.03209,
1403715954,-0.16311,-1.16113,0.79969,-0.24442,0.71647,0.55228,0.34916,0.50283,0.81419,0.00767,
1403715954,-0.11262,-1.06187,0.79901,-0.24930,0.67249,0.56789,0.40388,0.47964,1.08238,-0.03455,
1403715954,-0.06635,-0.94295,0.79412,-0.27112,0.63361,0.56411,0.45476,0.36883,1.25045,-0.12082,
1403715954,-0.03598,-0.81398,0.78144,-0.30363,0.60245,0.54539,0.49741,0.20167,1.30400,-0.13652,
1403715954,-0.02122,-0.68547,0.76711,-0.34066,0.58456,0.51846,0.52291,0.03285,1.23637,-0.17401,
1403715954,-0.02271,-0.56650,0.75048,-0.38302,0.57602,0.48672,0.53348,-0.11886,1.08019,-0.15487,
1403715955,-0.04022,-0.47235,0.73780,-0.41567,0.56166,0.45960,0.54820,-0.23394,0.80774,-0.12077,
1403715955,-0.06941,-0.41024,0.72906,-0.43697,0.54492,0.44072,0.56381,-0.34359,0.45544,-0.08975,
1403715955,-0.11364,-0.37212,0.72656,-0.44619,0.53764,0.43284,0.56966,-0.46153,0.06160,-0.09937,
1403715955,-0.15104,-0.37385,0.71288,-0.43974,0.54749,0.44072,0.55915,-0.53155,-0.30571,-0.10980,
1403715955,-0.21222,-0.41693,0.70270,-0.42039,0.56992,0.45823,0.53711,-0.62159,-0.62894,-0.10664,
1403715955,-0.28290,-0.48971,0.69154,-0.39211,0.59915,0.48015,0.50667,-0.70142,-0.84107,-0.07366,
1403715955,-0.36092,-0.56902,0.68046,-0.36637,0.62917,0.49720,0.47191,-0.75562,-0.94514,-0.07944,
1403715955,-0.43993,-0.65970,0.67159,-0.34304,0.66116,0.50994,0.43029,-0.74553,-0.93102,-0.06407,
1403715955,-0.51436,-0.75384,0.66584,-0.31987,0.68420,0.52057,0.39819,-0.69516,-0.83060,-0.02188,
1403715955,-0.58138,-0.83028,0.66410,-0.30194,0.70123,0.52741,0.37275,-0.62408,-0.65647,0.00152,
1403715956,-0.63928,-0.88437,0.66557,-0.29236,0.71657,0.53186,0.34378,-0.52372,-0.41260,0.02299,
1403715956,-0.68052,-0.91164,0.67238,-0.28906,0.72353,0.54186,0.31517,-0.37519,-0.08700,0.08655,
1403715956,-0.70850,-0.90080,0.68289,-0.29077,0.71345,0.55970,0.30526,-0.21504,0.32719,0.19448,
1403715956,-0.72429,-0.84965,0.70869,-0.31837,0.68380,0.56513,0.33418,-0.09127,0.65819,0.30459,
1403715956,-0.72732,-0.77511,0.73855,-0.36144,0.64148,0.56536,0.37180,-0.04653,0.79026,0.29852,
1403715956,-0.72805,-0.69208,0.76961,-0.40356,0.59122,0.56574,0.40930,-0.04226,0.82921,0.29983,
1403715956,-0.72858,-0.61043,0.79825,-0.43449,0.54315,0.57218,0.43453,-0.05587,0.75553,0.26876,
1403715956,-0.73297,-0.54038,0.82168,-0.45768,0.50321,0.58316,0.44412,-0.09487,0.59522,0.22016,
1403715956,-0.73956,-0.49136,0.84469,-0.47944,0.47180,0.59545,0.43930,-0.13887,0.37793,0.23074,
1403715956,-0.74820,-0.45884,0.86481,0.51222,-0.43706,-0.59793,-0.43483,-0.15973,0.11269,0.26929,
1403715957,-0.76154,-0.46033,0.88794,0.54714,-0.40199,-0.59471,-0.43053,-0.13739,-0.18995,0.27030,
1403715957,-0.76815,-0.48308,0.91391,0.57031,-0.37966,-0.59477,-0.42055,-0.06508,-0.52925,0.24650,
1403715957,-0.77276,-0.54195,0.93793,0.57126,-0.37832,-0.60772,-0.40152,0.01216,-0.86184,0.20380,
1403715957,-0.77220,-0.63064,0.96185,0.55822,-0.39156,-0.62798,-0.37513,0.08332,-1.12359,0.19455,
1403715957,-0.76531,-0.74944,0.98589,0.53363,-0.41084,-0.65205,-0.34826,0.13189,-1.29807,0.16621,
1403715957,-0.75325,-0.88664,1.00180,-0.49906,0.43244,0.67844,0.32194,0.15498,-1.39343,0.06954,
1403715957,-0.73885,-1.02882,1.00457,-0.46621,0.45210,0.69917,0.29902,0.13559,-1.38245,-0.03204,
1403715957,-0.72649,-1.16427,0.99468,-0.43543,0.47110,0.71626,0.27468,0.09865,-1.29997,-0.16825,
1403715957,-0.72038,-1.28675,0.97150,-0.40390,0.49102,0.73115,0.24735,0.03940,-1.13310,-0.28812,
1403715957,-0.72144,-1.38825,0.93965,-0.37265,0.50587,0.74457,0.22548,-0.04850,-0.86427,-0.33043,
1403715958,-0.73264,-1.45895,0.90383,-0.34708,0.51711,0.75402,0.20877,-0.15975,-0.50943,-0.36180,
1403715958,-0.75477,-1.48960,0.86524,-0.32815,0.52215,0.76165,0.19890,-0.29192,-0.08683,-0.36138,
1403715958,-0.79258,-1.47744,0.83002,-0.32675,0.51808,0.76358,0.20439,-0.45317,0.37515,-0.31403,
1403715958,-0.85435,-1.42272,0.80502,-0.35978,0.50635,0.74922,0.22987,-0.64375,0.82674,-0.17261,
1403715958,-0.89435,-1.33883,0.77470,-0.41705,0.47783,0.72759,0.26147,-0.71049,1.03120,-0.14425,
1403715958,-0.99509,-1.24154,0.76965,-0.46927,0.44765,0.70232,0.29350,-0.79358,1.08233,-0.11267,
1403715958,-1.07664,-1.13409,0.75569,0.51788,-0.41233,-0.67994,-0.31539,-0.79533,1.02662,-0.15337,
1403715958,-1.15509,-1.03881,0.73594,0.55840,-0.37976,-0.66087,-0.32745,-0.73687,0.87047,-0.18916,
1403715958,-1.22354,-0.95913,0.71374,0.58714,-0.35092,-0.64972,-0.33165,-0.63554,0.66475,-0.21634,
1403715958,-1.28177,-0.90406,0.69251,0.61517,-0.32468,-0.63746,-0.33136,-0.50604,0.38416,-0.20142,
1403715959,-1.32514,-0.88689,0.66877,0.64014,-0.30169,-0.62722,-0.32528,-0.31480,0.04811,-0.21935,
1403715959,-1.34667,-0.90330,0.63968,0.64904,-0.29045,-0.63325,-0.30557,-0.09981,-0.29172,-0.25579,
1403715959,-1.34166,-0.96298,0.60910,0.64681,-0.28773,-0.65097,-0.27400,0.13561,-0.59616,-0.27815,
1403715959,-1.31775,-1.04089,0.57920,0.63116,-0.29288,-0.68038,-0.23009,0.35042,-0.81672,-0.28869,
1403715959,-1.27305,-1.13139,0.54967,0.60791,-0.30084,-0.71215,-0.18105,0.53775,-0.90667,-0.27351,
1403715959,-1.21176,-1.22422,0.51965,0.57749,-0.30118,-0.74536,-0.14225,0.67301,-0.88260,-0.28978,
1403715959,-1.14003,-1.30973,0.49061,0.54549,-0.28802,-0.77748,-0.12249,0.74219,-0.76865,-0.25850,
1403715959,-1.06961,-1.38204,0.46299,0.51574,-0.26258,-0.80657,-0.12046,0.71530,-0.64263,-0.24203,
1403715959,-1.00301,-1.44374,0.43516,-0.48210,0.24091,0.83460,0.11397,0.63232,-0.53014,-0.27962,
1403715959,-0.95717,-1.49825,0.40364,-0.44428,0.23351,0.85852,0.10500,0.43989,-0.38768,-0.27888,
1403715960,-0.92511,-1.52799,0.37700,-0.41575,0.22582,0.87591,0.09456,0.14739,-0.20234,-0.21294,
1403715960,-0.92844,-1.53579,0.36310,-0.40486,0.20897,0.88563,0.08990,-0.25512,0.01838,-0.01168,
1403715960,-0.98161,-1.52786,0.37219,-0.42797,0.19492,0.87772,0.09201,-0.67192,0.20912,0.22706,
1403715960,-1.06558,-1.50549,0.40212,-0.48467,0.17725,0.85126,0.09500,-0.92272,0.31117,0.30722,
1403715960,-1.16262,-1.47275,0.43216,0.54907,-0.15672,-0.81473,-0.10088,-0.99340,0.33481,0.28015,
1403715960,-1.26041,-1.44005,0.45656,0.60698,-0.13965,-0.77498,-0.10716,-0.93273,0.30986,0.20571,
1403715960,-1.34576,-1.41175,0.47429,0.64815,-0.12744,-0.74254,-0.11090,-0.77192,0.24120,0.14737,
1403715960,-1.40814,-1.39077,0.49076,0.67601,-0.11727,-0.71807,-0.11674,-0.50833,0.13333,0.15085,
1403715960,-1.44310,-1.38399,0.50718,0.69453,-0.11071,-0.70030,-0.12225,-0.20245,0.00291,0.14891,
1403715960,-1.44695,-1.39012,0.52413,0.71038,-0.10649,-0.68431,-0.12544,0.14507,-0.15288,0.16287,
1403715961,-1.44445,-1.41604,0.53865,0.70520,-0.10768,-0.68905,-0.12768,0.45626,-0.31964,0.12407,
1403715961,-1.34640,-1.45495,0.55423,0.66952,-0.11471,-0.72336,-0.12382,0.81292,-0.45480,0.10201,
1403715961,-1.26455,-1.50592,0.57070,0.62360,-0.12367,-0.76255,-0.11978,0.97665,-0.55762,0.13584,
1403715961,-1.16608,-1.56559,0.58267,0.56536,-0.13462,-0.80573,-0.11418,1.03256,-0.62214,0.11376,
1403715961,-1.06483,-1.63513,0.59499,0.50457,-0.14518,-0.84414,-0.10842,0.95338,-0.64905,0.14885,
1403715961,-0.97681,-1.70198,0.60973,-0.45874,0.15298,0.86901,0.10477,0.74715,-0.62570,0.15354,
1403715961,-0.91485,-1.76586,0.62436,-0.41933,0.16153,0.88773,0.10002,0.44366,-0.56060,0.17313,
1403715961,-0.89073,-1.81852,0.64232,-0.39120,0.17424,0.89910,0.09069,0.03989,-0.44136,0.23314,
1403715961,-0.91076,-1.85533,0.67052,-0.39727,0.18742,0.89487,0.07916,-0.40737,-0.27751,0.34382,
1403715961,-0.97427,-1.87202,0.71263,-0.43501,0.19324,0.87651,0.07182,-0.76998,-0.09764,0.43716,
1403715962,-1.06443,-1.87145,0.75923,-0.48320,0.18110,0.85400,0.06643,-0.99163,0.04969,0.50137,
1403715962,-1.17242,-1.86648,0.80802,0.53300,-0.15784,-0.82860,-0.06651,-1.09280,0.13153,0.50464,
1403715962,-1.28235,-1.85213,0.85717,0.58118,-0.12653,-0.80115,-0.06622,-1.08371,0.15925,0.45607,
1403715962,-1.38554,-1.83534,0.89793,0.62378,-0.09433,-0.77285,-0.06860,-0.98379,0.15202,0.32266,
1403715962,-1.47475,-1.81893,0.92222,0.65492,-0.06849,-0.74939,-0.06935,-0.80568,0.11566,0.19219,
1403715962,-1.54251,-1.81202,0.93874,0.69216,-0.04890,-0.71732,-0.06304,-0.54874,0.03551,0.12048,
1403715962,-1.57754,-1.81267,0.94667,0.72388,-0.03271,-0.68737,-0.04949,-0.19364,-0.04256,0.01479,
1403715962,-1.57562,-1.82191,0.94080,0.73622,-0.01875,-0.67572,-0.03225,0.21359,-0.11197,-0.09620,
1403715962,-1.52868,-1.83741,0.92095,0.72914,-0.00966,-0.68426,-0.00735,0.62232,-0.15794,-0.18607,
1403715962,-1.44269,-1.85374,0.89525,0.71026,-0.00726,-0.70359,0.02119,1.01628,-0.15408,-0.26796,
1403715963,-1.32530,-1.86654,0.86052,0.67871,-0.00813,-0.73227,0.05537,1.30554,-0.09716,-0.38250,
1403715963,-1.18677,-1.87298,0.81556,0.63404,-0.00892,-0.76815,0.08867,1.48151,0.01599,-0.47091,
1403715963,-1.03654,-1.86806,0.76219,0.59586,-0.00668,-0.79487,0.11441,1.55917,0.16544,-0.58152,
1403715963,-0.88110,-1.84736,0.69931,0.55925,0.00514,-0.81943,0.12554,1.56065,0.33211,-0.65926,
1403715963,-0.73043,-1.80757,0.62734,0.52598,0.03068,-0.84151,0.11948,1.49120,0.48322,-0.76497,
1403715963,-0.58844,-1.75604,0.54055,-0.48912,-0.07079,0.86402,-0.09605,1.33055,0.54349,-0.92928,
1403715963,-0.46487,-1.70168,0.43976,-0.44902,-0.10583,0.88339,-0.08245,1.11451,0.53338,-1.06289,
1403715963,-0.36764,-1.65022,0.32756,-0.41354,-0.13432,0.89700,-0.07953,0.82144,0.46584,-1.17394,
1403715963,-0.30334,-1.60956,0.20682,-0.38898,-0.15863,0.90362,-0.08372,0.43627,0.33314,-1.20273,
1403715963,-0.28329,-1.58816,0.09474,-0.41855,-0.17941,0.88476,-0.09917,-0.00909,0.15878,-1.07722,
1403715964,-0.30115,-1.54993,-0.00505,-0.48276,-0.20197,0.84271,-0.12644,-0.25293,0.06742,-0.99476,
1403715964,-0.33514,-1.54721,-0.09761,0.53730,0.21741,-0.80078,0.15101,-0.33473,0.00806,-0.89247,
1403715964,-0.36732,-1.54727,-0.18024,0.57043,0.23205,-0.76964,0.16857,-0.28188,0.01117,-0.77087,
1403715964,-0.39361,-1.54553,-0.24922,0.58161,0.24143,-0.75466,0.18419,-0.19032,0.02755,-0.64180,
1403715964,-0.40063,-1.53606,-0.30917,0.57839,0.24952,-0.75228,0.19306,-0.07820,0.07560,-0.52605,
1403715964,-0.41076,-1.53393,-0.34750,0.56363,0.25752,-0.76027,0.19493,-0.01150,0.09484,-0.38300,
1403715964,-0.41354,-1.52895,-0.37623,0.53451,0.27861,-0.77858,0.17460,0.01449,0.07669,-0.20199,
1403715964,-0.41398,-1.52981,-0.37665,0.51424,0.29063,-0.79015,0.16356,0.00653,-0.03724,0.11585,
1403715964,-0.41447,-1.54123,-0.34452,0.51751,0.28403,-0.78786,0.17546,-0.04353,-0.14512,0.29759,
1403715964,-0.41923,-1.56144,-0.30355,0.52460,0.27706,-0.78314,0.18632,-0.05710,-0.20226,0.26807,
1403715965,-0.42496,-1.58535,-0.26993,0.52936,0.27728,-0.77956,0.18757,-0.07146,-0.24914,0.24211,
1403715965,-0.42988,-1.61310,-0.23890,0.53008,0.27484,-0.77909,0.19104,-0.07034,-0.29371,0.28869,
1403715965,-0.43748,-1.64185,-0.19940,0.53223,0.26539,-0.77749,0.20447,-0.08205,-0.28518,0.38365,
1403715965,-0.44654,-1.67073,-0.14925,0.53687,0.25228,-0.77308,0.22467,-0.11498,-0.27129,0.55231,
1403715965,-0.45835,-1.69521,-0.09670,0.54819,0.24692,-0.76323,0.23664,-0.12883,-0.20468,0.48322,
1403715965,-0.47070,-1.71220,-0.05350,0.56362,0.24687,-0.74975,0.24344,-0.11744,-0.11805,0.35706,
1403715965,-0.48035,-1.71973,-0.02451,0.58215,0.24835,-0.73340,0.24810,-0.06062,-0.01812,0.18843,
1403715965,-0.48417,-1.71740,-0.01321,0.56800,0.26351,-0.74405,0.23308,0.00744,0.10392,0.04435,
1403715965,-0.48189,-1.70600,-0.00843,0.52588,0.28442,-0.77492,0.20507,0.03897,0.15195,0.02578,
1403715965,-0.48209,-1.69551,-0.00188,-0.47637,-0.29696,0.80751,-0.18112,-0.02589,0.09852,0.08511,
1403715966,-0.49263,-1.69397,0.01152,-0.44197,-0.30371,0.82837,-0.16194,-0.17971,-0.05275,0.15080,
1403715966,-0.52772,-1.70641,0.03229,-0.43554,-0.30510,0.83242,-0.15588,-0.41366,-0.25760,0.29464,
1403715966,-0.57307,-1.74954,0.07056,-0.47713,-0.29777,0.80988,-0.16664,-0.57211,-0.46127,0.40030,
1403715966,-0.63471,-1.79879,0.11129,0.53412,0.28452,-0.77314,0.18977,-0.60046,-0.50919,0.39548,
1403715966,-0.69268,-1.84920,0.14898,0.58266,0.27116,-0.73654,0.21091,-0.52637,-0.47257,0.32676,
1403715966,-0.74094,-1.89198,0.18136,0.61394,0.26418,-0.70961,0.22304,-0.38880,-0.38214,0.29136,
1403715966,-0.76873,-1.92270,0.21403,0.64447,0.25601,-0.68022,0.23753,-0.15224,-0.23595,0.31900,
1403715966,-0.77036,-1.93389,0.24709,0.65368,0.25467,-0.66998,0.24284,0.10980,-0.02073,0.29906,
1403715966,-0.74583,-1.92584,0.27451,0.62512,0.26413,-0.69729,0.23075,0.34693,0.15678,0.28201,
1403715966,-0.70197,-1.90393,0.30211,0.58128,0.27555,-0.73613,0.21046,0.50017,0.26384,0.27500,
1403715967,-0.64723,-1.87687,0.32552,0.52314,0.28562,-0.78147,0.18454,0.54621,0.27736,0.25699,
1403715967,-0.59334,-1.85184,0.34830,-0.47382,-0.28991,0.81548,-0.16260,0.47106,0.18563,0.27120,
1403715967,-0.55465,-1.84045,0.37382,-0.44320,-0.28915,0.83538,-0.14869,0.30999,0.03744,0.26326,
1403715967,-0.53710,-1.84940,0.40080,-0.42477,-0.28827,0.84689,-0.13873,0.06603,-0.17081,0.30800,
1403715967,-0.54556,-1.88184,0.43723,-0.44558,-0.28430,0.83708,-0.14115,-0.17527,-0.38602,0.39180,
1403715967,-0.56755,-1.93012,0.47713,-0.49543,-0.27631,0.80910,-0.15348,-0.30832,-0.53720,0.43018,
1403715967,-0.59806,-1.98547,0.51706,0.55216,0.26387,-0.77186,0.17241,-0.31061,-0.58060,0.41665,
1403715967,-0.62415,-2.04107,0.55616,0.60331,0.25132,-0.73311,0.18816,-0.20497,-0.53993,0.40985,
1403715967,-0.63378,-2.08921,0.59460,0.64880,0.23731,-0.69365,0.20397,0.00837,-0.42426,0.38617,
1403715967,-0.61901,-2.12287,0.62900,0.66771,0.22823,-0.67579,0.21306,0.28167,-0.26104,0.32942,
1403715968,-0.57728,-2.14094,0.65838,0.65762,0.22650,-0.68394,0.22013,0.57817,-0.08638,0.29769,
1403715968,-0.51526,-2.15283,0.68347,0.62524,0.23314,-0.70845,0.22981,0.79072,0.06254,0.25635,
1403715968,-0.42491,-2.12929,0.71447,0.57863,0.24553,-0.73850,0.24398,0.91232,0.21890,0.25171,
1403715968,-0.33216,-2.10237,0.73582,0.52368,0.26139,-0.76935,0.25600,0.92776,0.34278,0.20829,
1403715968,-0.24569,-2.06540,0.75124,-0.47924,-0.27917,0.78926,-0.26357,0.80087,0.40385,0.12259,
1403715968,-0.17377,-2.02311,0.75658,-0.44537,-0.30744,0.80299,-0.24967,0.63336,0.42737,0.01248,
1403715968,-0.12251,-1.98322,0.75343,-0.42079,-0.33757,0.81118,-0.22577,0.40922,0.34990,-0.04803,
1403715968,-0.09279,-1.95414,0.74579,-0.41913,-0.35367,0.80787,-0.21586,0.19562,0.20211,-0.05457,
1403715968,-0.07850,-1.93795,0.73647,-0.45188,-0.35323,0.78728,-0.22631,0.06932,0.09926,-0.13059,
1403715968,-0.08232,-1.92869,0.71400,-0.48955,-0.34897,0.76066,-0.24485,0.00339,0.04715,-0.27845,
1403715969,-0.08100,-1.92154,0.68525,0.52625,0.33821,-0.73489,0.26193,-0.02549,0.05458,-0.38399,
1403715969,-0.08514,-1.91469,0.64453,0.55977,0.32822,-0.70931,0.27533,-0.00836,0.09803,-0.46402,
1403715969,-0.08093,-1.89875,0.59878,0.58780,0.32005,-0.68630,0.28468,0.08574,0.23875,-0.48716,
1403715969,-0.06303,-1.86521,0.55357,0.60809,0.31373,-0.66814,0.29223,0.24528,0.42899,-0.45679,
1403715969,-0.02824,-1.80948,0.50864,0.61573,0.31106,-0.66056,0.29629,0.41523,0.63876,-0.46688,
1403715969,0.02362,-1.73365,0.45880,0.59669,0.31905,-0.67714,0.28921,0.57568,0.83243,-0.52439,
1403715969,0.09257,-1.63570,0.40662,0.54649,0.33863,-0.71858,0.26519,0.68131,0.96875,-0.56672,
1403715969,0.16264,-1.53555,0.35152,-0.48012,-0.35971,0.76566,-0.23208,0.66291,0.98040,-0.51703,
1403715969,0.22529,-1.44478,0.30347,-0.42877,-0.37215,0.79731,-0.20483,0.53579,0.83093,-0.43776,
1403715969,0.27189,-1.37298,0.26164,-0.39263,-0.38076,0.81711,-0.18222,0.34260,0.58984,-0.39453,
1403715970,0.29549,-1.32970,0.22675,-0.37747,-0.39280,0.82332,-0.15928,0.08887,0.26347,-0.31632,
1403715970,0.29402,-1.32530,0.20163,-0.39464,-0.41148,0.80984,-0.13821,-0.11783,-0.15060,-0.20511,
1403715970,0.27233,-1.34026,0.17584,-0.42787,-0.42771,0.78560,-0.12973,-0.23687,-0.50482,-0.13073,
1403715970,0.24295,-1.40852,0.16604,-0.47073,-0.42806,0.75841,-0.14143,-0.25681,-0.84738,-0.04923,
1403715970,0.21715,-1.50197,0.16180,0.50816,0.40650,-0.73693,0.18294,-0.18876,-1.03671,-0.01836,
1403715970,0.20291,-1.60887,0.15994,0.54241,0.37789,-0.71425,0.22986,-0.09806,-1.08472,-0.00772,
1403715970,0.19909,-1.71487,0.15920,0.56981,0.35782,-0.69159,0.26264,0.02081,-1.01913,-0.01382,
1403715970,0.20834,-1.80980,0.16009,0.59680,0.33966,-0.66641,0.29045,0.16581,-0.86905,0.02220,
1403715970,0.23415,-1.88495,0.16306,0.61825,0.32284,-0.64370,0.31495,0.34496,-0.62490,0.04532,
1403715970,0.27822,-1.93405,0.16744,0.62723,0.31315,-0.63226,0.32981,0.54159,-0.33649,0.05078,
1403715971,0.34128,-1.95211,0.16951,0.60991,0.31171,-0.64472,0.33939,0.72979,-0.02437,0.02203,
1403715971,0.41885,-1.94328,0.16939,0.56615,0.31942,-0.68073,0.33771,0.83143,0.26472,0.00918,
1403715971,0.50374,-1.90609,0.17167,0.51217,0.33211,-0.72404,0.32118,0.83155,0.46895,0.02920,
1403715971,0.58392,-1.85423,0.17463,-0.44722,-0.34282,0.77061,-0.29770,0.71873,0.55480,0.05873,
1403715971,0.64577,-1.80127,0.18426,-0.39009,-0.34956,0.80661,-0.27389,0.47885,0.50496,0.13901,
1403715971,0.67768,-1.75861,0.20104,-0.35223,-0.36193,0.82628,-0.24939,0.13049,0.35167,0.20848,
1403715971,0.67158,-1.73585,0.22841,-0.33948,-0.38736,0.82783,-0.22229,-0.24708,0.08225,0.34369,
1403715971,0.60966,-1.75199,0.25953,-0.35873,-0.41966,0.80752,-0.20763,-0.59486,-0.28242,0.43883,
1403715971,0.52779,-1.80155,0.30512,-0.40370,-0.45100,0.76747,-0.21122,-0.77117,-0.63052,0.51194,
1403715971,0.44550,-1.87531,0.35625,-0.45400,-0.47280,0.72023,-0.22720,-0.78901,-0.84362,0.52155,
1403715972,0.37214,-1.96623,0.40597,-0.49612,-0.49022,0.67065,-0.25254,-0.67599,-0.96102,0.48612,
1403715972,0.31326,-2.06501,0.45281,0.52188,0.50254,-0.62851,0.28296,-0.49562,-0.99204,0.46402,
1403715972,0.27424,-2.16296,0.49548,0.53028,0.50910,-0.59805,0.31929,-0.29471,-0.95347,0.40447,
1403715972,0.25503,-2.25362,0.53264,0.52339,0.51062,-0.57912,0.36049,-0.12632,-0.83973,0.34227,
1403715972,0.24554,-2.32796,0.56840,0.50502,0.51461,-0.56911,0.39527,-0.00558,-0.68463,0.29596,
1403715972,0.24750,-2.38617,0.59916,-0.48678,-0.52396,0.56080,-0.41715,0.07253,-0.51838,0.27988,
1403715972,0.26578,-2.41954,0.63001,-0.48075,-0.52829,0.54632,-0.43740,0.12887,-0.31156,0.31211,
1403715972,0.28112,-2.43728,0.66354,-0.48789,-0.52287,0.52615,-0.46015,0.15778,-0.07439,0.33402,
1403715972,0.30091,-2.42725,0.69767,0.49690,0.51628,-0.50915,0.47677,0.19053,0.21047,0.33404,
1403715972,0.32263,-2.39477,0.73101,0.49732,0.51437,-0.50416,0.48365,0.21530,0.51339,0.29916,
1403715973,0.34741,-2.33359,0.75933,0.48732,0.52303,-0.51297,0.47520,0.24287,0.79547,0.23201,
1403715973,0.37535,-2.24681,0.78203,0.45841,0.54132,-0.53940,0.45373,0.26305,1.00610,0.18049,
1403715973,0.40352,-2.14106,0.79526,-0.42254,-0.55901,0.57020,-0.42877,0.26776,1.11899,0.07255,
1403715973,0.43069,-2.03013,0.79938,-0.39170,-0.57170,0.59620,-0.40531,0.25405,1.12605,0.00440,
1403715973,0.45743,-1.92193,0.79794,-0.38534,-0.56970,0.60539,-0.40057,0.21828,1.07227,-0.03651,
1403715973,0.47884,-1.81802,0.79136,-0.38984,-0.55633,0.60694,-0.41249,0.17447,1.01910,-0.08257,
1403715973,0.49045,-1.71803,0.78360,-0.39516,-0.54540,0.60709,-0.42170,0.09700,1.00883,-0.07484,
1403715973,0.49212,-1.61707,0.77687,-0.39980,-0.54313,0.60629,-0.42140,0.01752,1.01363,-0.06588,
1403715973,0.48619,-1.51483,0.77033,-0.39670,-0.54328,0.60987,-0.41896,-0.05370,1.02255,-0.06844,
1403715973,0.47310,-1.41241,0.76263,-0.38824,-0.55001,0.61688,-0.40770,-0.13394,1.01314,-0.07954,
1403715974,0.45358,-1.31356,0.75517,-0.37758,-0.55752,0.62507,-0.39483,-0.19490,0.94957,-0.05025,
1403715974,0.42953,-1.22141,0.75103,-0.36391,-0.56096,0.63441,-0.38784,-0.25831,0.85566,-0.03123,
1403715974,0.39871,-1.13745,0.74775,-0.34833,-0.56207,0.64399,-0.38474,-0.33529,0.74250,-0.03424,
1403715974,0.35754,-1.06996,0.74592,-0.33859,-0.56312,0.64914,-0.38322,-0.44866,0.59124,-0.02005,
1403715974,0.30493,-1.02109,0.74583,-0.33403,-0.56639,0.65048,-0.38015,-0.55381,0.43079,-0.00912,
1403715974,0.24301,-0.98893,0.74832,-0.34584,-0.57090,0.64137,-0.37831,-0.64365,0.26282,0.04526,
1403715974,0.17488,-0.97354,0.75390,-0.36331,-0.57233,0.62855,-0.38129,-0.70323,0.13158,0.05138,
1403715974,0.10191,-0.96822,0.75773,-0.37654,-0.57079,0.61827,-0.38751,-0.73906,0.03857,0.01729,
1403715974,0.02783,-0.97051,0.75577,-0.38228,-0.57296,0.61285,-0.38729,-0.74776,-0.02173,-0.04472,
1403715974,-0.04837,-0.97796,0.74571,-0.38190,-0.57592,0.61148,-0.38544,-0.76774,-0.08539,-0.10791,
1403715975,-0.12581,-0.99134,0.73258,-0.38447,-0.57620,0.60855,-0.38710,-0.77839,-0.15371,-0.11466,
1403715975,-0.20439,-1.01085,0.71898,-0.39012,-0.57436,0.60377,-0.39163,-0.77611,-0.20808,-0.12437,
1403715975,-0.28227,-1.03393,0.70431,-0.39430,-0.57235,0.60017,-0.39589,-0.78181,-0.23840,-0.14652,
1403715975,-0.35988,-1.05927,0.68692,-0.39544,-0.57207,0.59839,-0.39787,-0.77371,-0.26238,-0.15997,
1403715975,-0.43629,-1.08746,0.67023,-0.39655,-0.57254,0.59629,-0.39923,-0.76242,-0.28241,-0.17087,
1403715975,-0.51280,-1.11618,0.65329,-0.39822,-0.57415,0.59301,-0.40015,-0.75340,-0.29246,-0.16271,
1403715975,-0.58768,-1.14713,0.63784,-0.40018,-0.57748,0.58875,-0.39969,-0.74082,-0.30991,-0.14399,
1403715975,-0.66107,-1.17873,0.62276,-0.40195,-0.58144,0.58471,-0.39809,-0.71031,-0.33163,-0.11943,
1403715975,-0.73159,-1.21278,0.61243,0.40475,0.58367,-0.57965,0.39940,-0.66985,-0.34892,-0.06942,
1403715975,-0.79714,-1.24618,0.60763,0.41056,0.58408,-0.57288,0.40261,-0.62501,-0.33479,-0.01445,
1403715976,-0.85888,-1.27820,0.60826,0.41567,0.58508,-0.56691,0.40437,-0.56552,-0.30116,0.02715,
1403715976,-0.91578,-1.30755,0.61242,0.41105,0.58720,-0.56846,0.40385,-0.51680,-0.28947,0.07043,
1403715976,-0.96721,-1.33675,0.62088,0.40721,0.58867,-0.57026,0.40305,-0.46707,-0.28144,0.09704,
1403715976,-1.01297,-1.36584,0.63216,0.40501,0.58907,-0.57167,0.40269,-0.42414,-0.29292,0.10979,
1403715976,-1.05484,-1.39663,0.64490,0.40293,0.59045,-0.57328,0.40046,-0.37747,-0.30572,0.11107,
1403715976,-1.09135,-1.42757,0.65592,0.40188,0.59194,-0.57460,0.39741,-0.33919,-0.31530,0.10442,
1403715976,-1.12414,-1.45927,0.66841,0.40211,0.59128,-0.57554,0.39680,-0.28983,-0.32721,0.11103,
1403715976,-1.15206,-1.49255,0.67982,0.40647,0.58987,-0.57436,0.39616,-0.24648,-0.33517,0.11119,
1403715976,-1.17612,-1.52734,0.69235,0.41008,0.58894,-0.57378,0.39466,-0.20593,-0.35256,0.10746,
1403715976,-1.19387,-1.56391,0.70209,0.41492,0.59093,-0.56996,0.39216,-0.13038,-0.36634,0.08165,
1403715977,-1.20272,-1.60121,0.70924,0.41588,0.59706,-0.56307,0.39181,-0.04464,-0.37649,0.05568,
1403715977,-1.20427,-1.63906,0.71379,0.41161,0.60585,-0.55395,0.39581,0.04612,-0.37352,0.03212,
1403715977,-1.19680,-1.67612,0.71638,0.40086,0.61266,-0.54722,0.40560,0.12310,-0.37348,0.01030,
1403715977,-1.18416,-1.71314,0.71750,0.39258,0.61819,-0.54134,0.41312,0.17089,-0.37678,0.00609,
1403715977,-1.16616,-1.75010,0.71764,0.38748,0.62263,-0.53619,0.41796,0.21745,-0.37036,-0.00450,
1403715977,-1.14250,-1.78636,0.71783,0.38280,0.62817,-0.52932,0.42272,0.26710,-0.36977,-0.00418,
1403715977,-1.11283,-1.82067,0.71577,0.37647,0.63599,-0.51989,0.42836,0.32719,-0.35723,-0.01064,
1403715977,-1.07640,-1.85511,0.71251,0.36782,0.64709,-0.50575,0.43611,0.39425,-0.34625,-0.03460,
1403715977,-1.03383,-1.88882,0.70821,0.35652,0.66162,-0.48666,0.44532,0.45571,-0.33237,-0.02785,
1403715977,-0.98538,-1.92141,0.70437,0.34053,0.67720,-0.46486,0.45754,0.50563,-0.30887,-0.05208,
1403715978,-0.93193,-1.95158,0.70004,0.32369,0.69484,-0.43871,0.46899,0.56076,-0.29202,-0.03396,
1403715978,-0.87312,-1.98095,0.69583,0.30422,0.71106,-0.41016,0.48334,0.61526,-0.27580,-0.04234,
1403715978,-0.81088,-2.00708,0.68995,0.28132,0.72741,-0.38127,0.49635,0.63675,-0.23058,-0.06220,
1403715978,-0.74531,-2.02877,0.68506,0.26038,0.74274,-0.34855,0.50898,0.66608,-0.20440,-0.06133,
1403715978,-0.67700,-2.04692,0.68004,0.24430,0.75648,-0.31022,0.52137,0.69442,-0.15263,-0.03323,
1403715978,-0.60609,-2.05713,0.67569,0.22987,0.76947,-0.26736,0.53253,0.72004,-0.07644,-0.04359,
1403715978,-0.53249,-2.05837,0.67088,0.21530,0.78032,-0.22112,0.54392,0.74554,0.02132,-0.05459,
1403715978,-0.45547,-2.05158,0.66413,0.20071,0.79035,-0.17656,0.55126,0.78209,0.13614,-0.07125,
1403715978,-0.37773,-2.02993,0.65835,0.18000,0.79647,-0.13773,0.56060,0.78675,0.28684,-0.05298,
1403715978,-0.29747,-1.99464,0.65136,0.14970,0.80001,-0.10797,0.57088,0.80712,0.41376,-0.08214,
1403715979,-0.21839,-1.94552,0.64174,0.10993,0.80298,-0.08460,0.57964,0.79211,0.53414,-0.10189,
1403715979,-0.14120,-1.88699,0.63154,0.07002,0.80270,-0.05882,0.58933,0.74762,0.61831,-0.12642,
1403715979,-0.06905,-1.82274,0.61923,0.03561,0.80455,-0.02775,0.59217,0.68423,0.66146,-0.11675,
1403715979,-0.00495,-1.75456,0.60732,0.00888,0.80740,0.00926,0.58986,0.61166,0.69201,-0.11369,
1403715979,0.05402,-1.68294,0.59664,-0.01554,0.81001,0.04981,0.58410,0.56968,0.72158,-0.08355,
1403715979,0.10682,-1.60735,0.59022,-0.03936,0.80884,0.09274,0.57934,0.51981,0.76422,-0.05003,
1403715979,0.15641,-1.52743,0.58832,-0.07085,0.80006,0.13191,0.58093,0.45289,0.80968,0.01391,
1403715979,0.19758,-1.44462,0.59437,-0.10670,0.78230,0.16964,0.58978,0.37464,0.82142,0.09845,
1403715979,0.23248,-1.36195,0.60552,-0.13653,0.75996,0.21153,0.59923,0.27314,0.81727,0.10042,
1403715979,0.25345,-1.28089,0.61627,-0.15538,0.74302,0.25758,0.59786,0.13813,0.79671,0.09339,
1403715980,0.26094,-1.20090,0.62690,-0.17322,0.72963,0.29849,0.59037,-0.00726,0.79970,0.11054,
1403715980,0.25764,-1.11883,0.63653,-0.19435,0.71850,0.33344,0.57862,-0.14887,0.81108,0.12414,
1403715980,0.23052,-1.04038,0.64883,-0.21870,0.70359,0.36744,0.56755,-0.30561,0.81224,0.13927,
1403715980,0.19385,-0.95919,0.66171,-0.24631,0.68402,0.39894,0.55883,-0.45679,0.79496,0.13866,
1403715980,0.13869,-0.88274,0.67610,-0.27648,0.66100,0.42870,0.55032,-0.60194,0.75508,0.14778,
1403715980,0.07034,-0.81106,0.69080,-0.30764,0.63478,0.45743,0.54145,-0.74812,0.68915,0.15846,
1403715980,-0.01477,-0.74949,0.70256,-0.33509,0.60877,0.48669,0.52938,-0.89515,0.59225,0.13922,
1403715980,-0.10956,-0.69189,0.71388,-0.36342,0.58585,0.51414,0.51027,-1.01641,0.49423,0.10592,
1403715980,-0.21976,-0.65568,0.72166,-0.38999,0.56509,0.54167,0.48495,-1.13065,0.36566,0.08216,
1403715980,-0.33606,-0.62429,0.73023,-0.41800,0.54088,0.56681,0.45984,-1.20517,0.24042,0.08050,
1403715981,-0.46136,-0.60127,0.73931,-0.44968,0.51332,0.58795,0.43430,-1.26288,0.10890,0.07064,
1403715981,-0.58631,-0.58252,0.74538,-0.47745,0.48577,0.61019,0.40464,-1.27421,-0.01170,0.05885,
1403715981,-0.71289,-0.58350,0.74906,0.50032,-0.45586,-0.63359,-0.37475,-1.25362,-0.14034,0.02641,
1403715981,-0.83708,-0.59450,0.74860,0.51930,-0.42651,-0.65746,-0.34083,-1.21574,-0.25120,0.01071,
1403715981,-0.95849,-0.60546,0.74566,0.53744,-0.39422,-0.67928,-0.30714,-1.16587,-0.33352,0.01090,
1403715981,-1.07403,-0.64128,0.74837,0.55789,-0.35739,-0.69727,-0.27359,-1.07626,-0.42880,0.02576,
1403715981,-1.17875,-0.68523,0.74975,0.57733,-0.31739,-0.71314,-0.23955,-0.97910,-0.50788,0.01453,
1403715981,-1.26891,-0.74170,0.75158,0.59284,-0.27310,-0.72873,-0.20717,-0.85624,-0.60116,0.03031,
1403715981,-1.34532,-0.80486,0.75463,0.60678,-0.22791,-0.74231,-0.16986,-0.71359,-0.65551,0.05034,
1403715981,-1.40387,-0.87376,0.75942,0.61952,-0.18124,-0.75272,-0.12942,-0.55278,-0.70254,0.05614,
1403715982,-1.44421,-0.94594,0.76368,0.63414,-0.13286,-0.75663,-0.08790,-0.36970,-0.73394,0.09000,
1403715982,-1.45871,-1.02345,0.77133,0.64688,-0.08152,-0.75658,-0.04984,-0.14733,-0.75354,0.09324,
1403715982,-1.45355,-1.09936,0.77593,0.64952,-0.02897,-0.75963,-0.01605,0.07937,-0.76527,0.04551,
1403715982,-1.43193,-1.17791,0.77648,0.63396,0.02076,-0.77290,0.01708,0.28883,-0.76113,0.01522,
1403715982,-1.39673,-1.25751,0.77629,0.61465,0.06763,-0.78441,0.04835,0.42301,-0.75270,0.01712,
1403715982,-1.35209,-1.33915,0.77748,0.60300,0.11133,-0.78624,0.07629,0.52296,-0.74688,0.02972,
1403715982,-1.29700,-1.42078,0.78020,0.59569,0.15136,-0.78202,0.10340,0.60767,-0.74030,0.03258,
1403715982,-1.23378,-1.49794,0.78453,0.58940,0.18923,-0.77458,0.12970,0.68015,-0.73363,0.04997,
1403715982,-1.15887,-1.57318,0.78879,0.58124,0.22494,-0.76619,0.15660,0.75663,-0.72198,0.04794,
1403715982,-1.08032,-1.64296,0.79327,0.57238,0.25994,-0.75578,0.18332,0.82555,-0.69757,0.04261,
1403715983,-0.99763,-1.70992,0.79516,0.56342,0.29659,-0.74227,0.20887,0.90269,-0.65334,0.02960,
1403715983,-0.90521,-1.77574,0.79809,0.55336,0.33305,-0.72600,0.23621,0.98336,-0.62247,0.02757,
1403715983,-0.80512,-1.83877,0.80051,0.53980,0.36943,-0.70857,0.26471,1.05000,-0.58439,0.01228,
1403715983,-0.69757,-1.89444,0.80268,0.52408,0.40633,-0.68861,0.29334,1.10336,-0.51821,0.02163,
1403715983,-0.58448,-1.94199,0.80358,0.50762,0.44383,-0.66646,0.31806,1.15694,-0.44193,0.02250,
1403715983,-0.46674,-1.98133,0.80454,-0.48997,-0.47622,0.64341,-0.34520,1.19137,-0.37473,-0.00659,
1403715983,-0.34599,-2.01160,0.80462,-0.47065,-0.50795,0.61881,-0.37088,1.22773,-0.30153,-0.00112,
1403715983,-0.22155,-2.03669,0.80459,-0.44957,-0.53808,0.59161,-0.39794,1.24245,-0.22783,-0.00634,
1403715983,-0.09692,-2.05418,0.80403,0.42836,0.56898,-0.56037,0.42279,1.25075,-0.14205,-0.01288,
1403715983,0.02758,-2.06310,0.80283,0.40341,0.59889,-0.52713,0.44803,1.24750,-0.04917,-0.01352,
1403715984,0.15150,-2.06455,0.80398,0.37912,0.62033,-0.48928,0.48173,1.22315,0.04253,0.00153,
1403715984,0.27374,-2.05918,0.80743,0.35402,0.63634,-0.45051,0.51651,1.17003,0.15196,0.00765,
1403715984,0.38854,-2.04079,0.80979,0.32662,0.65079,-0.41373,0.54646,1.07556,0.28188,0.00810,
1403715984,0.49078,-2.00556,0.81064,0.29818,0.66645,-0.37917,0.56847,0.95418,0.42376,0.01605,
1403715984,0.57504,-1.95488,0.81422,0.26957,0.68182,-0.34533,0.58584,0.79719,0.55411,0.02142,
1403715984,0.64726,-1.89653,0.81600,0.23965,0.69734,-0.31475,0.59767,0.63669,0.66763,0.01278,
1403715984,0.70089,-1.81968,0.82060,0.20898,0.71474,-0.28641,0.60286,0.46862,0.76390,0.02659,
1403715984,0.75374,-1.74812,0.82159,0.17798,0.73013,-0.26051,0.60611,0.32821,0.81172,0.04131,
1403715984,0.77504,-1.66416,0.82915,0.15066,0.74126,-0.23167,0.61169,0.16688,0.84619,0.07065,
1403715984,0.80063,-1.58403,0.83685,0.12869,0.75013,-0.20080,0.61678,0.02832,0.86504,0.07667,
1403715985,0.81265,-1.50016,0.84622,0.10741,0.76187,-0.16887,0.61604,-0.09563,0.87278,0.06865,
1403715985,0.79074,-1.41232,0.85218,0.08646,0.78012,-0.13295,0.60519,-0.21457,0.87698,0.04359,
1403715985,0.76902,-1.32316,0.85660,0.05967,0.79500,-0.09657,0.59589,-0.28135,0.89479,0.03145,
1403715985,0.73376,-1.23475,0.86110,0.02240,0.80059,-0.06277,0.59549,-0.33031,0.87142,0.04751,
1403715985,0.69748,-1.15162,0.86416,-0.01135,0.80165,-0.02816,0.59702,-0.38268,0.80791,0.02865,
1403715985,0.65284,-1.07724,0.86710,-0.03399,0.79977,0.00864,0.59929,-0.44138,0.73274,0.03954,
1403715985,0.61007,-1.00529,0.86719,-0.04582,0.79891,0.03792,0.59850,-0.50604,0.66294,0.03278,
1403715985,0.55139,-0.94947,0.87157,-0.04994,0.79708,0.05900,0.59890,-0.56564,0.60016,0.04685,
1403715985,0.49418,-0.89533,0.87434,-0.03869,0.79607,0.07719,0.59902,-0.61988,0.57372,0.04679,
1403715985,0.43250,-0.82768,0.88068,-0.03300,0.79658,0.07732,0.59866,-0.68509,0.59143,0.02678,
1403715986,0.36828,-0.75816,0.88729,-0.03183,0.80432,0.06070,0.59023,-0.72776,0.61012,0.01148,
1403715986,0.29494,-0.69278,0.88694,-0.02708,0.81934,0.03994,0.57128,-0.74716,0.62166,-0.01688,
1403715986,0.22189,-0.62636,0.88293,-0.02309,0.83643,0.02014,0.54722,-0.70839,0.63350,-0.07983,
1403715986,0.15433,-0.56215,0.87356,-0.02792,0.84794,-0.00285,0.52935,-0.61924,0.61080,-0.15033,
1403715986,0.08751,-0.49515,0.85789,-0.02996,0.84848,-0.02104,0.52797,-0.50925,0.57961,-0.25603,
1403715986,0.03166,-0.43055,0.82804,-0.02952,0.84314,-0.03309,0.53586,-0.43567,0.54212,-0.38290,
1403715986,-0.02830,-0.35731,0.78755,-0.02902,0.83638,-0.04230,0.54574,-0.35955,0.49536,-0.46781,
1403715986,-0.07651,-0.29881,0.73892,-0.02902,0.83117,-0.04713,0.55326,-0.30937,0.40944,-0.48083,
1403715986,-0.11679,-0.25084,0.69083,-0.01910,0.82672,-0.04237,0.56069,-0.27914,0.33867,-0.45640,
1403715986,-0.16447,-0.20280,0.64511,-0.00629,0.81824,-0.03455,0.57381,-0.30077,0.30942,-0.47711,
1403715987,-0.20580,-0.16272,0.59328,0.00028,0.82177,-0.02857,0.56910,-0.31703,0.29090,-0.54596,
1403715987,-0.23680,-0.13294,0.53727,0.00284,0.83594,-0.02449,0.54826,-0.28696,0.27584,-0.57284,
1403715987,-0.26386,-0.10135,0.48039,0.00273,0.84815,-0.02263,0.52927,-0.19034,0.26859,-0.54419,
1403715987,-0.27624,-0.07387,0.43015,0.00297,0.84996,-0.02051,0.52644,-0.05339,0.25458,-0.47209,
1403715987,-0.27850,-0.04704,0.38566,0.00287,0.84378,-0.02063,0.53629,0.04537,0.24161,-0.44445,
1403715987,-0.27420,-0.02326,0.34583,0.00131,0.83020,-0.02977,0.55667,0.10017,0.21565,-0.40529,
1403715987,-0.26366,-0.00351,0.30968,-0.00263,0.81664,-0.04793,0.57515,0.10045,0.18234,-0.40562,
1403715987,-0.25664,0.01238,0.27319,-0.00467,0.80535,-0.06855,0.58881,0.06006,0.12234,-0.38249,
1403715987,-0.25229,0.02023,0.23806,-0.00021,0.79901,-0.08393,0.59543,0.00161,0.03969,-0.36647,
1403715987,-0.25279,0.02094,0.20378,0.01620,0.79986,-0.08472,0.59395,-0.06036,-0.01817,-0.34500,
1403715988,-0.25890,0.01714,0.17025,0.03115,0.80487,-0.08105,0.58706,-0.10045,-0.03948,-0.32309,
1403715988,-0.26754,0.01396,0.13662,0.03852,0.81019,-0.07844,0.57961,-0.12601,-0.05043,-0.30116,
1403715988,-0.27917,0.00813,0.10683,0.04232,0.81295,-0.07492,0.57594,-0.12986,-0.04803,-0.28341,
1403715988,-0.29117,0.00300,0.07647,0.04399,0.82047,-0.07138,0.56551,-0.13176,-0.03606,-0.30569,
1403715988,-0.30213,-0.00150,0.04668,0.04287,0.82960,-0.06890,0.55244,-0.09892,-0.03691,-0.28228,
1403715988,-0.30711,-0.00434,0.01852,0.04205,0.83418,-0.06587,0.54593,-0.03054,-0.02944,-0.24252,
1403715988,-0.30712,-0.00723,-0.00362,0.04082,0.82940,-0.06294,0.55359,0.02466,-0.03047,-0.20220,
1403715988,-0.30215,-0.01002,-0.02287,0.04157,0.82232,-0.05889,0.56444,0.05146,-0.02786,-0.18142,
1403715988,-0.29674,-0.01075,-0.04033,0.04332,0.81521,-0.05531,0.57489,0.04471,0.00091,-0.16124,
1403715988,-0.28941,-0.01182,-0.05440,0.03933,0.81028,-0.05639,0.58199,0.04140,0.01533,-0.13709,
1403715989,-0.28453,-0.01139,-0.06844,0.03040,0.80787,-0.06244,0.58525,0.01359,0.02052,-0.12940,
1403715989,-0.28332,-0.01007,-0.08120,0.02107,0.80770,-0.06980,0.58507,-0.01924,0.00768,-0.11639,
1403715989,-0.28341,-0.01089,-0.09125,0.01222,0.81021,-0.07733,0.58089,-0.05024,-0.03323,-0.10488,
1403715989,-0.28934,-0.01685,-0.10033,0.01280,0.81632,-0.07811,0.57214,-0.07008,-0.08932,-0.08065,
1403715989,-0.29601,-0.02745,-0.10696,0.02019,0.82138,-0.07448,0.56513,-0.06009,-0.13536,-0.04445,
1403715989,-0.30144,-0.04157,-0.11037,0.02752,0.82316,-0.07097,0.56268,-0.04429,-0.15484,-0.02411,
1403715989,-0.30565,-0.05758,-0.11278,0.03190,0.82355,-0.06972,0.56204,-0.02827,-0.17109,-0.01500,
1403715989,-0.30943,-0.07391,-0.11433,0.03421,0.82397,-0.06969,0.56130,-0.00430,-0.17795,-0.01192,
1403715989,-0.31457,-0.09218,-0.11624,0.03538,0.82308,-0.07018,0.56247,0.00178,-0.18411,-0.01032,
1403715989,-0.31433,-0.11154,-0.11513,0.03662,0.82292,-0.07013,0.56262,0.01876,-0.18246,-0.00781,
1403715990,-0.31287,-0.13229,-0.11449,0.03599,0.82329,-0.07089,0.56203,0.03929,-0.19064,-0.00908,
1403715990,-0.30806,-0.15411,-0.11365,0.03817,0.81969,-0.06958,0.56728,0.06236,-0.20743,0.00691,
1403715990,-0.30219,-0.17524,-0.11475,0.04029,0.81424,-0.06757,0.57517,0.06660,-0.19818,-0.03425,
1403715990,-0.29556,-0.19528,-0.11983,0.04273,0.81120,-0.06489,0.57958,0.06074,-0.18522,-0.07759,
1403715990,-0.29063,-0.21398,-0.12847,0.04644,0.81000,-0.06096,0.58141,0.03892,-0.16982,-0.10015,
1403715990,-0.28766,-0.22972,-0.13828,0.04745,0.81074,-0.05836,0.58055,0.02220,-0.14615,-0.09280,
1403715990,-0.28463,-0.24746,-0.14814,0.04698,0.81192,-0.05682,0.57909,0.00578,-0.12871,-0.11870,
1403715990,-0.28500,-0.25647,-0.16121,0.04716,0.81365,-0.05518,0.57681,-0.00566,-0.09510,-0.14557,
1403715990,-0.28644,-0.26080,-0.17530,0.04799,0.81435,-0.05355,0.57590,-0.01033,-0.05655,-0.14485,
1403715990,-0.27414,-0.29724,-0.19525,0.04630,0.81647,-0.05044,0.57331,0.02206,-0.07217,-0.20618,
1403715991,-0.28640,-0.25799,-0.21477,0.05003,0.81706,-0.05065,0.57214,0.00416,0.03319,-0.27805,
1403715991,-0.28515,-0.25503,-0.24602,0.05021,0.81967,-0.04969,0.56846,0.01665,0.06798,-0.31767,
1403715991,-0.28572,-0.24705,-0.28067,0.04969,0.82288,-0.04903,0.56390,0.03065,0.10437,-0.33165,
1403715991,-0.28213,-0.23500,-0.31357,0.04930,0.82534,-0.04857,0.56037,0.05213,0.14117,-0.29502,
1403715991,-0.27567,-0.21877,-0.34331,0.04984,0.82741,-0.04797,0.55732,0.09464,0.18500,-0.25374,
1403715991,-0.26365,-0.19790,-0.36941,0.05097,0.82588,-0.04653,0.55961,0.13705,0.23381,-0.18328,
1403715991,-0.24830,-0.17535,-0.38475,0.04553,0.81857,-0.05034,0.57038,0.09512,0.17077,-0.00811,
1403715991,-0.24496,-0.16461,-0.38406,0.05466,0.81940,-0.04278,0.56900,0.00144,0.03632,0.02978,
1403715991,-0.24525,-0.16527,-0.38457,0.05366,0.81668,-0.04464,0.57285,-0.02952,-0.05535,-0.09122,
1403715991,-0.24567,-0.16472,-0.39003,0.04678,0.81725,-0.04978,0.57221,0.00858,0.04572,0.04297,
1403715992,-0.24557,-0.16544,-0.39024,0.04537,0.81734,-0.05062,0.57213,-0.00807,-0.00218,-0.02500,
1403715992,-0.24543,-0.16508,-0.39002,0.04479,0.81723,-0.05113,0.57229,0.00496,0.00108,-0.02051,
1403715992,-0.24644,-0.16491,-0.39064,0.04407,0.81687,-0.05122,0.57285,-0.00052,0.00078,0.00822,
1403715992,-0.24615,-0.16500,-0.39080,0.04401,0.81717,-0.05136,0.57242,-0.00313,0.00140,-0.00165,
1403715992,-0.24616,-0.16499,-0.39077,0.04427,0.81722,-0.05121,0.57233,-0.00183,-0.00116,-0.00053,
1403715992,-0.24621,-0.16494,-0.39077,0.04421,0.81712,-0.05118,0.57249,0.00006,-0.00072,0.00385,
1403715992,-0.24633,-0.16501,-0.39073,0.04425,0.81706,-0.05106,0.57258,-0.00107,0.00059,0.00268,
1403715992,-0.24627,-0.16500,-0.39075,0.04422,0.81726,-0.05100,0.57230,-0.00265,-0.00247,0.00343,
1403715992,-0.24626,-0.16497,-0.39080,0.04412,0.81726,-0.05107,0.57230,-0.00048,0.00048,0.00122,
1403715992,-0.24629,-0.16499,-0.39082,0.04408,0.81719,-0.05112,0.57240,-0.00035,0.00110,0.00089,
1403715993,-0.24631,-0.16499,-0.39083,0.04402,0.81717,-0.05113,0.57243,-0.00154,-0.00098,0.00222,
1403715993,-0.24632,-0.16497,-0.39083,0.04416,0.81721,-0.05110,0.57237,-0.00107,0.00017,0.00341,
1403715993,-0.24629,-0.16502,-0.39088,0.04398,0.81719,-0.05113,0.57241,-0.00091,-0.00052,0.00089,
1403715993,-0.24630,-0.16500,-0.39090,0.04407,0.81722,-0.05116,0.57235,-0.00100,-0.00128,0.00338,
1403715993,-0.24631,-0.16504,-0.39092,0.04399,0.81720,-0.05112,0.57240,-0.00127,-0.00065,0.00264,
1403715993,-0.24628,-0.16505,-0.39094,0.04400,0.81723,-0.05110,0.57235,-0.00026,0.00000,0.00314,
1403715993,-0.24627,-0.16506,-0.39097,0.04400,0.81722,-0.05112,0.57237,-0.00005,-0.00123,0.00049,
1403715993,-0.24628,-0.16504,-0.39096,0.04398,0.81719,-0.05110,0.57241,-0.00075,-0.00154,-0.00037,
1403715993,-0.24628,-0.16506,-0.39099,0.04396,0.81714,-0.05108,0.57248,0.00059,-0.00041,0.00210,
1403715993,-0.24628,-0.16506,-0.39103,0.04387,0.81712,-0.05112,0.57251,0.00018,-0.00050,0.00155,
1403715994,-0.24625,-0.16506,-0.39103,0.04396,0.81713,-0.05104,0.57250,0.00015,-0.00099,0.00305,
1403715994,-0.24625,-0.16509,-0.39108,0.04397,0.81712,-0.05103,0.57252,-0.00160,-0.00039,0.00015,
1403715994,-0.24643,-0.16507,-0.39104,0.04416,0.81667,-0.05091,0.57316,0.00130,0.00917,-0.00219,
1403715994,-0.24637,-0.16524,-0.39120,0.04390,0.81673,-0.05093,0.57309,-0.00079,-0.00907,0.01629,
1403715994,-0.24605,-0.16515,-0.39129,0.04372,0.81736,-0.05114,0.57219,-0.00842,-0.00238,0.00561,
